# LBCH-2026-001 verification witness — THREE-WAY per-vector sigCheck record, post-fix.
#
# Re-measurement of the CHECKMULTISIG Schnorr billing fix (commit 06cc3a3) against BOTH reference
# engines. Supersedes nothing; it ADDS the BCHN (consensus) leg that the fix-time artifact
# LBCH-2026-001-fix-deltas.tsv lacked, which is what left the soundness direction unclosed.
#
# ENGINE / CORPUS VERSIONS
#   leanbch = ./.lake/build/bin/costprobe @ LeanBCH commit 06cc3a3, LEANBCH_SECP=native
#             (oracle banner: "native(libsecp256k1/BCHN-vendored)")
#   bchn    = legs/bchn/bchn-leg of bch-conformance, linking BCHN's own script engine built from
#             bchn-src @ 864c53ee34924cca6c6b6d96607ff2cedcdccf02 (v29.0.1), run with --mode consensus
#   libauth = @bitauth/libauth 3.1.0-next.8 at LeanBCH/optimizer/node_modules,
#             createVirtualMachineBch2026(); verify() for the verdict, evaluate().metrics for counts
#   corpus  = vmb_tests, the 11 signature families, 5,803 vectors, 4,467 metric-comparable.
#             Read from bchd-src/txscript/data/vmb_tests @ 1c26e26; all 18 family files are
#             byte-identical (cmp) to bchn-src/src/test/data/vmb_tests @ 864c53e.
#   Measured 2026-07-21.
#
# DRIVER VALIDATION (done BEFORE any use): the libauth driver reproduces the committed witness
#   conformance/evidence/LBCH-2026-001-rootcause.tsv on 0u4tu8 exactly (sigChecks 1, hashIters 22,
#   opCost 30962). The costprobe run reproduces all 1,486 rows of LBCH-2026-001-fix-deltas.tsv on
#   three independent columns (sigChecksAfter, libauthSigChecks, opCostAfter) with 0 mismatches.
#
# sigBefore is the pre-fix LeanBCH count, reconstructed from the committed fix-deltas artifact
# (which lists every vector that MOVED); vectors absent from it did not move, so before == after.
#
# HEADLINE — sigChecks, over the 4467 metric-comparable vectors:
#   vs libauth : before agree/over/under = (2229, 1912, 326)
#                after  agree/over/under = (2799, 1342, 326)
#   vs BCHN    : before agree/over/under = (1549, 2594, 324)
#                after  agree/over/under = (1759, 2384, 324)
#
# SOUNDNESS DIRECTION (LeanBCH billing LESS than consensus):
#   324 vectors bill under BCHN. ALL of them are vectors LeanBCH REJECTS
#   (leanVerdict=0) and BCHN accepts; 0 of them are new (the fix introduced none).
#   On the 1817 vectors LeanBCH ACCEPTS: under=0, agree=1547, over=270
#   — an under-bill on an accepted input is the only way a cost defect can cause a wrong ACCEPT,
#   and there are none, before or after the fix.
#   Cause of the 324: all are core.signing-serialization Schnorr-multisig vectors whose
#   locking script carries FOUR signature ops; LeanBCH errors at the first CHECKMULTISIG with a
#   non-empty dummy (the deferred branch, LeanBCH/VM/Extended.lean:228) and never executes -- hence
#   never bills -- the remaining three. Deferral of EXECUTION, not a billing error.
#
# MULTISIG PARTITION (the families named *.multisig.*): comparable=1367, verdict-agreeing-with-libauth=1155
#   vs libauth, verdict-agreeing: before (333, 820, 2) -> after (477, 676, 2)  (agree/over/under)
#   The historical "2,617 verdict-agreeing multisig vectors / 1,255 / 1,360 / 2" is NOT reproducible:
#   the multisig families supply only 1908 vectors in total (1367 comparable), and a search over 11
#   candidate partitions x {libauth,bchn} x {before,after} found NO combination yielding that triple.
#   Its "under = 2" column DOES reproduce exactly: 0u4tu8 and g8xdap, both m-of-15, both LeanBCH 0 /
#   libauth 1 / BCHN 0 -- i.e. LeanBCH matches CONSENSUS and libauth is the outlier (LBCH-2026-003).
#
# columns: sigBefore/sigAfter = LeanBCH pre/post fix; sigLibauth, sigBchn = reference engines.
# leanVerdict: 1=accept 0=reject. bchnOutcome: BCHN's accept/reject. expected: corpus polarity.
vectorId	family	variant	expected	leanVerdict	bchnOutcome	sigBefore	sigAfter	sigLibauth	sigBchn	opCostAfter
009y97	core.signing-serialization	standard	1	1	accept	4	4	4	4	109801
00kmpz	core.signing-serialization	standard	1	0	accept	2	1	4	4	28996
00yx5p	core.signing-serialization	invalid	0	0	reject	3	1	0	0	29465
020v0e	core.data-signatures	standard	1	1	accept	1	1	1	1	26886
0286yt	core.signing-serialization	invalid	0	0	reject	1	1	1	0	27918
02armf	core.signing-serialization	invalid	0	0	reject	5	5	5	0	136493
02qzv6	core.signing-serialization	invalid	0	0	reject	5	5	5	0	136298
02r3pu	core.signature-checking.multisig.signing-serialization	standard	1	0	accept	3	2	2	2	54510
03eju4	core.data-signatures	standard	1	1	accept	1	1	1	1	27540
03gmqd	core.signing-serialization	invalid	0	0	reject	7	7	7	0	188927
03pu8c	core.signing-serialization	standard	1	0	accept	1	1	4	4	28495
03rku8	core.signing-serialization	standard	1	1	accept	8	8	8	8	215326
03rw7x	core.signature-checking.multisig.signing-serialization	standard	1	0	accept	3	2	2	2	54510
03uzgm	core.data-signatures	standard	1	1	accept	1	1	1	1	26903
047tz3	core.signing-serialization	invalid	0	0	reject	1	1	1	0	28583
04m8ce	core.signing-serialization	invalid	0	0	reject	7	7	7	0	189175
04w0d5	core.signing-serialization	standard	1	0	accept	3	1	4	4	29393
050ryr	core.signature-checking.multisig.m-of-15	invalid	0	0	reject	15	1	1	0	30862
052qpx	core.signing-serialization	invalid	0	0	reject	1	1	1	0	28482
06k33j	core.signing-serialization	invalid	0	1	reject	6	6	0	0	161833
06mncj	core.data-signatures	standard	1	1	accept	1	1	1	1	27456
06qssy	core.signing-serialization	invalid	0	0	reject	7	7	0	0	189175
06rr6t	core.signature-checking.multisig.m-of-15	standard	1	1	accept	15	15	15	15	394866
072km0	core.signature-checking.multisig.m-of-3	invalid	0	0	reject	3	2	0	0	54510
076wqt	core.signing-serialization	standard	1	1	accept	4	4	4	4	108447
07el37	core.signature-checking.multisig.m-of-3	invalid	0	0	reject	3	2	0	0	54540
07gqep	core.signing-serialization	invalid	0	0	reject	1	1	0	0	28578
07gtkk	core.signing-serialization	standard	1	1	accept	4	4	4	4	108447
07qne6	core.signature-checking.multisig.signing-serialization	standard	1	0	accept	3	2	2	2	54510
0820et	core.signing-serialization	standard	1	0	accept	3	1	4	4	29489
08eklp	core.signing-serialization	invalid	0	0	reject	3	1	1	0	29393
08hle3	core.signing-serialization	standard	1	0	accept	2	1	4	4	28996
08t98k	core.signature-checking.multisig.pubkey-validation	standard	1	0	accept	2	1	1	1	27922
08urtk	core.signing-serialization	standard	1	1	accept	6	6	6	6	161604
08wqfe	core.signing-serialization	standard	1	1	accept	8	8	8	8	215121
092c78	core.signing-serialization	standard	1	0	accept	2	1	4	4	28996
09cuxu	core.signing-serialization	standard	1	1	accept	4	4	4	4	108404
09s4cl	core.signing-serialization	standard	1	0	accept	3	1	4	4	29369
0a5ukr	core.signing-serialization	invalid	0	0	reject	7	7	0	0	189175
0a6t8h	core.data-signatures	standard	1	1	accept	1	1	1	1	26808
0ad0wr	core.signing-serialization	invalid	0	0	reject	7	7	7	0	189151
0ae6x6	core.signing-serialization	standard	1	1	accept	2	2	2	2	55313
0asa3s	core.signing-serialization	invalid	0	1	reject	6	6	0	0	162682
0avmm6	core.signature-checking.multisig.signing-serialization	standard	1	1	accept	3	3	3	3	79784
0awnhe	core.signing-serialization	standard	1	0	accept	1	1	4	4	28471
0c4gpz	core.signature-checking.multisig.m-of-20	standard	1	0	accept	20	2	2	2	59104
0ccq6x	core.signing-serialization	invalid	0	1	reject	4	4	0	0	109801
0cd4q7	core.signature-checking.multisig.m-of-3	invalid	0	0	reject	3	2	0	0	54524
0cfdt2	core.signing-serialization	invalid	0	0	reject	2	1	1	0	28996
0csyma	core.signing-serialization	invalid	0	0	reject	7	7	7	0	188956
0ddnvn	core.signing-serialization	invalid	0	0	reject	2	1	1	0	29105
0dflf0	core.signing-serialization	standard	1	0	accept	2	1	4	4	29073
0dhre9	core.signing-serialization	standard	1	0	accept	3	1	4	4	29393
0e9l6n	core.signature-checking.multisig.m-of-3	invalid	0	0	reject	3	2	1	0	54523
0eslc2	core.signing-serialization	invalid	0	0	reject	5	5	5	0	136503
0eu4ye	core.signing-serialization	invalid	0	1	reject	4	4	0	0	109862
0f235x	core.signing-serialization	invalid	0	0	reject	3	1	0	0	29465
0f38t3	core.signing-serialization	standard	1	1	accept	8	8	8	8	214391
0fjrvm	core.signing-serialization	invalid	0	0	reject	3	1	0	0	29489
0ft673	core.data-signatures	standard	1	1	accept	1	1	1	1	26809
0fvdze	core.signing-serialization	standard	1	0	accept	3	1	4	4	29489
0fzk0q	core.signature-checking.multisig.m-of-3	invalid	0	0	reject	3	2	1	0	54517
0gc03x	core.signature-checking.multisig.m-of-3	invalid	0	0	reject	3	2	0	0	54541
0gd7sy	core.signing-serialization	standard	1	0	accept	1	1	4	4	28471
0gj7hx	core.data-signatures	standard	1	1	accept	1	1	1	1	27420
0gvec6	core.signature-checking.multisig.m-of-3	invalid	0	0	reject	3	2	2	0	54517
0gzwyq	core.signature-checking.multisig.signing-serialization	standard	1	0	accept	3	2	2	2	54534
0hgdca	core.signing-serialization	standard	1	1	accept	4	4	4	4	107760
0hpxgu	core.signing-serialization	standard	1	0	accept	3	1	4	4	29369
0hq5n9	core.signing-serialization	standard	1	0	accept	2	1	4	4	29068
0ht5z3	core.signing-serialization	invalid	0	0	reject	1	1	1	0	27845
0htk87	core.signing-serialization	invalid	0	0	reject	7	7	7	0	189180
0j0a6m	core.signature-checking.multisig.m-of-3	invalid	0	0	reject	3	2	0	0	54517
0j8gc8	core.data-signatures	standard	1	1	accept	1	1	1	1	26805
0jwxl0	core.data-signatures	standard	1	1	accept	1	1	1	1	27557
0k7ely	core.signing-serialization	invalid	0	0	reject	7	7	7	0	188927
0k87ea	core.signing-serialization	invalid	0	0	reject	3	1	0	0	29489
0khjwf	core.data-signatures	standard	1	1	accept	1	1	1	1	26891
0knhgk	core.data-signatures	standard	1	1	accept	1	1	1	1	28419
0l27s8	core.signing-serialization	invalid	0	0	reject	1	1	1	0	27882
0l5upk	core.signing-serialization	invalid	0	0	reject	3	1	1	0	29489
0l92g9	core.signature-checking.multisig.m-of-3	invalid	0	0	reject	3	2	1	0	54534
0l9sju	core.signature-checking.multisig.signing-serialization	standard	1	0	accept	3	2	2	2	54510
0lhvxs	core.signature-checking.multisig.m-of-3	invalid	0	0	reject	3	2	0	0	54540
0lzdhx	core.data-signatures	standard	1	1	accept	1	1	1	1	28513
0mdmf4	core.signing-serialization	standard	1	1	accept	6	6	6	6	162658
0mkcak	core.signing-serialization	invalid	0	0	reject	1	1	1	0	28508
0mpz32	core.signing-serialization	invalid	0	0	reject	7	7	0	0	189156
0myx4l	core.signing-serialization	invalid	0	0	reject	2	1	1	0	28972
0ncspw	core.signature-checking.multisig.m-of-20	invalid	0	0	reject	20	2	1	0	59118
0nf930	core.signing-serialization	standard	1	0	accept	2	1	4	4	28996
0nucey	core.signature-checking.multisig.m-of-20	invalid	0	0	reject	20	2	1	0	59080
0nujwy	core.signing-serialization	standard	1	1	accept	4	4	4	4	108881
0nunem	core.signature-checking.multisig.m-of-3	invalid	0	0	reject	3	2	0	0	54540
0pas6j	core.signing-serialization	standard	1	1	accept	4	4	4	4	107827
0q276w	core.signature-checking.multisig.m-of-3	invalid	0	0	reject	3	1	1	0	28055
0q84w4	core.signing-serialization	standard	1	1	accept	6	6	6	6	162439
0q85fk	core.signing-serialization	invalid	0	0	reject	2	1	1	0	28996
0qn4zd	core.signing-serialization	invalid	0	0	reject	7	7	7	0	188932
0quqyl	core.signing-serialization	invalid	0	0	reject	1	1	1	0	27894
0r4y2t	core.signing-serialization	standard	1	1	accept	8	8	8	8	214354
0rcts4	core.signature-checking.multisig.m-of-20	invalid	0	0	reject	20	8	0	0	221495
0rj3rj	core.signing-serialization	standard	1	1	accept	6	6	6	6	162439
0rs0dn	core.signing-serialization	standard	1	1	accept	4	4	4	4	108471
0s6gjd	core.signature-checking.multisig.m-of-15	invalid	0	0	reject	15	1	0	0	30868
0s9fav	core.data-signatures	standard	1	1	accept	1	1	1	1	27513
0sg4rj	core.signature-checking.multisig.pubkey-validation	invalid	0	0	reject	2	1	1	0	27922
0spjrw	core.data-signatures	standard	1	1	accept	1	1	1	1	27386
0svzd9	core.signing-serialization	standard	1	1	accept	6	6	6	6	162663
0sxd8n	core.signature-checking.multisig.m-of-20	invalid	0	0	reject	20	2	1	0	59080
0t258n	core.signing-serialization	standard	1	1	accept	6	6	6	6	162463
0tenug	core.signing-serialization	invalid	0	1	reject	8	8	0	0	214391
0tky8x	core.signing-serialization	invalid	0	0	reject	1	1	1	0	27913
0tn7tv	core.signing-serialization	standard	1	1	accept	4	4	4	4	108412
0tra4x	core.signing-serialization	standard	1	1	accept	6	6	6	6	162682
0ttpm0	core.signature-checking.multisig.signing-serialization	standard	1	0	accept	3	2	2	2	54510
0tz0dg	core.signing-serialization	standard	1	0	accept	1	1	4	4	28471
0tzkfr	core.signature-checking.multisig.m-of-20	invalid	0	0	reject	20	2	1	0	59118
0u4tu8	core.signature-checking.multisig.m-of-15	invalid	0	0	reject	0	0	1	0	4194
0u8gek	core.signature-checking.multisig.m-of-15	invalid	0	0	reject	15	15	0	0	394860
0u9jnj	core.signing-serialization	invalid	0	0	reject	1	1	0	0	27913
0ufltj	core.signing-serialization	invalid	0	0	reject	1	1	1	0	27877
0ugsxk	core.signing-serialization	standard	1	1	accept	4	4	4	4	108434
0utfky	core.signing-serialization	invalid	0	0	reject	1	1	1	0	28506
0v34lk	core.signature-checking.multisig.m-of-3	invalid	0	0	reject	3	1	1	0	28025
0v9ft6	core.signing-serialization	invalid	0	0	reject	1	1	1	0	28572
0va5r2	core.signing-serialization	standard	1	1	accept	4	4	4	4	107760
0vc2qk	core.signature-checking.multisig.m-of-3	invalid	0	0	reject	3	2	0	0	54534
0vdftj	core.signing-serialization	invalid	0	1	reject	8	8	0	0	215316
0vfxft	core.signing-serialization	invalid	0	0	reject	5	5	5	0	136269
0vp2mv	core.signature-checking.multisig.m-of-3	invalid	0	0	reject	3	2	0	0	54547
0vykqw	core.signature-checking.multisig.m-of-3	invalid	0	0	reject	3	2	0	0	54510
0w3mrj	core.signature-checking.multisig.m-of-3	invalid	0	0	reject	3	2	0	0	54517
0whgm4	core.signature-checking.multisig.m-of-3	invalid	0	0	reject	3	2	0	0	54510
0x5nrw	core.signing-serialization	invalid	0	0	reject	7	7	0	0	189156
0xc993	core.signing-serialization	invalid	0	0	reject	2	1	1	0	29092
0y9rrr	core.signature-checking.multisig.signing-serialization	standard	1	1	accept	3	3	3	3	80547
0yd5ag	core.signing-serialization	invalid	0	1	reject	6	6	0	0	162682
0ydl6v	core.data-signatures	standard	1	1	accept	1	1	1	1	27432
0ye44d	core.signing-serialization	invalid	0	0	reject	2	1	1	0	29092
0ze9cn	core.signature-checking.multisig.m-of-3	invalid	0	0	reject	3	2	1	0	54540
0zfse0	core.signing-serialization	standard	1	0	accept	2	1	4	4	28996
0zgakw	core.signing-serialization	invalid	0	0	reject	2	1	1	0	28972
0ztuc0	core.signature-checking.multisig.signing-serialization	standard	1	1	accept	3	3	3	3	80523
2045fl	core.signing-serialization	standard	1	0	accept	2	1	4	4	29068
209ry0	core.signing-serialization	standard	1	1	accept	6	6	6	6	162458
20fld9	core.signing-serialization	invalid	0	0	reject	7	7	7	0	189156
20hf62	core.signature-checking.multisig.m-of-3	invalid	0	0	reject	3	2	0	0	54534
20kvlh	core.signing-serialization	standard	1	0	accept	3	1	4	4	29393
22kyfx	core.signature-checking.multisig.m-of-3	invalid	0	0	reject	3	1	1	0	28031
22tr9s	core.signature-checking.multisig.m-of-3	invalid	0	0	reject	3	2	0	0	54541
22xq2l	core.signing-serialization	invalid	0	1	reject	4	4	0	0	109105
22y3m7	core.signing-serialization	invalid	0	0	reject	1	1	1	0	28567
22zpng	core.signing-serialization	invalid	0	0	reject	1	1	1	0	27857
23ghpm	core.signature-checking.multisig.m-of-3	invalid	0	0	reject	3	2	1	0	54540
23va3g	core.signature-checking.multisig.m-of-20	invalid	0	0	reject	20	2	1	0	59080
24lgmt	core.signature-checking.multisig.signing-serialization	standard	1	0	accept	3	2	2	2	54534
24m8f9	core.signing-serialization	invalid	0	0	reject	2	1	1	0	29068
250ucr	core.signature-checking.multisig.m-of-20	invalid	0	0	reject	20	20	0	0	527101
25p4zk	core.signing-serialization	invalid	0	0	reject	1	1	1	0	27845
260cf4	core.signing-serialization	standard	1	0	accept	3	1	4	4	29393
26g899	core.signature-checking.multisig.signing-serialization	standard	1	1	accept	3	3	3	3	80546
26px3x	core.signing-serialization	invalid	0	0	reject	1	1	1	0	28508
26u5s0	core.signature-checking.multisig.signing-serialization	standard	1	1	accept	3	3	3	3	79784
277aqt	core.signing-serialization	standard	1	1	accept	4	4	4	4	109572
27d6vt	core.signature-checking.multisig.signing-serialization	standard	1	0	accept	3	2	2	2	54534
27eptq	core.signing-serialization	standard	1	0	accept	1	1	4	4	28591
27x7e0	core.signing-serialization	invalid	0	0	reject	5	5	0	0	136517
27xdzg	core.signature-checking.multisig.m-of-3	standard	1	0	accept	3	1	1	1	28025
29e72t	core.signature-checking.multisig.m-of-3	invalid	0	0	reject	3	3	0	0	80540
29fgqs	core.signature-checking.multisig.signing-serialization	standard	1	1	accept	3	3	3	3	79783
29gsez	core.signing-serialization	invalid	0	0	reject	1	1	1	0	27913
29wnch	core.data-signatures	standard	1	1	accept	1	1	1	1	27416
2amw70	core.signing-serialization	invalid	0	0	reject	2	1	1	0	29068
2apqla	core.signature-checking.multisig.signing-serialization	standard	1	0	accept	3	2	2	2	54534
2arnr7	core.signature-checking.multisig.pubkey-validation	standard	1	1	accept	2	2	2	2	53823
2avt7m	core.signature-checking.multisig.m-of-20	invalid	0	0	reject	20	2	1	0	59094
2cch2q	core.signature-checking.multisig.m-of-15	invalid	0	0	reject	15	1	1	0	30868
2ctmnm	core.signing-serialization	standard	1	1	accept	8	8	8	8	215116
2d0ffc	core.signature-checking.multisig.m-of-3	invalid	0	0	reject	3	3	3	0	80539
2dl8mz	core.signing-serialization	invalid	0	0	reject	1	1	1	0	27881
2dn0wt	core.signing-serialization	standard	1	1	accept	4	4	4	4	107792
2dw2dn	core.signing-serialization	invalid	0	1	reject	4	4	0	0	108056
2e3056	core.data-signatures	standard	1	1	accept	1	1	1	1	27985
2e9qg6	core.data-signatures	standard	1	1	accept	1	1	1	1	26922
2epttn	core.signing-serialization	standard	1	0	accept	3	1	4	4	29393
2exjzl	core.signature-checking.multisig.signing-serialization	standard	1	1	accept	3	3	3	3	79784
2f09fm	core.signature-checking.multisig.signing-serialization	standard	1	0	accept	3	2	2	2	54510
2f49tf	core.signature-checking.multisig.m-of-20	invalid	0	0	reject	20	20	20	0	527115
2fjza8	core.signature-checking.multisig.pubkey-validation	standard	1	0	accept	2	1	1	1	27818
2fpcrc	core.signing-serialization	invalid	0	0	reject	5	5	5	0	136298
2fthld	core.signing-serialization	invalid	0	0	reject	3	1	1	0	29369
2fucgp	core.data-signatures	standard	1	1	accept	1	1	1	1	27453
2g6psa	core.signing-serialization	invalid	0	0	reject	7	7	7	0	188956
2gcee7	core.signature-checking.multisig.m-of-20	invalid	0	0	reject	20	2	1	0	59094
2gmnzy	core.signing-serialization	invalid	0	0	reject	1	1	1	0	27883
2gxe0f	core.signing-serialization	invalid	0	1	reject	8	8	0	0	215321
2h6dqj	core.signing-serialization	invalid	0	1	reject	6	6	0	0	162658
2hlfym	core.signing-serialization	invalid	0	1	reject	4	4	0	0	108447
2hpqv5	core.signing-serialization	standard	1	1	accept	4	4	4	4	108676
2j2er3	core.signing-serialization	invalid	0	0	reject	1	1	1	0	27883
2j4qtu	core.data-signatures	standard	1	1	accept	1	1	1	1	29443
2j6x9l	core.signing-serialization	standard	1	0	accept	1	1	4	4	28495
2jnufh	core.signing-serialization	invalid	0	1	reject	4	4	0	0	108641
2kfvfa	core.data-signatures	standard	1	1	accept	1	1	1	1	27146
2khtd7	core.signing-serialization	invalid	0	0	reject	1	1	1	0	28484
2knq9c	core.signing-serialization	standard	1	1	accept	4	4	4	4	108412
2knqn6	core.signature-checking.multisig.signing-serialization	standard	1	0	accept	3	2	2	2	54534
2kr4y0	core.signing-serialization	standard	1	1	accept	8	8	8	8	215316
2ktwzs	core.data-signatures	standard	1	1	accept	1	1	1	1	27528
2kxfhn	core.signing-serialization	invalid	0	1	reject	8	8	0	0	215353
2l6fp9	core.signing-serialization	invalid	0	1	reject	4	4	0	0	107817
2l7rhl	core.signing-serialization	invalid	0	0	reject	2	1	1	0	29092
2le6n8	core.signing-serialization	invalid	0	0	reject	5	5	5	0	136498
2m7u6h	core.signing-serialization	invalid	0	0	reject	1	1	1	0	27845
2m7z7r	core.signing-serialization	standard	1	1	accept	4	4	4	4	109825
2mjkry	core.signing-serialization	invalid	0	0	reject	5	5	5	0	136269
2mxxye	core.signature-checking.multisig.m-of-3	invalid	0	0	reject	3	2	0	0	54540
2n6qdw	core.signing-serialization	invalid	0	0	reject	1	1	1	0	28471
2n6zqk	core.signature-checking.multisig.m-of-3	invalid	0	0	reject	3	2	0	0	54517
2nm2c0	core.data-signatures	standard	1	1	accept	1	1	1	1	27443
2nyws8	core.signing-serialization	invalid	0	0	reject	1	1	1	0	27859
2p3hrg	core.signature-checking.multisig.m-of-3	invalid	0	0	reject	3	2	0	0	54541
2pq8h4	core.signing-serialization	standard	1	1	accept	8	8	8	8	215092
2puhsh	core.signature-checking.multisig.signing-serialization	standard	1	0	accept	3	2	2	2	54534
2qfa2r	core.signature-checking.multisig.signing-serialization	standard	1	1	accept	3	3	3	3	79784
2qmkpe	core.signing-serialization	invalid	0	0	reject	1	1	1	0	28580
2ryzmg	core.signing-serialization	invalid	0	0	reject	3	1	1	0	29393
2s7j0d	core.data-signatures	standard	1	1	accept	1	1	1	1	28435
2s8ekq	core.signing-serialization	invalid	0	0	reject	1	1	1	0	27901
2sduce	core.signing-serialization	invalid	0	0	reject	7	7	0	0	189175
2sj54s	core.signing-serialization	standard	1	1	accept	6	6	6	6	162700
2t22nc	core.signature-checking.multisig.m-of-20	invalid	0	0	reject	20	2	1	0	59118
2t3mxh	core.signing-serialization	invalid	0	0	reject	7	7	7	0	188932
2t4kml	core.signature-checking.multisig.m-of-3	invalid	0	0	reject	3	2	1	0	54523
2t5xmd	core.signing-serialization	invalid	0	0	reject	5	5	0	0	136498
2tw9d8	core.signing-serialization	invalid	0	0	reject	7	7	7	0	188927
2umkvx	core.signing-serialization	invalid	0	0	reject	5	5	5	0	136293
2usyyq	core.signing-serialization	standard	1	0	accept	2	1	4	4	29092
2utmsk	core.signature-checking.multisig.m-of-3	invalid	0	0	reject	3	2	0	0	54540
2uy6ep	core.signature-checking.multisig.pubkey-validation	invalid	0	0	reject	2	1	1	0	27929
2v5jek	core.signing-serialization	standard	1	1	accept	4	4	4	4	108021
2vycl3	core.signature-checking.multisig.pubkey-validation	invalid	0	0	reject	2	1	0	0	27946
2vzncf	core.signing-serialization	standard	1	1	accept	4	4	4	4	108447
2vzxrz	core.signature-checking.multisig.signing-serialization	standard	1	1	accept	3	3	3	3	79784
2w6x2e	core.signature-checking.multisig.m-of-3	invalid	0	0	reject	3	1	1	0	28025
2wp6hx	core.signature-checking.multisig.m-of-20	invalid	0	0	reject	20	20	20	0	527091
2xeaw5	core.signing-serialization	standard	1	1	accept	8	8	8	8	215097
2xxuva	core.signing-serialization	standard	1	1	accept	4	4	4	4	108439
2y3mfk	core.signature-checking.multisig.m-of-15	standard	1	0	accept	15	1	1	1	30886
2y8dya	core.signing-serialization	invalid	0	0	reject	2	1	1	0	28972
2yadfk	core.signature-checking.multisig.signing-serialization	standard	1	1	accept	3	3	3	3	80523
2z2sml	core.signing-serialization	standard	1	1	accept	6	6	6	6	162463
2z4c54	core.signing-serialization	invalid	0	1	reject	4	4	0	0	107792
2zapmh	core.signing-serialization	standard	1	1	accept	4	4	4	4	108412
2zl9gh	core.signing-serialization	invalid	0	0	reject	1	1	1	0	27869
2zldy2	core.signing-serialization	invalid	0	0	reject	1	1	0	0	28567
2zngl0	core.signing-serialization	invalid	0	1	reject	6	6	0	0	162682
2zs4yc	core.signing-serialization	standard	1	1	accept	6	6	6	6	161833
30mvm8	core.benchmarks.signature-checking.p2pk	standard	1	1	accept	1	1	1	1	26725
30tsh9	core.signing-serialization	invalid	0	0	reject	3	1	1	0	29369
30wz8j	core.signature-checking.multisig.m-of-3	invalid	0	0	reject	3	2	1	0	54510
32sjev	core.signing-serialization	invalid	0	0	reject	5	5	5	0	136522
32x558	core.signature-checking.multisig.m-of-3	invalid	0	0	reject	3	2	1	0	54517
337tec	core.signing-serialization	standard	1	0	accept	2	1	4	4	29068
33tgzn	core.signing-serialization	standard	1	0	accept	1	1	4	4	28471
33vn76	core.signing-serialization	invalid	0	0	reject	1	1	0	0	28567
342dwp	core.signature-checking.multisig.m-of-15	invalid	0	0	reject	15	1	1	0	30886
345ld3	core.signature-checking.multisig.pubkey-validation	standard	1	1	accept	2	2	2	2	53799
34am3h	core.signing-serialization	invalid	0	1	reject	4	4	0	0	107822
34k9tr	core.signing-serialization	invalid	0	0	reject	5	5	5	0	136522
34s9mf	core.signing-serialization	invalid	0	0	reject	7	7	7	0	189193
34wrpf	core.signature-checking.multisig.m-of-3	invalid	0	0	reject	3	2	0	0	54517
356w86	core.data-signatures	standard	1	1	accept	1	1	1	1	26796
358yn4	core.signing-serialization	invalid	0	0	reject	1	1	1	0	28471
359a3l	core.signing-serialization	invalid	0	0	reject	2	1	0	0	29105
35j8h0	core.signing-serialization	standard	1	1	accept	4	4	4	4	109820
35n0p2	core.signing-serialization	invalid	0	0	reject	3	1	1	0	29369
35ugka	core.signing-serialization	standard	1	1	accept	6	6	6	6	161604
35zwqd	core.signing-serialization	standard	1	0	accept	3	1	4	4	29369
362ufh	core.signing-serialization	standard	1	1	accept	4	4	4	4	109137
36cxsg	core.signing-serialization	invalid	0	0	reject	5	5	5	0	136269
36e7vt	core.signature-checking.multisig.signing-serialization	standard	1	1	accept	3	3	3	3	80545
36n40p	core.signing-serialization	invalid	0	1	reject	4	4	0	0	109862
36psxf	core.signature-checking.multisig.pubkey-validation	invalid	0	0	reject	2	2	0	0	53921
36w8l5	core.signature-checking.multisig.m-of-20	invalid	0	0	reject	20	20	0	0	527077
37k4z2	core.signature-checking.multisig.m-of-20	standard	1	0	accept	20	8	8	8	221470
37lfwh	core.signing-serialization	invalid	0	0	reject	1	1	1	0	28495
37mpwp	core.signing-serialization	invalid	0	0	reject	3	1	1	0	29526
37nx2y	core.signing-serialization	standard	1	1	accept	4	4	4	4	109796
37uc4a	core.signature-checking.multisig.m-of-3	invalid	0	0	reject	3	3	0	0	80516
38ax4v	core.signing-serialization	standard	1	0	accept	1	1	4	4	28495
38vxd3	core.signing-serialization	standard	1	1	accept	6	6	6	6	162463
3924su	core.signing-serialization	standard	1	1	accept	4	4	4	4	107795
3957kf	core.signing-serialization	invalid	0	0	reject	1	1	1	0	28578
3957vd	core.signing-serialization	invalid	0	0	reject	1	1	1	0	27891
39c25j	core.signing-serialization	standard	1	0	accept	2	1	4	4	29068
39cpmt	core.signature-checking.multisig.signing-serialization	standard	1	0	accept	3	2	2	2	54534
39e6fj	core.signature-checking.multisig.signing-serialization	standard	1	0	accept	3	2	2	2	54534
39gfzg	core.signing-serialization	invalid	0	0	reject	1	1	1	0	27857
39nsxt	core.signing-serialization	invalid	0	0	reject	1	1	1	0	27881
3a295f	core.signing-serialization	invalid	0	0	reject	1	1	1	0	27845
3a5zg4	core.signature-checking.multisig.m-of-3	invalid	0	0	reject	3	2	1	0	54524
3atr3w	core.signing-serialization	standard	1	0	accept	3	1	4	4	29489
3c3a78	core.signing-serialization	invalid	0	1	reject	4	4	0	0	109105
3ddr0x	core.signature-checking.multisig.signing-serialization	standard	1	1	accept	3	3	3	3	80522
3ddtzx	core.signature-checking.multisig.m-of-20	invalid	0	0	reject	20	2	1	0	56855
3de6qa	core.signing-serialization	standard	1	0	accept	3	1	4	4	29393
3dgpaq	core.signing-serialization	invalid	0	0	reject	1	1	1	0	27889
3dpkqa	core.signing-serialization	standard	1	0	accept	1	1	4	4	28591
3e4jh4	core.signature-checking.multisig.m-of-3	invalid	0	0	reject	3	3	0	0	80024
3eat5y	core.signature-checking.multisig.signing-serialization	standard	1	0	accept	3	2	2	2	54510
3edmhh	core.signing-serialization	invalid	0	0	reject	1	1	1	0	27877
3eg33c	core.signing-serialization	standard	1	1	accept	4	4	4	4	108447
3egvl9	core.signature-checking.multisig.signing-serialization	standard	1	0	accept	3	2	2	2	54510
3ek72q	core.signing-serialization	invalid	0	1	reject	8	8	0	0	214359
3ervay	core.signature-checking.multisig.m-of-15	invalid	0	0	reject	15	1	1	0	30892
3f0v26	core.signature-checking.multisig.signing-serialization	standard	1	0	accept	3	2	2	2	54510
3fakll	core.signing-serialization	invalid	0	1	reject	4	4	0	0	108412
3fczrd	core.signing-serialization	standard	1	1	accept	4	4	4	4	107792
3fd605	core.signature-checking.multisig.m-of-15	invalid	0	0	reject	15	1	1	0	30868
3fm99c	core.signing-serialization	invalid	0	0	reject	3	1	1	0	29393
3fms8f	core.data-signatures	standard	1	1	accept	1	1	1	1	27444
3fpsh5	core.signature-checking.multisig.pubkey-validation	standard	1	1	accept	2	2	2	2	53927
3fqd5p	core.signing-serialization	standard	1	1	accept	4	4	4	4	109601
3fqes3	core.signing-serialization	invalid	0	0	reject	1	1	1	0	27901
3g6s6j	core.signing-serialization	standard	1	0	accept	2	1	4	4	28972
3g6ytt	core.signing-serialization	standard	1	0	accept	2	1	4	4	29068
3g7ygp	core.signing-serialization	standard	1	1	accept	4	4	4	4	109577
3gkr8u	core.signature-checking.multisig.m-of-3	invalid	0	0	reject	3	3	3	0	80521
3gn2g0	core.signing-serialization	invalid	0	0	reject	5	5	5	0	136298
3gugfj	core.signature-checking.multisig.m-of-3	invalid	0	0	reject	3	2	0	0	54517
3gx78d	core.signing-serialization	standard	1	1	accept	4	4	4	4	108415
3h37nd	core.signature-checking.multisig.m-of-20	invalid	0	0	reject	20	2	1	0	59104
3hdtc7	core.signing-serialization	invalid	0	0	reject	3	1	0	0	29489
3hduxl	core.signing-serialization	invalid	0	0	reject	1	1	0	0	28578
3hg37t	core.signing-serialization	invalid	0	1	reject	8	8	0	0	215345
3hltlz	core.signature-checking.multisig.m-of-3	invalid	0	0	reject	3	2	1	0	54510
3hw2u6	core.signing-serialization	standard	1	1	accept	4	4	4	4	109601
3j4y0s	core.signing-serialization	invalid	0	0	reject	1	1	0	0	27901
3jcugr	core.data-signatures	standard	1	1	accept	1	1	1	1	27528
3k0z2j	core.signing-serialization	invalid	0	0	reject	1	1	1	0	28583
3k9wr4	core.signing-serialization	invalid	0	0	reject	1	1	1	0	27869
3kdx09	core.signing-serialization	invalid	0	0	reject	3	1	1	0	29369
3klw55	core.signature-checking.multisig.signing-serialization	standard	1	1	accept	3	3	3	3	79785
3km2nr	core.signing-serialization	standard	1	1	accept	4	4	4	4	108436
3l47cf	core.signing-serialization	invalid	0	0	reject	1	1	1	0	27857
3l58gt	core.signing-serialization	standard	1	1	accept	4	4	4	4	107827
3mcjzt	core.signing-serialization	invalid	0	0	reject	3	1	1	0	29369
3mvsky	core.signing-serialization	invalid	0	0	reject	1	1	1	0	27915
3mx447	core.signing-serialization	standard	1	1	accept	8	8	8	8	215116
3nnkk9	core.data-signatures	standard	1	1	accept	1	1	1	1	27525
3nvyns	core.signing-serialization	invalid	0	0	reject	1	1	1	0	27845
3p0twv	core.signing-serialization	invalid	0	0	reject	2	1	1	0	28996
3p2tc3	core.signature-checking.multisig.m-of-3	invalid	0	0	reject	3	2	1	0	54548
3pahkr	core.signing-serialization	standard	1	1	accept	4	4	4	4	108876
3pej8l	core.signing-serialization	invalid	0	1	reject	4	4	0	0	107792
3pk6uh	core.data-signatures	standard	1	1	accept	1	1	1	1	27415
3pqcj7	core.data-signatures	standard	1	1	accept	1	1	1	1	27549
3q00n0	core.signature-checking.multisig.signing-serialization	standard	1	1	accept	3	3	3	3	80522
3q0hh7	core.signing-serialization	standard	1	1	accept	4	4	4	4	109596
3qmxws	core.signature-checking.multisig.m-of-3	invalid	0	0	reject	3	2	0	0	54524
3r6d4c	core.signing-serialization	standard	1	1	accept	4	4	4	4	109596
3r73cd	core.signing-serialization	invalid	0	0	reject	1	1	1	0	27869
3rafzy	core.signing-serialization	standard	1	1	accept	4	4	4	4	109862
3rd2ft	core.signing-serialization	standard	1	1	accept	6	6	6	6	161609
3rflde	core.signature-checking.multisig.m-of-20	invalid	0	0	reject	20	2	1	0	59118
3rfxzl	core.signing-serialization	standard	1	1	accept	4	4	4	4	109796
3rkra8	core.signing-serialization	invalid	0	0	reject	1	1	1	0	27881
3rphfg	core.signing-serialization	invalid	0	0	reject	2	1	1	0	28996
3rvqey	core.signing-serialization	standard	1	1	accept	4	4	4	4	109105
3s8z37	core.signing-serialization	standard	1	1	accept	4	4	4	4	109596
3sk4sd	core.signature-checking.multisig.m-of-3	invalid	0	0	reject	3	2	1	0	54547
3strm9	core.signature-checking.multisig.m-of-3	invalid	0	0	reject	3	2	1	0	54516
3tpch6	core.signing-serialization	standard	1	1	accept	4	4	4	4	109601
3tsc43	core.signing-serialization	standard	1	0	accept	3	1	4	4	29465
3tss7f	core.signing-serialization	invalid	0	0	reject	3	1	1	0	29393
3uawgh	core.signature-checking.multisig.m-of-20	invalid	0	0	reject	20	2	1	0	56868
3ucvej	core.signing-serialization	invalid	0	0	reject	2	1	0	0	29068
3uueux	core.signature-checking.multisig.signing-serialization	standard	1	1	accept	3	3	3	3	79783
3uza3t	core.signature-checking.multisig.m-of-3	invalid	0	0	reject	3	2	1	0	54524
3vhtmk	core.signing-serialization	invalid	0	0	reject	2	1	0	0	29092
3vwjd7	core.signing-serialization	invalid	0	0	reject	1	1	1	0	27869
3w0lfl	core.signing-serialization	invalid	0	0	reject	3	1	1	0	29465
3w2kv8	core.signature-checking.multisig.pubkey-validation	invalid	0	0	reject	2	1	1	0	27931
3wk5e8	core.data-signatures	standard	1	1	accept	1	1	1	1	26787
3wkhmt	core.signing-serialization	invalid	0	1	reject	4	4	0	0	107822
3wl0mv	core.signing-serialization	invalid	0	0	reject	1	1	1	0	27877
3ws093	core.signature-checking.multisig.signing-serialization	standard	1	1	accept	3	3	3	3	79784
3x2m75	core.data-signatures	standard	1	1	accept	1	1	1	1	26797
3xa22u	core.signing-serialization	standard	1	0	accept	3	1	4	4	29393
3xahtq	core.signing-serialization	invalid	0	1	reject	4	4	0	0	108471
3xsk3c	core.signing-serialization	invalid	0	0	reject	1	1	0	0	28567
3xvf4r	core.signing-serialization	invalid	0	0	reject	1	1	1	0	27869
3xyl69	core.signing-serialization	standard	1	1	accept	6	6	6	6	162700
3y6rk7	core.signing-serialization	standard	1	1	accept	4	4	4	4	107795
3yck6k	core.data-signatures	standard	1	1	accept	1	1	1	1	28315
3ydry0	core.signing-serialization	invalid	0	1	reject	4	4	0	0	108641
3yzp29	core.signing-serialization	standard	1	1	accept	6	6	6	6	161865
3zefj3	core.signature-checking.multisig.m-of-3	invalid	0	0	reject	3	2	1	0	54516
3zlkzr	core.signing-serialization	standard	1	1	accept	4	4	4	4	107760
3zmw0n	core.signing-serialization	standard	1	1	accept	4	4	4	4	108434
3zptj0	core.signing-serialization	standard	1	1	accept	4	4	4	4	108452
40455e	core.signing-serialization	invalid	0	0	reject	5	5	5	0	136269
40esjr	core.signature-checking.multisig.m-of-3	invalid	0	0	reject	3	2	0	0	54517
40nqn8	core.signature-checking.multisig.pubkey-validation	invalid	0	0	reject	2	1	1	0	27955
40vfnp	core.signature-checking.multisig.m-of-3	invalid	0	0	reject	3	2	1	0	54534
40z05t	core.signing-serialization	invalid	0	0	reject	7	7	7	0	189180
423tgx	core.signature-checking.multisig.pubkey-validation	invalid	0	0	reject	2	1	0	0	27953
42ltv0	core.signing-serialization	invalid	0	0	reject	1	1	1	0	27906
42y6su	core.data-signatures	standard	1	1	accept	1	1	1	1	27423
43c85z	core.signature-checking.multisig.m-of-3	invalid	0	0	reject	3	2	0	0	54534
43dap3	core.signing-serialization	standard	1	1	accept	4	4	4	4	108404
43e22q	core.data-signatures	standard	1	1	accept	1	1	1	1	27480
445xml	core.signing-serialization	invalid	0	0	reject	1	1	1	0	27889
44kvq9	core.signature-checking.multisig.signing-serialization	standard	1	0	accept	3	2	2	2	54534
44pmp8	core.signing-serialization	standard	1	1	accept	6	6	6	6	161609
44yg8x	core.signing-serialization	invalid	0	0	reject	5	5	5	0	136527
45aspv	core.signing-serialization	invalid	0	0	reject	1	1	1	0	27882
45eju2	core.signature-checking.multisig.signing-serialization	standard	1	1	accept	3	3	3	3	79785
45tqxj	core.signature-checking.multisig.m-of-3	invalid	0	0	reject	3	3	0	0	80516
45vvlf	core.signature-checking.multisig.m-of-20	invalid	0	0	reject	20	20	0	0	527101
45xrg5	core.signature-checking.multisig.m-of-3	invalid	0	0	reject	3	2	1	0	54534
45yczx	core.data-signatures	standard	1	1	accept	1	1	1	1	26873
462lj2	core.data-signatures	standard	1	1	accept	1	1	1	1	27481
46a2hq	core.signature-checking.multisig.m-of-3	invalid	0	0	reject	3	2	1	0	54516
46auwx	core.signing-serialization	invalid	0	0	reject	5	5	5	0	136298
46ty9p	core.signature-checking.multisig.m-of-3	invalid	0	0	reject	3	2	1	0	54541
473cd3	core.signature-checking.multisig.signing-serialization	standard	1	1	accept	3	3	3	3	80522
478m27	core.signing-serialization	invalid	0	0	reject	7	7	7	0	188932
47tqzv	core.signing-serialization	invalid	0	0	reject	1	1	1	0	28628
47txk2	core.signing-serialization	standard	1	0	accept	3	1	4	4	29393
483u6v	core.data-signatures	standard	1	1	accept	1	1	1	1	27531
487rdu	core.signing-serialization	standard	1	1	accept	4	4	4	4	108051
48du57	core.signature-checking.multisig.signing-serialization	standard	1	1	accept	3	3	3	3	80546
48f4w8	core.signing-serialization	standard	1	1	accept	4	4	4	4	109801
48hrvn	core.signing-serialization	standard	1	1	accept	4	4	4	4	109577
48q475	core.signing-serialization	standard	1	0	accept	3	1	4	4	29369
48wuxs	core.signing-serialization	invalid	0	0	reject	7	7	7	0	188951
498m2p	core.signing-serialization	invalid	0	0	reject	2	1	1	0	28996
499xzc	core.signing-serialization	standard	1	0	accept	3	1	4	4	29465
49f279	core.signature-checking.multisig.m-of-3	invalid	0	0	reject	3	2	1	0	54540
49gy7h	core.signing-serialization	invalid	0	0	reject	5	5	0	0	136554
49mkxm	core.benchmarks.signature-checking.p2pk	standard	1	1	accept	1	1	1	1	26719
4a2e0w	core.signing-serialization	invalid	0	1	reject	4	4	0	0	108436
4a9p79	core.signature-checking.multisig.pubkey-validation	invalid	0	0	reject	2	1	0	0	27680
4asdya	core.signature-checking.multisig.m-of-3	invalid	0	0	reject	3	2	2	0	54510
4axxr6	core.signing-serialization	invalid	0	0	reject	2	1	1	0	29073
4cldj6	core.signing-serialization	invalid	0	0	reject	1	1	1	0	28471
4cq8qy	core.signing-serialization	invalid	0	1	reject	4	4	0	0	108436
4cs64s	core.signing-serialization	invalid	0	0	reject	5	5	5	0	136522
4cwhfg	core.data-signatures	standard	1	1	accept	1	1	1	1	26902
4cwqv4	core.signing-serialization	standard	1	1	accept	4	4	4	4	108466
4d2het	core.signing-serialization	invalid	0	0	reject	1	1	1	0	27869
4d2ll2	core.signature-checking.multisig.pubkey-validation	standard	1	0	accept	2	1	1	1	27922
4d3fda	core.signature-checking.multisig.m-of-3	invalid	0	0	reject	3	2	1	0	54516
4d858v	core.signature-checking.multisig.m-of-3	invalid	0	0	reject	3	2	0	0	54534
4dghsp	core.signing-serialization	invalid	0	0	reject	1	1	0	0	28591
4earag	core.signing-serialization	invalid	0	0	reject	5	5	5	0	136522
4egk46	core.signing-serialization	standard	1	0	accept	3	1	4	4	29369
4ejrzv	core.signature-checking.multisig.m-of-3	invalid	0	0	reject	3	2	0	0	54541
4elhel	core.signature-checking.multisig.signing-serialization	standard	1	1	accept	3	3	3	3	80523
4es7cp	core.signature-checking.multisig.signing-serialization	standard	1	1	accept	3	3	3	3	80522
4fe4j2	core.signing-serialization	invalid	0	0	reject	1	1	1	0	27889
4fskrx	core.signing-serialization	invalid	0	0	reject	7	7	7	0	188932
4fsqsr	core.data-signatures	standard	1	1	accept	1	1	1	1	27524
4gdm7q	core.signing-serialization	invalid	0	0	reject	1	1	0	0	27889
4gj569	core.signature-checking.multisig.signing-serialization	standard	1	0	accept	3	2	2	2	54510
4gtnps	core.signature-checking.multisig.m-of-3	invalid	0	0	reject	3	2	2	0	54510
4h2rwc	core.signing-serialization	invalid	0	0	reject	3	1	0	0	29465
4hfx25	core.signature-checking.multisig.m-of-3	invalid	0	0	reject	3	2	0	0	54517
4hvdh0	core.signing-serialization	standard	1	0	accept	3	1	4	4	29489
4j5j64	core.signing-serialization	invalid	0	0	reject	1	1	1	0	28471
4j5sxk	core.signing-serialization	standard	1	0	accept	3	1	4	4	29465
4j9xke	core.signing-serialization	invalid	0	0	reject	7	7	7	0	189151
4jthe2	core.signing-serialization	standard	1	1	accept	4	4	4	4	108439
4kxa4j	core.signature-checking.multisig.signing-serialization	standard	1	0	accept	3	2	2	2	54510
4l3x45	core.signature-checking.multisig.m-of-20	invalid	0	0	reject	20	20	20	0	527091
4lacul	core.signature-checking.multisig.m-of-3	invalid	0	0	reject	3	2	2	0	54541
4lq4pv	core.signing-serialization	standard	1	0	accept	2	1	4	4	29073
4lx4ul	core.signing-serialization	invalid	0	0	reject	1	1	1	0	28471
4m5wus	core.signing-serialization	invalid	0	0	reject	1	1	1	0	27901
4m8pw4	core.signing-serialization	standard	1	1	accept	6	6	6	6	161865
4mn6xu	core.signing-serialization	standard	1	0	accept	1	1	4	4	28572
4ms3t2	core.signing-serialization	standard	1	0	accept	1	1	4	4	28471
4mtzsh	core.signature-checking.multisig.m-of-3	invalid	0	0	reject	3	2	0	0	54523
4mwlnn	core.signing-serialization	invalid	0	0	reject	1	1	1	0	28585
4mxptv	core.signature-checking.multisig.m-of-3	invalid	0	0	reject	3	2	0	0	54510
4n53vk	core.signature-checking.multisig.m-of-20	invalid	0	0	reject	20	20	0	0	524033
4n84pf	core.signature-checking.multisig.signing-serialization	standard	1	1	accept	3	3	3	3	80522
4nga8u	core.signing-serialization	invalid	0	0	reject	7	7	0	0	189156
4nmc9q	core.signing-serialization	standard	1	1	accept	6	6	6	6	162463
4nzf3x	core.signing-serialization	standard	1	1	accept	6	6	6	6	162434
4p2rn8	core.signing-serialization	standard	1	1	accept	6	6	6	6	162434
4p5j9n	core.signing-serialization	standard	1	1	accept	4	4	4	4	109806
4pnw6k	core.signing-serialization	invalid	0	0	reject	1	1	1	0	27891
4pwr9u	core.signing-serialization	invalid	0	0	reject	3	1	0	0	29489
4q0j5t	core.signing-serialization	invalid	0	0	reject	1	1	1	0	27901
4q2ag4	core.signing-serialization	standard	1	1	accept	6	6	6	6	162663
4qfkx7	core.signature-checking.multisig.m-of-3	invalid	0	0	reject	3	2	0	0	54534
4qq55d	core.signing-serialization	invalid	0	1	reject	4	4	0	0	107792
4qujly	core.data-signatures	standard	1	1	accept	1	1	1	1	27118
4rakf9	core.signing-serialization	invalid	0	0	reject	1	1	0	0	28567
4rg4g2	core.signature-checking.multisig.m-of-20	invalid	0	0	reject	20	2	1	0	59094
4rhk7z	core.signature-checking.multisig.m-of-3	invalid	0	0	reject	3	2	0	0	54510
4rt0hh	core.signature-checking.multisig.m-of-3	invalid	0	0	reject	3	1	1	0	28056
4rut9j	core.signing-serialization	invalid	0	1	reject	4	4	0	0	108436
4sg09k	core.signing-serialization	standard	1	1	accept	4	4	4	4	107790
4ssvez	core.data-signatures	standard	1	1	accept	1	1	1	1	26910
4sth43	core.signing-serialization	invalid	0	1	reject	6	6	0	0	161833
4strcq	core.signature-checking.multisig.m-of-3	invalid	0	0	reject	3	3	0	0	80509
4swr74	core.signing-serialization	invalid	0	0	reject	7	7	7	0	188927
4tfrpx	core.signing-serialization	standard	1	1	accept	4	4	4	4	107795
4tgsp8	core.data-signatures	standard	1	1	accept	1	1	1	1	26804
4ttngw	core.signing-serialization	standard	1	1	accept	8	8	8	8	215350
4un3xt	core.signing-serialization	invalid	0	0	reject	1	1	1	0	28495
4unqan	core.signing-serialization	invalid	0	1	reject	4	4	0	0	109142
4us0nf	core.signature-checking.multisig.m-of-20	invalid	0	0	reject	20	8	1	0	221497
4uyl86	core.signing-serialization	standard	1	1	accept	4	4	4	4	109572
4vqdku	core.signing-serialization	standard	1	1	accept	4	4	4	4	109596
4vrtmw	core.signing-serialization	invalid	0	0	reject	2	1	1	0	29073
4vv0ua	core.signing-serialization	invalid	0	0	reject	7	7	7	0	189156
4vwmdh	core.signature-checking.multisig.signing-serialization	standard	1	1	accept	3	3	3	3	79784
4w2cwj	core.signing-serialization	invalid	0	0	reject	5	5	5	0	136503
4w74hc	core.signing-serialization	standard	1	1	accept	4	4	4	4	107760
4wc25n	core.signature-checking.multisig.signing-serialization	standard	1	1	accept	3	3	3	3	80522
4wzwja	core.signing-serialization	standard	1	1	accept	4	4	4	4	109577
4x3jfy	core.signature-checking.multisig.signing-serialization	standard	1	1	accept	3	3	3	3	79783
4x8ucf	core.signing-serialization	invalid	0	0	reject	3	1	1	0	29369
4xfsxg	core.signature-checking.multisig.m-of-20	invalid	0	0	reject	20	2	1	0	59104
4xg8q3	core.signature-checking.multisig.m-of-15	invalid	0	0	reject	15	1	1	0	30868
4xk2kg	core.signing-serialization	invalid	0	0	reject	5	5	5	0	136493
4xl0ja	core.signature-checking.multisig.m-of-20	invalid	0	0	reject	20	2	1	0	59118
4y4wx6	core.signing-serialization	invalid	0	0	reject	3	1	0	0	29465
4y5qa0	core.data-signatures	standard	1	1	accept	1	1	1	1	27555
4y9hmy	core.signing-serialization	invalid	0	0	reject	2	1	1	0	28996
4ycjak	core.signature-checking.multisig.signing-serialization	standard	1	1	accept	3	3	3	3	80522
4ykfnq	core.data-signatures	standard	1	1	accept	1	1	1	1	26784
4z2y8g	core.signing-serialization	invalid	0	1	reject	4	4	0	0	108471
4z3jpd	core.signing-serialization	invalid	0	0	reject	3	1	0	0	29465
4ze23h	core.signing-serialization	standard	1	1	accept	4	4	4	4	107792
50cxv0	core.signing-serialization	standard	1	1	accept	4	4	4	4	108466
50dm46	core.signing-serialization	standard	1	1	accept	4	4	4	4	108434
50ejkz	core.data-signatures	standard	1	1	accept	1	1	1	1	27500
50gxf5	core.signing-serialization	invalid	0	1	reject	8	8	0	0	215340
525lku	core.signature-checking.multisig.m-of-20	invalid	0	0	reject	20	2	1	0	59094
52t3km	core.signature-checking.multisig.m-of-3	invalid	0	0	reject	3	2	2	0	54517
532wtm	core.signature-checking.multisig.m-of-3	invalid	0	0	reject	3	2	1	0	54517
537mzq	core.signing-serialization	invalid	0	0	reject	1	1	1	0	27901
53jajp	core.signing-serialization	standard	1	1	accept	4	4	4	4	108404
53n26a	core.signing-serialization	invalid	0	0	reject	1	1	1	0	28506
53ykg2	core.signing-serialization	invalid	0	0	reject	1	1	0	0	28628
540xwz	core.signature-checking.multisig.m-of-20	invalid	0	0	reject	20	2	1	0	56879
542y2t	core.signing-serialization	invalid	0	0	reject	1	1	1	0	27869
544cdn	core.signature-checking.multisig.signing-serialization	standard	1	0	accept	3	2	2	2	54534
5489zf	core.data-signatures	standard	1	1	accept	1	1	1	1	26816
54sh9j	core.signature-checking.multisig.signing-serialization	standard	1	1	accept	3	3	3	3	80523
54t2lk	core.signing-serialization	invalid	0	0	reject	1	1	1	0	28471
555dgt	core.data-signatures	standard	1	1	accept	1	1	1	1	26923
55xfpt	core.data-signatures	standard	1	1	accept	1	1	1	1	27408
563gxe	core.signature-checking.multisig.signing-serialization	standard	1	0	accept	3	2	2	2	54534
56486s	core.signing-serialization	invalid	0	0	reject	5	5	5	0	136298
566p0t	core.signature-checking.multisig.m-of-3	invalid	0	0	reject	3	3	3	0	80539
56dp05	core.signature-checking.multisig.signing-serialization	standard	1	1	accept	3	3	3	3	80547
573hqm	core.signing-serialization	standard	1	1	accept	4	4	4	4	108380
57h5a4	core.signing-serialization	invalid	0	0	reject	1	1	1	0	28002
58089w	core.signing-serialization	standard	1	1	accept	6	6	6	6	161609
5892h9	core.signing-serialization	invalid	0	0	reject	7	7	0	0	189175
58e4xe	core.signature-checking.multisig.signing-serialization	standard	1	0	accept	3	2	2	2	54534
58hxje	core.data-signatures	standard	1	1	accept	1	1	1	1	27727
58j90g	core.signing-serialization	invalid	0	0	reject	1	1	1	0	28495
58syy8	core.signing-serialization	invalid	0	0	reject	5	5	5	0	136274
58t55z	core.signing-serialization	invalid	0	0	reject	1	1	0	0	27877
590crv	core.signing-serialization	invalid	0	0	reject	5	5	5	0	136298
595dvh	core.signing-serialization	invalid	0	1	reject	6	6	0	0	161828
596324	core.signing-serialization	standard	1	1	accept	4	4	4	4	108665
59ek8j	core.signing-serialization	invalid	0	0	reject	3	1	1	0	29393
59l6p2	core.signature-checking.multisig.m-of-20	invalid	0	0	reject	20	2	1	0	56892
59ry5p	core.signing-serialization	invalid	0	0	reject	7	7	7	0	188951
5a4n4a	core.signing-serialization	standard	1	1	accept	4	4	4	4	107797
5a7708	core.data-signatures	standard	1	1	accept	1	1	1	1	26907
5avxuj	core.signature-checking.multisig.m-of-3	invalid	0	0	reject	3	2	0	0	54517
5c0l83	core.signing-serialization	standard	1	1	accept	4	4	4	4	108056
5c6grw	core.signing-serialization	invalid	0	0	reject	1	1	1	0	28471
5czfth	core.signing-serialization	invalid	0	0	reject	5	5	5	0	136522
5d2vqx	core.signing-serialization	standard	1	1	accept	4	4	4	4	107760
5d60ef	core.signing-serialization	standard	1	1	accept	4	4	4	4	107827
5da4sr	core.signature-checking.multisig.m-of-3	invalid	0	0	reject	3	2	1	0	54541
5dr77q	core.signing-serialization	standard	1	1	accept	4	4	4	4	107827
5dznhz	core.signing-serialization	standard	1	0	accept	1	1	4	4	28596
5e2lgt	core.signing-serialization	invalid	0	0	reject	7	7	7	0	188927
5ed0a5	core.signing-serialization	invalid	0	1	reject	4	4	0	0	108051
5ed5ku	core.signing-serialization	standard	1	0	accept	3	1	4	4	29470
5eet3p	core.signing-serialization	standard	1	1	accept	4	4	4	4	109833
5eh6fs	core.data-signatures	standard	1	1	accept	1	1	1	1	27402
5evfu5	core.signature-checking.multisig.signing-serialization	standard	1	0	accept	3	2	2	2	54534
5ez7xa	core.signing-serialization	invalid	0	0	reject	1	1	1	0	28591
5fc249	core.signing-serialization	invalid	0	0	reject	3	1	1	0	29489
5fkl46	core.signature-checking.multisig.m-of-3	invalid	0	0	reject	3	2	0	0	54524
5frlpu	core.signing-serialization	standard	1	1	accept	4	4	4	4	108436
5fv0ja	core.data-signatures	standard	1	1	accept	1	1	1	1	26885
5g2zt7	core.signing-serialization	standard	1	1	accept	8	8	8	8	215116
5g6sug	core.signing-serialization	standard	1	1	accept	8	8	8	8	214130
5g6u8k	core.signature-checking.multisig.signing-serialization	standard	1	0	accept	3	2	2	2	54534
5g8c6w	core.signature-checking.multisig.signing-serialization	standard	1	1	accept	3	3	3	3	79785
5gaeav	core.signature-checking.multisig.signing-serialization	standard	1	0	accept	3	2	2	2	54510
5ggj30	core.signing-serialization	invalid	0	0	reject	2	1	1	0	29068
5gwp9p	core.signing-serialization	invalid	0	1	reject	4	4	0	0	108412
5gyevp	core.signing-serialization	invalid	0	0	reject	1	1	0	0	27901
5gzm46	core.signing-serialization	invalid	0	0	reject	1	1	1	0	28495
5hgfcx	core.signature-checking.multisig.pubkey-validation	invalid	0	0	reject	2	2	0	0	53697
5hsj9k	core.signing-serialization	standard	1	0	accept	2	1	4	4	28972
5hvuqv	core.data-signatures	standard	1	1	accept	1	1	1	1	29521
5hz63v	core.signature-checking.multisig.signing-serialization	standard	1	1	accept	3	3	3	3	79784
5hzahw	core.signing-serialization	invalid	0	0	reject	1	1	1	0	28506
5j885v	core.signature-checking.multisig.pubkey-validation	invalid	0	0	reject	2	1	1	0	27704
5jkkp3	core.signing-serialization	invalid	0	0	reject	3	1	0	0	29526
5jr66p	core.signing-serialization	invalid	0	0	reject	3	1	1	0	29489
5kdvn7	core.signing-serialization	invalid	0	0	reject	2	1	1	0	29097
5ke3ug	core.signature-checking.multisig.m-of-20	invalid	0	0	reject	20	2	1	0	59080
5ks5g9	core.signature-checking.multisig.signing-serialization	standard	1	0	accept	3	2	2	2	54510
5l80lr	core.signing-serialization	invalid	0	0	reject	3	1	1	0	29369
5l8taf	core.signing-serialization	standard	1	1	accept	6	6	6	6	162692
5lgqza	core.signature-checking.multisig.signing-serialization	standard	1	0	accept	3	2	2	2	54510
5lky8q	core.signing-serialization	standard	1	1	accept	4	4	4	4	108415
5m2n5k	core.signing-serialization	invalid	0	0	reject	1	1	1	0	28578
5mlyht	core.signing-serialization	invalid	0	0	reject	1	1	1	0	28471
5muly8	core.signing-serialization	invalid	0	1	reject	4	4	0	0	108442
5muqeu	core.signing-serialization	standard	1	1	accept	4	4	4	4	107792
5n32vm	core.signature-checking.multisig.m-of-20	invalid	0	0	reject	20	2	1	0	56892
5n96rc	core.signature-checking.multisig.pubkey-validation	standard	1	1	accept	2	2	2	2	53954
5nfa5u	core.signing-serialization	standard	1	0	accept	1	1	4	4	28471
5nh765	core.signature-checking.multisig.m-of-20	invalid	0	0	reject	20	2	1	0	59080
5njf7q	core.signing-serialization	standard	1	0	accept	2	1	4	4	28972
5np5hx	core.signing-serialization	standard	1	1	accept	4	4	4	4	109596
5nq6s3	core.signing-serialization	invalid	0	0	reject	1	1	0	0	27901
5ns66y	core.signing-serialization	invalid	0	0	reject	5	5	5	0	136298
5p3ewr	core.signing-serialization	standard	1	1	accept	4	4	4	4	108442
5p6djz	core.signing-serialization	standard	1	0	accept	3	1	4	4	29465
5pj6ur	core.signature-checking.multisig.m-of-3	invalid	0	0	reject	3	2	1	0	54517
5pkax7	core.signing-serialization	invalid	0	0	reject	1	1	1	0	28482
5pqure	core.signature-checking.multisig.m-of-3	invalid	0	0	reject	3	2	0	0	54540
5q8aqe	core.data-signatures	standard	1	1	accept	1	1	1	1	27504
5q9e4y	core.signing-serialization	standard	1	0	accept	3	1	4	4	29470
5qd3kx	core.signing-serialization	standard	1	1	accept	8	8	8	8	215377
5r2v7l	core.signing-serialization	invalid	0	0	reject	1	1	1	0	27859
5r5um6	core.signature-checking.multisig.m-of-3	invalid	0	0	reject	3	2	0	0	54510
5rq5pf	core.signing-serialization	invalid	0	0	reject	3	1	1	0	29465
5rqkaj	core.signing-serialization	invalid	0	0	reject	2	1	0	0	29129
5s33g0	core.data-signatures	standard	1	1	accept	1	1	1	1	27379
5t2ygj	core.data-signatures	standard	1	1	accept	1	1	1	1	27531
5tcq6v	core.signature-checking.multisig.m-of-3	invalid	0	0	reject	3	1	1	0	28032
5tdjr8	core.signing-serialization	invalid	0	0	reject	2	1	0	0	29092
5tqlnx	core.signature-checking.multisig.m-of-3	invalid	0	0	reject	3	2	1	0	54547
5uktmr	core.signature-checking.multisig.m-of-3	invalid	0	0	reject	3	2	0	0	54534
5ulj6n	core.signature-checking.multisig.m-of-3	invalid	0	0	reject	3	2	1	0	54541
5uracz	core.signature-checking.multisig.m-of-20	invalid	0	0	reject	20	2	1	0	59104
5uxcjn	core.signature-checking.multisig.m-of-20	invalid	0	0	reject	20	2	1	0	56868
5v29md	core.signing-serialization	standard	1	1	accept	6	6	6	6	162439
5v2hcs	core.signature-checking.multisig.m-of-3	invalid	0	0	reject	3	2	0	0	54510
5v4jdg	core.signing-serialization	invalid	0	1	reject	6	6	0	0	162724
5vr6tf	core.signing-serialization	invalid	0	0	reject	2	1	0	0	29068
5vvjly	core.signing-serialization	standard	1	1	accept	4	4	4	4	108439
5vvnnm	core.signing-serialization	standard	1	0	accept	2	1	4	4	28996
5vwzjt	core.signature-checking.multisig.signing-serialization	standard	1	1	accept	3	3	3	3	79784
5vx5lm	core.data-signatures	standard	1	1	accept	1	1	1	1	27599
5vxa03	core.signing-serialization	standard	1	1	accept	4	4	4	4	108380
5w62w7	core.signing-serialization	standard	1	1	accept	6	6	6	6	161828
5wx4rg	core.signing-serialization	invalid	0	0	reject	1	1	1	0	27881
5x63d0	core.signing-serialization	standard	1	0	accept	1	1	4	4	28471
5x7nh7	core.data-signatures	standard	1	1	accept	1	1	1	1	28355
5xchcr	core.signing-serialization	invalid	0	1	reject	4	4	0	0	108412
5xd04t	core.signing-serialization	standard	1	0	accept	3	1	4	4	29494
5xm8vf	core.signing-serialization	invalid	0	0	reject	1	1	0	0	27877
5xwth8	core.signing-serialization	standard	1	0	accept	1	1	4	4	28495
5y0f0f	core.signing-serialization	invalid	0	0	reject	1	1	1	0	28471
5y23qu	core.signature-checking.multisig.m-of-3	invalid	0	0	reject	3	2	0	0	54541
5y2rke	core.data-signatures	standard	1	1	accept	1	1	1	1	28441
5ye9us	core.signing-serialization	invalid	0	0	reject	7	7	7	0	189156
5ygxxm	core.signature-checking.multisig.m-of-15	invalid	0	0	reject	15	1	1	0	30862
5z236d	core.signing-serialization	invalid	0	0	reject	1	1	1	0	28506
5z28tt	core.signing-serialization	invalid	0	0	reject	3	1	1	0	29393
5z3jw2	core.signature-checking.multisig.signing-serialization	standard	1	1	accept	3	3	3	3	79783
5z7get	core.signature-checking.multisig.pubkey-validation	invalid	0	0	reject	2	2	0	0	53921
5z9xwz	core.signing-serialization	invalid	0	0	reject	2	1	1	0	29073
5zcwca	core.data-signatures	standard	1	1	accept	1	1	1	1	27519
5zj8gv	core.signing-serialization	standard	1	1	accept	4	4	4	4	108439
5zvzqf	core.signing-serialization	standard	1	0	accept	2	1	4	4	29092
6027zx	core.signing-serialization	standard	1	1	accept	8	8	8	8	215316
60cf9g	core.signing-serialization	standard	1	0	accept	3	1	4	4	29489
60evsx	core.signing-serialization	standard	1	1	accept	4	4	4	4	107795
60p3t2	core.signing-serialization	invalid	0	1	reject	4	4	0	0	108671
62gp95	core.signing-serialization	standard	1	1	accept	4	4	4	4	109100
62v9zq	core.signature-checking.multisig.m-of-15	invalid	0	0	reject	15	15	0	0	394884
633ent	core.data-signatures	standard	1	1	accept	1	1	1	1	27510
63c9e3	core.signing-serialization	invalid	0	0	reject	3	1	1	0	29369
63q2hx	core.signature-checking.multisig.m-of-20	invalid	0	0	reject	20	2	1	0	59094
645uq5	core.signature-checking.multisig.pubkey-validation	invalid	0	0	reject	2	1	0	0	27922
646nrm	core.signature-checking.multisig.m-of-3	standard	1	1	accept	3	3	3	3	80030
64gfrr	core.signature-checking.multisig.signing-serialization	standard	1	0	accept	3	2	2	2	54534
64kxh6	core.signing-serialization	invalid	0	0	reject	1	1	1	0	28604
64s3wh	core.signing-serialization	standard	1	0	accept	1	1	4	4	28471
64xwaz	core.signing-serialization	invalid	0	0	reject	1	1	1	0	27845
653ua5	core.signing-serialization	invalid	0	0	reject	2	1	0	0	29068
658sk0	core.signing-serialization	standard	1	0	accept	2	1	4	4	29068
65f6vk	core.signature-checking.multisig.pubkey-validation	invalid	0	0	reject	2	1	1	0	27952
66qaxs	core.signature-checking.multisig.signing-serialization	standard	1	1	accept	3	3	3	3	80522
66t0r4	core.signing-serialization	invalid	0	0	reject	1	1	0	0	28591
6769kd	core.signing-serialization	invalid	0	0	reject	1	1	1	0	28567
677v8y	core.signing-serialization	standard	1	1	accept	4	4	4	4	108380
67a7m6	core.signature-checking.multisig.m-of-3	invalid	0	0	reject	3	2	1	0	54540
67fy0n	core.signing-serialization	invalid	0	0	reject	1	1	1	0	27901
67k99q	core.signature-checking.multisig.m-of-20	standard	1	1	accept	20	20	20	20	534563
67mxf7	core.signing-serialization	invalid	0	0	reject	1	1	1	0	28609
67rktp	core.data-signatures	standard	1	1	accept	1	1	1	1	27383
6805uf	core.signing-serialization	standard	1	1	accept	8	8	8	8	215097
683py2	core.signature-checking.multisig.m-of-3	invalid	0	0	reject	3	2	1	0	54534
68qcmr	core.signature-checking.multisig.m-of-3	invalid	0	0	reject	3	2	1	0	54516
693fjh	core.signing-serialization	standard	1	1	accept	4	4	4	4	109577
69nn25	core.signing-serialization	standard	1	1	accept	4	4	4	4	108404
69nz8q	core.signing-serialization	standard	1	1	accept	8	8	8	8	215116
69rvph	core.signing-serialization	invalid	0	1	reject	4	4	0	0	109801
6a7a2a	core.signature-checking.multisig.m-of-20	standard	1	1	accept	20	20	20	20	533494
6a8w6a	core.signature-checking.multisig.m-of-3	invalid	0	0	reject	3	1	1	0	28031
6aspy2	core.signature-checking.multisig.pubkey-validation	invalid	0	0	reject	2	1	1	0	27946
6axjkd	core.signature-checking.multisig.m-of-3	invalid	0	0	reject	3	2	1	0	54510
6cestv	core.signature-checking.multisig.signing-serialization	standard	1	1	accept	3	3	3	3	80546
6cguj5	core.signature-checking.multisig.m-of-3	invalid	0	0	reject	3	2	0	0	54524
6cpm0d	core.signing-serialization	invalid	0	0	reject	1	1	1	0	28591
6d0uun	core.signing-serialization	invalid	0	0	reject	7	7	0	0	189156
6ddgn5	core.signing-serialization	invalid	0	0	reject	2	1	1	0	28972
6dqk6r	core.signature-checking.multisig.m-of-3	invalid	0	0	reject	3	2	0	0	54548
6dtrcp	core.signing-serialization	standard	1	1	accept	8	8	8	8	215092
6dv3zw	core.signing-serialization	standard	1	1	accept	4	4	4	4	109801
6e8pst	core.signature-checking.multisig.m-of-15	standard	1	1	accept	15	15	15	15	394866
6enm99	core.data-signatures	standard	1	1	accept	1	1	1	1	27436
6et4k2	core.signing-serialization	invalid	0	0	reject	5	5	5	0	136498
6euq45	core.data-signatures	standard	1	1	accept	1	1	1	1	27390
6ffz64	core.signature-checking.multisig.m-of-15	invalid	0	0	reject	15	1	0	0	30868
6fg0w2	core.signing-serialization	invalid	0	0	reject	1	1	1	0	28572
6fkdv5	core.signing-serialization	invalid	0	1	reject	8	8	0	0	215382
6g57cn	core.signing-serialization	invalid	0	0	reject	1	1	1	0	27883
6hdw4t	core.data-signatures	standard	1	1	accept	1	1	1	1	26790
6hh3ws	core.signature-checking.multisig.signing-serialization	standard	1	1	accept	3	3	3	3	79784
6hj8wx	core.signing-serialization	invalid	0	1	reject	8	8	0	0	215321
6hlyrd	core.signing-serialization	invalid	0	0	reject	1	1	1	0	28495
6hpuxf	core.signature-checking.multisig.m-of-3	invalid	0	0	reject	3	2	0	0	54523
6hydw7	core.signing-serialization	invalid	0	0	reject	7	7	7	0	188956
6j30cu	core.signing-serialization	invalid	0	0	reject	1	1	1	0	27881
6jhgql	core.data-signatures	standard	1	1	accept	1	1	1	1	26894
6jz6fu	core.data-signatures	standard	1	1	accept	1	1	1	1	26953
6k78j8	core.signing-serialization	invalid	0	0	reject	3	1	1	0	29502
6k7w5j	core.signature-checking.multisig.m-of-3	invalid	0	0	reject	3	2	0	0	54524
6kf6np	core.signing-serialization	standard	1	0	accept	2	1	4	4	28972
6kvven	core.data-signatures	standard	1	1	accept	1	1	1	1	27512
6kzxey	core.signing-serialization	standard	1	1	accept	8	8	8	8	215092
6m4syn	core.signature-checking.multisig.m-of-3	invalid	0	0	reject	3	3	0	0	80540
6mrppr	core.signature-checking.multisig.signing-serialization	standard	1	0	accept	3	2	2	2	54510
6mrqfz	core.signature-checking.multisig.pubkey-validation	invalid	0	0	reject	2	1	0	0	27952
6n38hr	core.signing-serialization	standard	1	1	accept	4	4	4	4	107760
6n4tdw	core.signing-serialization	standard	1	1	accept	4	4	4	4	107760
6n8rgg	core.signing-serialization	standard	1	0	accept	2	1	4	4	29097
6nr7d6	core.signing-serialization	invalid	0	0	reject	1	1	1	0	28567
6p0wyn	core.signature-checking.multisig.m-of-20	invalid	0	0	reject	20	2	1	0	59118
6p54gs	core.signature-checking.multisig.m-of-20	invalid	0	0	reject	20	2	1	0	56049
6pdnpu	core.signing-serialization	standard	1	1	accept	4	4	4	4	109601
6pdr3c	core.signing-serialization	invalid	0	0	reject	1	1	1	0	28495
6pfvxz	core.signing-serialization	invalid	0	0	reject	3	1	0	0	29489
6ph8e3	core.data-signatures	standard	1	1	accept	1	1	1	1	27532
6ppuv5	core.signing-serialization	invalid	0	1	reject	8	8	0	0	215316
6pqa2x	core.signing-serialization	invalid	0	1	reject	6	6	0	0	162663
6ps7n8	core.signing-serialization	invalid	0	0	reject	5	5	5	0	136517
6px7yc	core.signing-serialization	standard	1	1	accept	4	4	4	4	108436
6q6zdy	core.data-signatures	standard	1	1	accept	1	1	1	1	28497
6qct7q	core.data-signatures	standard	1	1	accept	1	1	1	1	27497
6qjss6	core.signing-serialization	invalid	0	0	reject	1	1	1	0	28567
6qmjm7	core.signature-checking.multisig.m-of-20	invalid	0	0	reject	20	2	1	0	59118
6qnne9	core.signing-serialization	invalid	0	1	reject	4	4	0	0	108412
6qpvyv	core.signing-serialization	standard	1	1	accept	4	4	4	4	108436
6qsq3r	core.signature-checking.multisig.signing-serialization	standard	1	1	accept	3	3	3	3	80523
6qwdsd	core.signature-checking.multisig.m-of-20	invalid	0	0	reject	20	2	2	0	59104
6qxvjd	core.signature-checking.multisig.m-of-3	invalid	0	0	reject	3	2	2	0	54540
6rc9dk	core.signing-serialization	invalid	0	1	reject	6	6	0	0	162687
6rh3tu	core.signature-checking.multisig.pubkey-validation	invalid	0	0	reject	2	1	1	0	27929
6rkd5z	core.signing-serialization	standard	1	1	accept	4	4	4	4	109806
6rzlaj	core.data-signatures	standard	1	1	accept	1	1	1	1	26889
6skj89	core.signature-checking.multisig.signing-serialization	standard	1	1	accept	3	3	3	3	79784
6t385q	core.data-signatures	standard	1	1	accept	1	1	1	1	27551
6thlj9	core.signing-serialization	invalid	0	1	reject	6	6	0	0	162687
6tk7ju	core.signing-serialization	standard	1	0	accept	1	1	4	4	28572
6tn6n5	core.signing-serialization	invalid	0	1	reject	6	6	0	0	161828
6tnnpt	core.signing-serialization	standard	1	1	accept	4	4	4	4	109825
6u0mlh	core.signature-checking.multisig.signing-serialization	standard	1	0	accept	3	2	2	2	54510
6u3gys	core.signing-serialization	invalid	0	0	reject	1	1	0	0	27978
6u8mp2	core.signature-checking.multisig.signing-serialization	standard	1	1	accept	3	3	3	3	80545
6uhup6	core.signing-serialization	standard	1	1	accept	4	4	4	4	107822
6ujp4e	core.signing-serialization	invalid	0	0	reject	7	7	7	0	189156
6vl2w3	core.signing-serialization	invalid	0	0	reject	2	1	1	0	29097
6vlswt	core.signature-checking.multisig.m-of-3	invalid	0	0	reject	3	2	1	0	54534
6vnlyz	core.signature-checking.multisig.m-of-20	invalid	0	0	reject	20	2	1	0	56879
6vuney	core.signature-checking.multisig.pubkey-validation	invalid	0	0	reject	2	1	1	0	27800
6vyjql	core.signing-serialization	invalid	0	0	reject	2	1	1	0	29092
6w4vkc	core.signing-serialization	invalid	0	0	reject	1	1	1	0	27906
6wjvj0	core.signature-checking.multisig.signing-serialization	standard	1	1	accept	3	3	3	3	80546
6wmuwc	core.signing-serialization	standard	1	1	accept	8	8	8	8	214354
6x5tsq	core.signing-serialization	invalid	0	0	reject	1	1	0	0	28567
6x8y7w	core.data-signatures	standard	1	1	accept	1	1	1	1	27504
6xe86a	core.signature-checking.multisig.signing-serialization	standard	1	1	accept	3	3	3	3	80522
6xkgrg	core.signing-serialization	invalid	0	0	reject	1	1	0	0	27889
6xlz44	core.signature-checking.multisig.m-of-3	invalid	0	0	reject	3	1	1	0	28031
6xm40u	core.signature-checking.multisig.signing-serialization	standard	1	1	accept	3	3	3	3	79784
6y5gv3	core.signature-checking.multisig.m-of-3	invalid	0	0	reject	3	2	0	0	54534
6yyc56	core.signature-checking.multisig.m-of-3	invalid	0	0	reject	3	2	0	0	54548
6yzsa5	core.signing-serialization	invalid	0	0	reject	1	1	1	0	27845
6zk84l	core.signing-serialization	standard	1	1	accept	4	4	4	4	108876
6ztk2h	core.signature-checking.multisig.m-of-20	invalid	0	0	reject	20	9	1	0	248590
6zz804	core.signing-serialization	invalid	0	0	reject	3	1	0	0	29489
70n3yd	core.signing-serialization	invalid	0	1	reject	4	4	0	0	109862
70pque	core.signature-checking.multisig.signing-serialization	standard	1	1	accept	3	3	3	3	80546
70rsw6	core.signing-serialization	standard	1	0	accept	1	1	4	4	28596
720s87	core.signing-serialization	standard	1	0	accept	3	1	4	4	29393
72jjsx	core.signing-serialization	invalid	0	0	reject	5	5	5	0	136269
72mwwj	core.signing-serialization	standard	1	0	accept	1	1	4	4	28471
72u6g2	core.signing-serialization	invalid	0	0	reject	1	1	1	0	27881
73204z	core.signing-serialization	invalid	0	0	reject	2	1	0	0	29068
73h74c	core.signing-serialization	invalid	0	0	reject	3	1	0	0	29465
73qhq5	core.signing-serialization	standard	1	1	accept	4	4	4	4	107760
747phm	core.signature-checking.multisig.signing-serialization	standard	1	0	accept	3	2	2	2	54534
74yvcd	core.signature-checking.multisig.m-of-20	standard	1	1	accept	20	20	20	20	527091
74zadf	core.signature-checking.multisig.m-of-3	standard	1	0	accept	3	1	1	1	28049
75jwsj	core.signing-serialization	standard	1	1	accept	4	4	4	4	107797
75qfre	core.data-signatures	standard	1	1	accept	1	1	1	1	27081
764m4g	core.signing-serialization	standard	1	1	accept	4	4	4	4	108436
764wk8	core.signing-serialization	invalid	0	0	reject	1	1	0	0	28580
764wzt	core.signature-checking.multisig.m-of-3	invalid	0	0	reject	3	2	0	0	54548
766kkh	core.signing-serialization	standard	1	1	accept	4	4	4	4	108436
76g9nz	core.signature-checking.multisig.m-of-3	invalid	0	0	reject	3	2	0	0	54523
76vhyn	core.data-signatures	standard	1	1	accept	1	1	1	1	27490
76xzl2	core.data-signatures	standard	1	1	accept	1	1	1	1	27792
77ermd	core.signature-checking.multisig.signing-serialization	standard	1	0	accept	3	2	2	2	54534
77p9v4	core.signing-serialization	invalid	0	0	reject	1	1	1	0	28508
77qee0	core.signing-serialization	standard	1	1	accept	4	4	4	4	108447
77qqky	core.signing-serialization	invalid	0	0	reject	3	1	0	0	29465
77yw93	core.data-signatures	standard	1	1	accept	1	1	1	1	27402
787auj	core.signature-checking.multisig.pubkey-validation	invalid	0	0	reject	2	1	1	0	27931
78azmf	core.signing-serialization	invalid	0	0	reject	1	1	1	0	28591
78e5rq	core.signature-checking.multisig.m-of-3	invalid	0	0	reject	3	2	1	0	54523
78hffc	core.data-signatures	standard	1	1	accept	1	1	1	1	26772
78jpjj	core.signing-serialization	invalid	0	0	reject	1	1	0	0	28604
78r75r	core.signing-serialization	standard	1	1	accept	4	4	4	4	108380
78zaj0	core.signature-checking.multisig.signing-serialization	standard	1	1	accept	3	3	3	3	79784
797q6t	core.signature-checking.multisig.signing-serialization	standard	1	0	accept	3	2	2	2	54510
797y84	core.signing-serialization	invalid	0	0	reject	7	7	7	0	188951
7a2ly5	core.signature-checking.multisig.m-of-3	invalid	0	0	reject	3	2	1	0	54541
7a6zct	core.signing-serialization	invalid	0	0	reject	3	1	1	0	29369
7aeq27	core.signature-checking.multisig.m-of-3	invalid	0	0	reject	3	2	0	0	54541
7agpp2	core.signature-checking.multisig.m-of-3	invalid	0	0	reject	3	2	0	0	54541
7akxn9	core.signing-serialization	invalid	0	1	reject	4	4	0	0	109801
7allgv	core.signing-serialization	standard	1	1	accept	4	4	4	4	108380
7apqt7	core.signing-serialization	standard	1	1	accept	6	6	6	6	162458
7ar3jx	core.signing-serialization	standard	1	1	accept	4	4	4	4	108380
7c0acx	core.data-signatures	standard	1	1	accept	1	1	1	1	27310
7ck3x2	core.signature-checking.multisig.m-of-3	invalid	0	0	reject	3	3	0	0	80540
7cr322	core.data-signatures	standard	1	1	accept	1	1	1	1	27425
7dsdpk	core.signing-serialization	invalid	0	1	reject	4	4	0	0	109100
7dx3zv	core.signing-serialization	standard	1	0	accept	3	1	4	4	29369
7e6f86	core.signing-serialization	invalid	0	0	reject	1	1	1	0	28580
7ed55p	core.signing-serialization	invalid	0	0	reject	3	1	0	0	29489
7ed7yx	core.signing-serialization	invalid	0	0	reject	2	1	0	0	29068
7em46x	core.data-signatures	standard	1	1	accept	1	1	1	1	26794
7f6xd9	core.signing-serialization	standard	1	0	accept	2	1	4	4	29092
7f9e75	core.signature-checking.multisig.m-of-3	invalid	0	0	reject	3	3	0	0	80515
7f9uz9	core.data-signatures	standard	1	1	accept	1	1	1	1	27514
7fm206	core.data-signatures	standard	1	1	accept	1	1	1	1	28538
7fua2f	core.signature-checking.multisig.m-of-3	invalid	0	0	reject	3	3	0	0	80540
7g54n4	core.signing-serialization	invalid	0	0	reject	2	1	1	0	28996
7gmzxq	core.data-signatures	standard	1	1	accept	1	1	1	1	27410
7gnse0	core.signing-serialization	standard	1	0	accept	3	1	4	4	29465
7grl95	core.signing-serialization	standard	1	0	accept	1	1	4	4	28591
7gu4yw	core.signing-serialization	invalid	0	1	reject	4	4	0	0	108056
7h2spd	core.signing-serialization	invalid	0	0	reject	2	1	0	0	29068
7h997p	core.signature-checking.multisig.m-of-20	standard	1	1	accept	20	20	20	20	527115
7hmqme	core.signing-serialization	standard	1	1	accept	8	8	8	8	215097
7ht778	core.signing-serialization	standard	1	1	accept	4	4	4	4	107760
7hy96r	core.signing-serialization	invalid	0	1	reject	8	8	0	0	215321
7j062x	core.signature-checking.multisig.m-of-15	invalid	0	0	reject	15	1	1	0	30868
7jeumv	core.signing-serialization	standard	1	0	accept	2	1	4	4	28996
7js44g	core.signing-serialization	invalid	0	0	reject	3	1	1	0	29393
7jxgd7	core.signature-checking.multisig.pubkey-validation	invalid	0	0	reject	2	1	1	0	27922
7kct5a	core.signing-serialization	invalid	0	0	reject	1	1	1	0	28495
7kkcae	core.data-signatures	standard	1	1	accept	1	1	1	1	28339
7kv6m9	core.signing-serialization	standard	1	1	accept	6	6	6	6	162434
7l45x9	core.signature-checking.multisig.m-of-3	invalid	0	0	reject	3	2	1	0	54546
7l9gea	core.signing-serialization	standard	1	1	accept	4	4	4	4	108695
7lwvrr	core.signature-checking.multisig.pubkey-validation	invalid	0	0	reject	2	2	0	0	53923
7lydtd	core.signing-serialization	invalid	0	1	reject	4	4	0	0	109820
7m4h7g	core.signing-serialization	standard	1	1	accept	8	8	8	8	215116
7m508z	core.signing-serialization	standard	1	1	accept	4	4	4	4	109796
7mdnnp	core.signing-serialization	invalid	0	0	reject	1	1	0	0	28591
7my5fz	core.signing-serialization	invalid	0	1	reject	4	4	0	0	108466
7n07zh	core.signing-serialization	invalid	0	0	reject	1	1	1	0	27877
7n2s55	core.signing-serialization	standard	1	0	accept	1	1	4	4	28572
7n4dlt	core.signing-serialization	invalid	0	0	reject	3	1	1	0	29489
7n5cwh	core.signing-serialization	invalid	0	0	reject	1	1	0	0	28567
7n6n32	core.signing-serialization	invalid	0	0	reject	1	1	0	0	28591
7n7gsa	core.signing-serialization	invalid	0	0	reject	1	1	1	0	27978
7ngg29	core.signing-serialization	standard	1	1	accept	4	4	4	4	107760
7nnhx7	core.signing-serialization	standard	1	1	accept	4	4	4	4	107760
7npdc7	core.signature-checking.multisig.signing-serialization	standard	1	0	accept	3	2	2	2	54534
7nrpf8	core.signature-checking.multisig.signing-serialization	standard	1	1	accept	3	3	3	3	80523
7nyuu3	core.signature-checking.multisig.m-of-20	invalid	0	0	reject	20	2	1	0	59118
7p34lv	core.signature-checking.multisig.pubkey-validation	invalid	0	0	reject	2	1	1	0	27794
7p84q7	core.signing-serialization	invalid	0	0	reject	1	1	1	0	27883
7prw6k	core.signing-serialization	invalid	0	0	reject	5	5	0	0	136493
7psftm	core.signing-serialization	invalid	0	0	reject	1	1	1	0	27869
7pt03f	core.signing-serialization	invalid	0	1	reject	4	4	0	0	108466
7pv3dk	core.signature-checking.multisig.m-of-20	invalid	0	0	reject	20	2	1	0	59080
7q8l09	core.signing-serialization	invalid	0	0	reject	7	7	7	0	188956
7qd5n5	core.signature-checking.multisig.m-of-20	invalid	0	0	reject	20	2	1	0	59094
7qls04	core.signing-serialization	invalid	0	0	reject	1	1	1	0	28591
7qpwyk	core.signature-checking.multisig.signing-serialization	standard	1	0	accept	3	2	2	2	54534
7r26pa	core.signature-checking.multisig.signing-serialization	standard	1	1	accept	3	3	3	3	80545
7r5fe6	core.signing-serialization	invalid	0	0	reject	1	1	0	0	28604
7r5s8j	core.signing-serialization	invalid	0	0	reject	1	1	1	0	27881
7rf6e9	core.signing-serialization	invalid	0	0	reject	7	7	0	0	189151
7rsrg6	core.signature-checking.multisig.pubkey-validation	standard	1	0	accept	2	1	1	1	27794
7rwhxm	core.signature-checking.multisig.signing-serialization	standard	1	1	accept	3	3	3	3	80545
7shnej	core.signing-serialization	standard	1	1	accept	4	4	4	4	108415
7smnd9	core.signing-serialization	invalid	0	1	reject	4	4	0	0	108442
7sw0ag	core.signature-checking.multisig.signing-serialization	standard	1	1	accept	3	3	3	3	79784
7sxwsg	core.signing-serialization	invalid	0	0	reject	1	1	0	0	27891
7t9jm4	core.signing-serialization	standard	1	1	accept	8	8	8	8	214135
7tarl8	core.signing-serialization	standard	1	1	accept	8	8	8	8	215326
7tk4pv	core.signature-checking.multisig.signing-serialization	standard	1	0	accept	3	2	2	2	54510
7tl93v	core.signature-checking.multisig.signing-serialization	standard	1	1	accept	3	3	3	3	80545
7tshzh	core.signature-checking.multisig.m-of-3	invalid	0	0	reject	3	1	1	0	28055
7tsrev	core.signing-serialization	invalid	0	0	reject	1	1	1	0	27869
7u4sj7	core.signing-serialization	invalid	0	1	reject	4	4	0	0	108442
7udr9n	core.data-signatures	standard	1	1	accept	1	1	1	1	27391
7ufe9s	core.signing-serialization	invalid	0	0	reject	1	1	0	0	27901
7v52fs	core.signature-checking.multisig.m-of-20	invalid	0	0	reject	20	20	0	0	527101
7vggva	core.signing-serialization	standard	1	1	accept	8	8	8	8	215340
7vmgft	core.signature-checking.multisig.pubkey-validation	invalid	0	0	reject	2	1	0	0	27674
7vqnfu	core.signing-serialization	standard	1	1	accept	6	6	6	6	162439
7wjl5d	core.signing-serialization	standard	1	1	accept	6	6	6	6	161833
7wjqvy	core.signature-checking.multisig.m-of-20	standard	1	1	accept	20	20	20	20	533518
7wprl8	core.signature-checking.multisig.signing-serialization	standard	1	1	accept	3	3	3	3	80546
7wuzlm	core.signing-serialization	standard	1	0	accept	1	1	4	4	28471
7x7m8m	core.data-signatures	standard	1	1	accept	1	1	1	1	27507
7x9lnn	core.signing-serialization	standard	1	1	accept	6	6	6	6	161609
7xalg3	core.signature-checking.multisig.m-of-3	invalid	0	0	reject	3	3	0	0	80516
7xnhrl	core.signing-serialization	invalid	0	0	reject	2	1	0	0	29068
7xny36	core.signature-checking.multisig.m-of-15	invalid	0	0	reject	15	1	1	0	30892
7xv30g	core.signing-serialization	invalid	0	0	reject	2	1	1	0	29068
7y3qtq	core.signature-checking.multisig.signing-serialization	standard	1	0	accept	3	2	2	2	54510
7y5lx3	core.data-signatures	standard	1	1	accept	1	1	1	1	27405
7yaqth	core.signature-checking.multisig.signing-serialization	standard	1	0	accept	3	2	2	2	54534
7yckuz	core.signature-checking.multisig.pubkey-validation	invalid	0	0	reject	2	1	1	0	27955
7yx6ak	core.data-signatures	standard	1	1	accept	1	1	1	1	27506
7z626w	core.signing-serialization	invalid	0	0	reject	1	1	1	0	28484
7z9vpj	core.data-signatures	standard	1	1	accept	1	1	1	1	27387
7zen4w	core.signing-serialization	standard	1	1	accept	4	4	4	4	108442
7zetqw	core.data-signatures	standard	1	1	accept	1	1	1	1	27450
806xvw	core.signature-checking.multisig.m-of-3	invalid	0	0	reject	3	3	0	0	80509
807ujk	core.signing-serialization	invalid	0	0	reject	3	1	1	0	29369
80k4un	core.signing-serialization	invalid	0	0	reject	3	1	1	0	29393
80pk0t	core.signing-serialization	invalid	0	0	reject	1	1	1	0	27990
80xuy9	core.data-signatures	standard	1	1	accept	1	1	1	1	26917
82hmp4	core.signing-serialization	standard	1	1	accept	4	4	4	4	107760
82sm2m	core.signing-serialization	standard	1	0	accept	3	1	4	4	29502
832p22	core.signing-serialization	invalid	0	0	reject	2	1	1	0	28996
83dmdh	core.signature-checking.multisig.m-of-20	standard	1	0	accept	20	2	2	2	59104
83gjxa	core.signing-serialization	invalid	0	0	reject	5	5	5	0	136498
83vapw	core.signature-checking.multisig.m-of-3	invalid	0	0	reject	3	2	0	0	54516
842vhy	core.signature-checking.multisig.m-of-3	invalid	0	0	reject	3	2	0	0	54534
843jz9	core.signature-checking.multisig.m-of-3	invalid	0	0	reject	3	2	0	0	54534
849zzy	core.signature-checking.multisig.pubkey-validation	invalid	0	0	reject	2	1	0	0	27680
84w0gu	core.signing-serialization	invalid	0	1	reject	8	8	0	0	215321
84yq4p	core.data-signatures	standard	1	1	accept	1	1	1	1	27378
852wm2	core.signature-checking.multisig.m-of-3	standard	1	1	accept	3	3	3	3	79292
855ae5	core.signing-serialization	standard	1	1	accept	4	4	4	4	108410
85ktm8	core.signature-checking.multisig.m-of-20	invalid	0	0	reject	20	2	1	0	59094
86d2rh	core.signing-serialization	invalid	0	1	reject	8	8	0	0	215340
873xz5	core.data-signatures	standard	1	1	accept	1	1	1	1	27388
87au58	core.signature-checking.multisig.m-of-20	invalid	0	0	reject	20	2	1	0	59104
87dklg	core.signature-checking.multisig.signing-serialization	standard	1	1	accept	3	3	3	3	80523
87mssr	core.signing-serialization	invalid	0	0	reject	1	1	0	0	27889
87umxw	core.data-signatures	standard	1	1	accept	1	1	1	1	26907
886v0c	core.signing-serialization	invalid	0	1	reject	6	6	0	0	162700
88f5v3	core.signing-serialization	invalid	0	0	reject	1	1	1	0	28495
88gpnw	core.signing-serialization	invalid	0	0	reject	1	1	1	0	28567
88y9r5	core.data-signatures	standard	1	1	accept	1	1	1	1	26873
88zqxa	core.signing-serialization	standard	1	1	accept	4	4	4	4	108412
890nru	core.data-signatures	standard	1	1	accept	1	1	1	1	27527
89dq8w	core.signing-serialization	invalid	0	0	reject	1	1	0	0	28591
89qxht	core.signature-checking.multisig.m-of-3	invalid	0	0	reject	3	2	1	0	54541
89tt86	core.signing-serialization	invalid	0	0	reject	5	5	5	0	136293
8a5ynv	core.signature-checking.multisig.m-of-3	invalid	0	0	reject	3	2	1	0	54523
8ac77m	core.signing-serialization	standard	1	1	accept	4	4	4	4	108410
8ap6mz	core.signing-serialization	standard	1	1	accept	4	4	4	4	107822
8avn6n	core.signing-serialization	standard	1	1	accept	6	6	6	6	162692
8azslk	core.signing-serialization	standard	1	1	accept	4	4	4	4	107760
8cft2k	core.signature-checking.multisig.signing-serialization	standard	1	0	accept	3	2	2	2	54510
8cn37l	core.signing-serialization	standard	1	0	accept	2	1	4	4	28996
8cws5r	core.signing-serialization	standard	1	1	accept	4	4	4	4	107760
8d6vew	core.signing-serialization	invalid	0	0	reject	2	1	1	0	29068
8drle6	core.signing-serialization	standard	1	1	accept	8	8	8	8	215121
8dtpyp	core.signature-checking.multisig.signing-serialization	standard	1	1	accept	3	3	3	3	80546
8dv2x5	core.signing-serialization	standard	1	1	accept	8	8	8	8	215121
8e4rz4	core.signing-serialization	invalid	0	0	reject	1	1	0	0	27901
8e9afl	core.signing-serialization	standard	1	1	accept	8	8	8	8	214130
8eal4j	core.signature-checking.multisig.m-of-20	invalid	0	0	reject	20	2	1	0	59080
8ej0zp	core.signing-serialization	standard	1	0	accept	1	1	4	4	28495
8epcmf	core.signature-checking.multisig.m-of-20	invalid	0	0	reject	20	2	2	0	59080
8eq5hg	core.signing-serialization	standard	1	1	accept	4	4	4	4	108466
8evty5	core.signing-serialization	invalid	0	0	reject	1	1	1	0	27915
8exlmq	core.signing-serialization	standard	1	0	accept	1	1	4	4	28495
8fkzpg	core.signature-checking.multisig.pubkey-validation	invalid	0	0	reject	2	2	0	0	53793
8fkzxe	core.signing-serialization	invalid	0	0	reject	5	5	0	0	136522
8g422u	core.signing-serialization	invalid	0	1	reject	8	8	0	0	215345
8gd45t	core.signing-serialization	standard	1	0	accept	2	1	4	4	28972
8gde7n	core.signature-checking.multisig.m-of-20	standard	1	1	accept	20	20	20	20	527091
8gfs8j	core.signature-checking.multisig.m-of-20	invalid	0	0	reject	20	2	1	0	59118
8gh6k0	core.signature-checking.multisig.m-of-20	standard	1	1	accept	20	20	20	20	527115
8gjpul	core.signing-serialization	standard	1	0	accept	3	1	4	4	29393
8grm52	core.data-signatures	standard	1	1	accept	1	1	1	1	27512
8guqc2	core.signature-checking.multisig.signing-serialization	standard	1	1	accept	3	3	3	3	80521
8h2m3e	core.signing-serialization	invalid	0	0	reject	1	1	0	0	28567
8h2qcq	core.signing-serialization	invalid	0	1	reject	8	8	0	0	215345
8h7gqk	core.signing-serialization	invalid	0	0	reject	1	1	0	0	27901
8h8zpn	core.signature-checking.multisig.m-of-20	invalid	0	0	reject	20	2	1	0	59080
8hc43p	core.signature-checking.multisig.m-of-3	invalid	0	0	reject	3	1	1	0	28025
8hcvh8	core.data-signatures	standard	1	1	accept	1	1	1	1	27823
8hspw5	core.data-signatures	standard	1	1	accept	1	1	1	1	26813
8htdaw	core.signing-serialization	standard	1	1	accept	6	6	6	6	162687
8j8m4d	core.signing-serialization	invalid	0	0	reject	7	7	0	0	189156
8j9p4y	core.signing-serialization	standard	1	1	accept	4	4	4	4	108410
8jdmvu	core.signature-checking.multisig.signing-serialization	standard	1	0	accept	3	2	2	2	54510
8jjcj5	core.signing-serialization	invalid	0	0	reject	2	1	1	0	28996
8jw75j	core.signing-serialization	invalid	0	0	reject	2	1	1	0	28996
8jwwtq	core.signing-serialization	invalid	0	0	reject	1	1	1	0	27859
8jzadl	core.signing-serialization	invalid	0	1	reject	4	4	0	0	109825
8kcm8j	core.signature-checking.multisig.m-of-3	invalid	0	0	reject	3	2	2	0	54516
8kgxem	core.signature-checking.multisig.m-of-20	invalid	0	0	reject	20	2	2	0	59080
8kha0h	core.signing-serialization	standard	1	0	accept	2	1	4	4	28972
8kktsl	core.signature-checking.multisig.m-of-3	invalid	0	0	reject	3	2	1	0	54524
8kpemm	core.signing-serialization	invalid	0	0	reject	2	1	1	0	28972
8kq9wp	core.signing-serialization	invalid	0	0	reject	2	1	1	0	29097
8krl3w	core.signature-checking.multisig.m-of-3	invalid	0	0	reject	3	2	0	0	54516
8kxmu8	core.signature-checking.multisig.m-of-3	invalid	0	0	reject	3	2	1	0	54524
8l405f	core.signature-checking.multisig.m-of-3	invalid	0	0	reject	3	2	0	0	54534
8l6n3z	core.signing-serialization	invalid	0	0	reject	7	7	7	0	189175
8lc6t3	core.signing-serialization	standard	1	1	accept	8	8	8	8	214354
8lej8x	core.signing-serialization	standard	1	1	accept	4	4	4	4	109820
8lg5du	core.signing-serialization	invalid	0	0	reject	1	1	0	0	28578
8lr6ye	core.signature-checking.multisig.m-of-3	invalid	0	0	reject	3	2	1	0	54534
8ly0p3	core.signing-serialization	standard	1	1	accept	4	4	4	4	107832
8m8h75	core.signing-serialization	invalid	0	1	reject	4	4	0	0	109796
8mapc7	core.signing-serialization	invalid	0	0	reject	1	1	1	0	28602
8mcm85	core.signing-serialization	invalid	0	1	reject	4	4	0	0	109796
8mhjw4	core.data-signatures	standard	1	1	accept	1	1	1	1	27429
8n56aw	core.signature-checking.multisig.m-of-15	standard	1	1	accept	15	15	15	15	394890
8n8pg3	core.signing-serialization	standard	1	1	accept	6	6	6	6	161604
8ngzmj	core.signing-serialization	standard	1	1	accept	6	6	6	6	162695
8nlk5g	core.signature-checking.multisig.m-of-3	invalid	0	0	reject	3	2	0	0	54534
8nvfrm	core.signing-serialization	standard	1	1	accept	4	4	4	4	109825
8p0r0k	core.signature-checking.multisig.m-of-3	invalid	0	0	reject	3	2	0	0	54541
8p282h	core.signing-serialization	invalid	0	0	reject	5	5	5	0	136493
8p44vq	core.signing-serialization	standard	1	0	accept	3	1	4	4	29489
8pa05y	core.signing-serialization	standard	1	0	accept	2	1	4	4	28996
8pl6ng	core.signing-serialization	standard	1	1	accept	4	4	4	4	107760
8pqkcj	core.data-signatures	standard	1	1	accept	1	1	1	1	27842
8q00f2	core.signing-serialization	standard	1	1	accept	4	4	4	4	109105
8q52h4	core.signature-checking.multisig.m-of-3	invalid	0	0	reject	3	2	0	0	54517
8qlnhq	core.signing-serialization	standard	1	1	accept	8	8	8	8	215350
8qt9fd	core.signature-checking.multisig.signing-serialization	standard	1	0	accept	3	2	2	2	54510
8qz0a6	core.signing-serialization	standard	1	1	accept	4	4	4	4	108380
8r2gkk	core.signature-checking.multisig.pubkey-validation	invalid	0	0	reject	2	1	1	0	27924
8rcal7	core.signature-checking.multisig.m-of-20	invalid	0	0	reject	20	20	0	0	533467
8resxx	core.signing-serialization	invalid	0	0	reject	1	1	0	0	28580
8rp9rf	core.signature-checking.multisig.m-of-3	invalid	0	0	reject	3	2	1	0	54541
8rs4sa	core.signature-checking.multisig.m-of-3	invalid	0	0	reject	3	2	0	0	54541
8ruqv0	core.signature-checking.multisig.m-of-3	invalid	0	0	reject	3	3	3	0	80515
8sfl5x	core.signing-serialization	invalid	0	0	reject	1	1	0	0	28567
8sqtu8	core.signature-checking.multisig.signing-serialization	standard	1	1	accept	3	3	3	3	79784
8svd9q	core.signing-serialization	invalid	0	0	reject	1	1	1	0	28506
8syueh	core.signature-checking.multisig.m-of-15	standard	1	1	accept	15	15	15	15	395767
8t9n6w	core.signature-checking.multisig.pubkey-validation	invalid	0	0	reject	2	1	1	0	27948
8ta4zv	core.signature-checking.multisig.m-of-3	invalid	0	0	reject	3	2	1	0	54534
8tukwy	core.signing-serialization	invalid	0	0	reject	2	1	1	0	29092
8u4f0s	core.signing-serialization	invalid	0	0	reject	7	7	7	0	189193
8u5mrw	core.data-signatures	standard	1	1	accept	1	1	1	1	27542
8u63ur	core.signing-serialization	invalid	0	0	reject	1	1	1	0	27845
8u65y6	core.signature-checking.multisig.m-of-3	invalid	0	0	reject	3	2	0	0	54516
8u72hl	core.signing-serialization	standard	1	1	accept	8	8	8	8	215097
8u7cce	core.data-signatures	standard	1	1	accept	1	1	1	1	27803
8u8duh	core.signing-serialization	invalid	0	0	reject	1	1	0	0	27913
8uez8l	core.signing-serialization	invalid	0	1	reject	4	4	0	0	108447
8uhe75	core.signing-serialization	standard	1	1	accept	4	4	4	4	108380
8uk5g5	core.signing-serialization	standard	1	1	accept	4	4	4	4	108881
8v3wd0	core.signature-checking.multisig.m-of-3	invalid	0	0	reject	3	3	3	0	80545
8v6xfq	core.signature-checking.multisig.m-of-20	invalid	0	0	reject	20	2	1	0	56892
8v93pk	core.signature-checking.multisig.signing-serialization	standard	1	1	accept	3	3	3	3	80546
8vj5nd	core.signing-serialization	invalid	0	0	reject	7	7	0	0	189217
8vjzav	core.signature-checking.multisig.m-of-3	standard	1	1	accept	3	3	3	3	80522
8vnrx4	core.signing-serialization	invalid	0	0	reject	7	7	7	0	189180
8vuanf	core.signing-serialization	invalid	0	0	reject	2	1	0	0	29092
8w40wm	core.signing-serialization	invalid	0	0	reject	3	1	0	0	29502
8w9ucg	core.signature-checking.multisig.signing-serialization	standard	1	1	accept	3	3	3	3	79784
8ww8lc	core.signing-serialization	invalid	0	0	reject	1	1	0	0	28014
8x3ndr	core.signature-checking.multisig.m-of-20	invalid	0	0	reject	20	20	0	0	527077
8xeukr	core.signing-serialization	standard	1	0	accept	2	1	4	4	29097
8xkrg0	core.data-signatures	standard	1	1	accept	1	1	1	1	27509
8xqlmu	core.signing-serialization	invalid	0	0	reject	1	1	1	0	28602
8yaunc	core.signing-serialization	standard	1	1	accept	6	6	6	6	161838
8z4l9r	core.signing-serialization	invalid	0	0	reject	1	1	1	0	28585
8zc6gg	core.signing-serialization	invalid	0	0	reject	5	5	5	0	136517
8zh9gj	core.signing-serialization	standard	1	1	accept	4	4	4	4	108415
8zsq5v	core.signing-serialization	invalid	0	0	reject	1	1	0	0	28567
90566r	core.signing-serialization	invalid	0	1	reject	4	4	0	0	107792
90835x	core.signing-serialization	standard	1	1	accept	4	4	4	4	108436
90l9qg	core.signing-serialization	invalid	0	0	reject	1	1	1	0	27913
90ruvp	core.signing-serialization	standard	1	1	accept	4	4	4	4	108876
90s3nf	core.signature-checking.multisig.m-of-3	invalid	0	0	reject	3	3	0	0	80540
90wgr6	core.data-signatures	standard	1	1	accept	1	1	1	1	26817
92gm5k	core.signing-serialization	standard	1	1	accept	4	4	4	4	109596
92rdpe	core.signing-serialization	invalid	0	1	reject	4	4	0	0	109796
92rq4q	core.data-signatures	standard	1	1	accept	1	1	1	1	26882
92wvdv	core.signing-serialization	standard	1	1	accept	4	4	4	4	107790
933nn8	core.signing-serialization	standard	1	1	accept	8	8	8	8	215340
93maf5	core.signature-checking.multisig.m-of-3	invalid	0	0	reject	3	3	3	0	80546
93xcqh	core.signature-checking.multisig.m-of-3	invalid	0	0	reject	3	2	1	0	54541
943ux9	core.signature-checking.multisig.m-of-3	invalid	0	0	reject	3	2	0	0	54510
94dfxy	core.signature-checking.multisig.m-of-3	invalid	0	0	reject	3	2	0	0	54523
94j6cv	core.signing-serialization	invalid	0	0	reject	1	1	1	0	27891
94l6r8	core.signature-checking.multisig.m-of-3	invalid	0	0	reject	3	2	1	0	54541
94llph	core.signature-checking.multisig.pubkey-validation	invalid	0	0	reject	2	2	0	0	53703
94wmau	core.signing-serialization	standard	1	0	accept	1	1	4	4	28591
95hhd6	core.signing-serialization	invalid	0	1	reject	4	4	0	0	109825
95zm4e	core.signing-serialization	invalid	0	1	reject	4	4	0	0	109825
966y9x	core.signature-checking.multisig.m-of-3	invalid	0	0	reject	3	2	1	0	54548
96l80s	core.signing-serialization	invalid	0	0	reject	5	5	0	0	136517
96vcg6	core.signature-checking.multisig.m-of-3	invalid	0	0	reject	3	2	0	0	54541
974nf6	core.signing-serialization	standard	1	1	accept	4	4	4	4	109577
97epzd	core.signature-checking.multisig.signing-serialization	standard	1	1	accept	3	3	3	3	80546
97ylrc	core.signature-checking.multisig.pubkey-validation	invalid	0	0	reject	2	1	1	0	27680
97z473	core.signing-serialization	invalid	0	1	reject	4	4	0	0	108471
99cvud	core.signature-checking.multisig.m-of-3	invalid	0	0	reject	3	2	2	0	54534
99mssa	core.benchmarks.signature-checking.p2pkh	standard	1	1	accept	1	1	1	1	27257
9a2evj	core.signature-checking.multisig.signing-serialization	standard	1	1	accept	3	3	3	3	80522
9c23mf	core.signing-serialization	invalid	0	0	reject	2	1	0	0	29092
9c99ga	core.signing-serialization	standard	1	1	accept	4	4	4	4	107790
9cfguf	core.signing-serialization	invalid	0	0	reject	5	5	5	0	136522
9d0fcc	core.signing-serialization	invalid	0	0	reject	3	1	0	0	29489
9d8rus	core.signature-checking.multisig.m-of-3	standard	1	0	accept	3	2	2	2	54534
9deyf5	core.signature-checking.multisig.signing-serialization	standard	1	0	accept	3	2	2	2	54534
9dfux2	core.data-signatures	standard	1	1	accept	1	1	1	1	27483
9dgs98	core.data-signatures	standard	1	1	accept	1	1	1	1	26791
9dwltk	core.signing-serialization	standard	1	1	accept	8	8	8	8	215116
9e8xuw	core.signing-serialization	invalid	0	0	reject	3	1	0	0	29465
9eg69p	core.signature-checking.multisig.signing-serialization	standard	1	0	accept	3	2	2	2	54510
9em20f	core.signing-serialization	standard	1	1	accept	4	4	4	4	108671
9f2a3k	core.signing-serialization	invalid	0	0	reject	3	1	0	0	29502
9f4d9v	core.signing-serialization	invalid	0	0	reject	1	1	1	0	28482
9f8vkh	core.signature-checking.multisig.m-of-3	invalid	0	0	reject	3	2	1	0	54524
9fnttk	core.signing-serialization	invalid	0	0	reject	1	1	1	0	28508
9fq9fn	core.data-signatures	standard	1	1	accept	1	1	1	1	28746
9gcy9q	core.signature-checking.multisig.m-of-3	standard	1	1	accept	3	3	3	3	80546
9gkhyn	core.signing-serialization	standard	1	1	accept	6	6	6	6	161604
9gpfva	core.signature-checking.multisig.m-of-20	standard	1	0	accept	20	2	2	2	56879
9gzghd	core.signing-serialization	standard	1	1	accept	4	4	4	4	107795
9h3knk	core.signature-checking.multisig.m-of-20	standard	1	0	accept	20	8	8	8	221446
9h6jmt	core.data-signatures	standard	1	1	accept	1	1	1	1	26880
9h9gnx	core.signing-serialization	invalid	0	0	reject	7	7	7	0	188951
9h9vwg	core.data-signatures	standard	1	1	accept	1	1	1	1	27517
9hlang	core.signing-serialization	invalid	0	0	reject	1	1	1	0	28508
9hth72	core.signing-serialization	standard	1	1	accept	4	4	4	4	108434
9j53ev	core.signing-serialization	invalid	0	0	reject	5	5	5	0	136527
9jn2mw	core.signing-serialization	standard	1	1	accept	4	4	4	4	108380
9ju2kj	core.signing-serialization	standard	1	1	accept	4	4	4	4	108410
9jys35	core.signature-checking.multisig.m-of-20	invalid	0	0	reject	20	2	1	0	59118
9kdha5	core.signature-checking.multisig.m-of-3	invalid	0	0	reject	3	2	1	0	54540
9kdu9h	core.data-signatures	standard	1	1	accept	1	1	1	1	27433
9ku3uk	core.signing-serialization	invalid	0	0	reject	1	1	1	0	27881
9kwgnv	core.signature-checking.multisig.m-of-3	invalid	0	0	reject	3	1	1	0	28049
9l0w9c	core.signing-serialization	standard	1	1	accept	4	4	4	4	108876
9l3v02	core.signing-serialization	invalid	0	0	reject	1	1	1	0	27859
9l6vpp	core.signing-serialization	invalid	0	0	reject	1	1	0	0	28567
9l8kjv	core.signing-serialization	invalid	0	0	reject	3	1	0	0	29489
9lfly7	core.signing-serialization	invalid	0	0	reject	5	5	5	0	136274
9lfn24	core.signing-serialization	standard	1	1	accept	8	8	8	8	214364
9lgfc3	core.signing-serialization	invalid	0	1	reject	4	4	0	0	108665
9lkchn	core.signature-checking.multisig.m-of-3	invalid	0	0	reject	3	3	3	0	80522
9lpe4p	core.signing-serialization	standard	1	1	accept	8	8	8	8	215350
9lpwu6	core.signature-checking.multisig.m-of-3	invalid	0	0	reject	3	2	1	0	54510
9melht	core.signature-checking.multisig.m-of-20	invalid	0	0	reject	20	2	1	0	59118
9mj4vr	core.signature-checking.multisig.m-of-3	invalid	0	0	reject	3	1	1	0	28049
9p6kw2	core.signing-serialization	standard	1	0	accept	3	1	4	4	29465
9p8c9h	core.signing-serialization	invalid	0	0	reject	7	7	7	0	188956
9paryc	core.signature-checking.multisig.m-of-3	invalid	0	0	reject	3	2	0	0	54541
9pnl3a	core.signing-serialization	standard	1	1	accept	4	4	4	4	108881
9pvc9x	core.signing-serialization	invalid	0	0	reject	1	1	1	0	27881
9qelc4	core.data-signatures	standard	1	1	accept	1	1	1	1	27552
9qjdkl	core.signing-serialization	invalid	0	1	reject	4	4	0	0	109801
9qk06e	core.signing-serialization	invalid	0	0	reject	7	7	7	0	188956
9qk0cy	core.signature-checking.multisig.m-of-20	invalid	0	0	reject	20	8	0	0	221468
9qkhl9	core.signing-serialization	standard	1	1	accept	4	4	4	4	108695
9qsqm2	core.signing-serialization	invalid	0	0	reject	3	1	1	0	29393
9qta3f	core.signing-serialization	standard	1	0	accept	1	1	4	4	28495
9qtfqy	core.signature-checking.multisig.signing-serialization	standard	1	1	accept	3	3	3	3	80546
9rd3mc	core.signing-serialization	invalid	0	0	reject	1	1	1	0	27869
9rlzyh	core.signing-serialization	standard	1	1	accept	8	8	8	8	215358
9rzgfg	core.signature-checking.multisig.m-of-20	invalid	0	0	reject	20	2	1	0	59080
9s28gv	core.signature-checking.multisig.signing-serialization	standard	1	1	accept	3	3	3	3	79783
9s9nvl	core.signature-checking.multisig.m-of-3	invalid	0	0	reject	3	2	2	0	54541
9sd353	core.signing-serialization	standard	1	1	accept	8	8	8	8	215121
9t6lr7	core.data-signatures	standard	1	1	accept	1	1	1	1	27751
9tcgmn	core.signing-serialization	invalid	0	0	reject	1	1	0	0	28591
9tlvr8	core.data-signatures	standard	1	1	accept	1	1	1	1	27516
9tt024	core.signature-checking.multisig.m-of-3	invalid	0	0	reject	3	2	1	0	54541
9ttheh	core.signature-checking.multisig.m-of-3	invalid	0	0	reject	3	2	0	0	54548
9uhe0s	core.signing-serialization	invalid	0	0	reject	1	1	0	0	28591
9uluqp	core.signature-checking.multisig.signing-serialization	standard	1	1	accept	3	3	3	3	80523
9umf4f	core.signature-checking.multisig.m-of-3	invalid	0	0	reject	3	2	2	0	54517
9umw4j	core.signature-checking.multisig.signing-serialization	standard	1	1	accept	3	3	3	3	79783
9ussz7	core.data-signatures	standard	1	1	accept	1	1	1	1	28009
9v3dm8	core.signing-serialization	invalid	0	0	reject	1	1	0	0	28591
9v6qz6	core.signature-checking.multisig.m-of-3	invalid	0	0	reject	3	2	0	0	54510
9vm0zc	core.data-signatures	standard	1	1	accept	1	1	1	1	27920
9vyuwx	core.signing-serialization	invalid	0	0	reject	1	1	0	0	28639
9wd3yz	core.signing-serialization	standard	1	1	accept	6	6	6	6	162458
9wf2u4	core.signing-serialization	standard	1	1	accept	8	8	8	8	214354
9wjdje	core.signing-serialization	standard	1	1	accept	4	4	4	4	109796
9wpluu	core.signing-serialization	invalid	0	0	reject	1	1	0	0	28591
9wq2ec	core.signature-checking.multisig.m-of-3	invalid	0	0	reject	3	2	2	0	54510
9wrnel	core.signature-checking.multisig.m-of-3	standard	1	1	accept	3	3	3	3	79784
9x8hfl	core.signing-serialization	invalid	0	1	reject	4	4	0	0	108447
9x90rc	core.signing-serialization	standard	1	1	accept	4	4	4	4	109601
9xajud	core.data-signatures	standard	1	1	accept	1	1	1	1	27412
9xcnyn	core.signing-serialization	standard	1	1	accept	4	4	4	4	109100
9xlqu5	core.signing-serialization	standard	1	1	accept	4	4	4	4	108404
9xms8a	core.signature-checking.multisig.signing-serialization	standard	1	1	accept	3	3	3	3	79785
9y3tw6	core.signing-serialization	standard	1	1	accept	8	8	8	8	215116
9y5hkc	core.signing-serialization	standard	1	0	accept	3	1	4	4	29393
9yavqz	core.signature-checking.multisig.m-of-20	invalid	0	0	reject	20	2	0	0	56050
9yechy	core.signing-serialization	invalid	0	0	reject	1	1	1	0	28604
9yepxl	core.signing-serialization	standard	1	0	accept	1	1	4	4	28495
9yquw8	core.signing-serialization	invalid	0	0	reject	1	1	1	0	27869
9yrpq7	core.signature-checking.multisig.m-of-20	invalid	0	0	reject	20	20	0	0	534528
9yuq53	core.signing-serialization	invalid	0	0	reject	3	1	0	0	29465
9z0rzz	core.signing-serialization	invalid	0	0	reject	7	7	7	0	188951
9z9fxq	core.signing-serialization	invalid	0	0	reject	2	1	1	0	28996
9zq2e3	core.signing-serialization	standard	1	0	accept	3	1	4	4	29369
9ztntw	core.signature-checking.multisig.m-of-20	invalid	0	0	reject	20	20	20	0	527091
9zvdtm	core.signing-serialization	standard	1	1	accept	6	6	6	6	162458
9zz9ht	core.signing-serialization	standard	1	0	accept	2	1	4	4	28996
a00mrh	core.signing-serialization	standard	1	1	accept	4	4	4	4	107797
a02zgx	core.signing-serialization	invalid	0	0	reject	1	1	0	0	28604
a0m09d	core.signature-checking.multisig.signing-serialization	standard	1	0	accept	3	2	2	2	54534
a0rw6j	core.signing-serialization	invalid	0	0	reject	5	5	0	0	136493
a0vzfc	core.signature-checking.multisig.m-of-20	invalid	0	0	reject	20	20	0	0	527101
a2pv7j	core.signature-checking.multisig.signing-serialization	standard	1	0	accept	3	2	2	2	54510
a2rq4g	core.signature-checking.multisig.m-of-3	invalid	0	0	reject	3	2	1	0	54547
a32vrq	core.signing-serialization	standard	1	1	accept	4	4	4	4	109857
a3amvw	core.signing-serialization	standard	1	1	accept	6	6	6	6	161609
a3jd4z	core.signing-serialization	invalid	0	1	reject	4	4	0	0	107792
a4l6qy	core.signing-serialization	standard	1	0	accept	2	1	4	4	29092
a4xhdz	core.signature-checking.multisig.signing-serialization	standard	1	1	accept	3	3	3	3	80523
a54psx	core.signature-checking.multisig.m-of-3	invalid	0	0	reject	3	2	0	0	54541
a54st5	core.signing-serialization	standard	1	0	accept	1	1	4	4	28471
a58844	core.signature-checking.multisig.m-of-3	invalid	0	0	reject	3	1	1	0	28049
a59pfc	core.signing-serialization	standard	1	1	accept	6	6	6	6	162682
a5l05z	core.signature-checking.multisig.signing-serialization	standard	1	1	accept	3	3	3	3	80522
a5nv8m	core.signature-checking.multisig.m-of-3	invalid	0	0	reject	3	2	1	0	54534
a5p3yk	core.signature-checking.multisig.m-of-15	standard	1	1	accept	15	15	15	15	395743
a5wm5v	core.signature-checking.multisig.m-of-3	invalid	0	0	reject	3	2	1	0	54517
a62s5a	core.signing-serialization	invalid	0	1	reject	4	4	0	0	108436
a64j65	core.signing-serialization	standard	1	1	accept	8	8	8	8	215340
a68esl	core.signing-serialization	invalid	0	0	reject	2	1	0	0	29092
a6a8dt	core.signature-checking.multisig.signing-serialization	standard	1	1	accept	3	3	3	3	80522
a6auy0	core.signature-checking.multisig.m-of-20	invalid	0	0	reject	20	2	2	0	59104
a6dypn	core.signing-serialization	standard	1	1	accept	6	6	6	6	161833
a6e53m	core.signing-serialization	invalid	0	0	reject	1	1	1	0	28495
a6s6ld	core.data-signatures	standard	1	1	accept	1	1	1	1	27493
a6vucx	core.signature-checking.multisig.m-of-20	invalid	0	0	reject	20	2	1	0	59094
a6y86h	core.signature-checking.multisig.signing-serialization	standard	1	0	accept	3	2	2	2	54510
a78j4v	core.signing-serialization	invalid	0	0	reject	1	1	1	0	27915
a7fqcu	core.signing-serialization	invalid	0	0	reject	2	1	1	0	28972
a7h0fn	core.signing-serialization	standard	1	0	accept	2	1	4	4	28996
a7mugl	core.signature-checking.multisig.m-of-3	standard	1	1	accept	3	3	3	3	80054
a7mw2s	core.signing-serialization	invalid	0	0	reject	7	7	0	0	189156
a7rsyh	core.signature-checking.multisig.m-of-20	invalid	0	0	reject	20	2	1	0	59118
a8674n	core.signing-serialization	standard	1	1	accept	4	4	4	4	108404
a8a962	core.signing-serialization	standard	1	0	accept	2	1	4	4	28996
a8kun5	core.signature-checking.multisig.pubkey-validation	invalid	0	0	reject	2	2	0	0	53947
a8nywm	core.signature-checking.multisig.m-of-20	invalid	0	0	reject	20	20	0	0	533443
a9a7tj	core.signing-serialization	standard	1	1	accept	4	4	4	4	108415
a9lr9r	core.data-signatures	standard	1	1	accept	1	1	1	1	27540
aa4an6	core.signature-checking.multisig.m-of-20	standard	1	0	accept	20	2	2	2	56879
aa7hu6	core.signature-checking.multisig.signing-serialization	standard	1	0	accept	3	2	2	2	54510
aacnah	core.signing-serialization	invalid	0	0	reject	1	1	0	0	28567
aaf6p5	core.signature-checking.multisig.m-of-20	invalid	0	0	reject	20	20	0	0	527101
aafkdm	core.signature-checking.multisig.signing-serialization	standard	1	0	accept	3	2	2	2	54510
aau65x	core.signing-serialization	standard	1	0	accept	1	1	4	4	28596
aay9ku	core.signing-serialization	invalid	0	1	reject	8	8	0	0	214359
ac33s3	core.signing-serialization	standard	1	1	accept	8	8	8	8	214130
acs3y5	core.signature-checking.multisig.signing-serialization	standard	1	0	accept	3	2	2	2	54534
acw3xn	core.signature-checking.multisig.m-of-3	invalid	0	0	reject	3	2	1	0	54522
acw4eq	core.signing-serialization	standard	1	1	accept	4	4	4	4	108412
adyr35	core.signing-serialization	standard	1	1	accept	8	8	8	8	215358
ae8qeu	core.signature-checking.multisig.signing-serialization	standard	1	0	accept	3	2	2	2	54534
aexfnq	core.signing-serialization	invalid	0	1	reject	6	6	0	0	162663
af32fw	core.signing-serialization	invalid	0	0	reject	1	1	1	0	27901
af4n07	core.signing-serialization	invalid	0	0	reject	3	1	1	0	29393
afkkjm	core.signing-serialization	invalid	0	1	reject	8	8	0	0	214359
agmk9f	core.signing-serialization	invalid	0	0	reject	5	5	5	0	136298
agt2vj	core.signature-checking.multisig.signing-serialization	standard	1	1	accept	3	3	3	3	80522
ahf4zz	core.signing-serialization	standard	1	1	accept	4	4	4	4	108404
ahkfrk	core.signing-serialization	invalid	0	0	reject	1	1	1	0	27915
ahms2v	core.signing-serialization	invalid	0	0	reject	1	1	1	0	27877
ajcf2w	core.signing-serialization	invalid	0	0	reject	1	1	1	0	27845
ajfjh2	core.data-signatures	standard	1	1	accept	1	1	1	1	27405
ajksnq	core.signing-serialization	invalid	0	0	reject	5	5	5	0	136274
ajs9vn	core.signing-serialization	standard	1	0	accept	2	1	4	4	28996
al06c2	core.signature-checking.multisig.signing-serialization	standard	1	0	accept	3	2	2	2	54534
alf0fv	core.signature-checking.multisig.signing-serialization	standard	1	1	accept	3	3	3	3	80546
alq5u2	core.signing-serialization	standard	1	0	accept	1	1	4	4	28495
am2kdg	core.signature-checking.multisig.m-of-20	standard	1	0	accept	20	2	2	2	59080
amyczt	core.signing-serialization	invalid	0	0	reject	5	5	5	0	136554
an2qag	core.signature-checking.multisig.signing-serialization	standard	1	1	accept	3	3	3	3	79784
anmkvv	core.signing-serialization	standard	1	1	accept	4	4	4	4	109596
anr933	core.signing-serialization	standard	1	0	accept	3	1	4	4	29369
ans3za	core.signing-serialization	standard	1	1	accept	4	4	4	4	108442
anutyh	core.signature-checking.multisig.m-of-3	invalid	0	0	reject	3	2	1	0	54517
ap9vjt	core.signing-serialization	standard	1	1	accept	4	4	4	4	108410
apcxtp	core.data-signatures	standard	1	1	accept	1	1	1	1	27421
aph03m	core.signature-checking.multisig.pubkey-validation	invalid	0	0	reject	2	1	1	0	27825
apmnk2	core.signing-serialization	standard	1	1	accept	4	4	4	4	109830
aptg9t	core.signing-serialization	standard	1	1	accept	4	4	4	4	108471
apvruy	core.signature-checking.multisig.signing-serialization	standard	1	0	accept	3	2	2	2	54510
apzu9n	core.signing-serialization	invalid	0	0	reject	7	7	7	0	189175
aq8cr8	core.signing-serialization	standard	1	0	accept	1	1	4	4	28495
aqfjuy	core.signing-serialization	standard	1	1	accept	8	8	8	8	215345
ar3uyn	core.signature-checking.multisig.m-of-20	standard	1	0	accept	20	2	2	2	56036
ar97ql	core.signing-serialization	invalid	0	0	reject	2	1	0	0	29068
arahav	core.signing-serialization	invalid	0	0	reject	1	1	1	0	27978
ardj8d	core.signing-serialization	invalid	0	0	reject	1	1	1	0	27857
ares4w	core.signature-checking.multisig.m-of-20	standard	1	0	accept	20	2	2	2	59080
arl60l	core.signature-checking.multisig.m-of-20	invalid	0	0	reject	20	2	1	0	59094
as0sg6	core.signing-serialization	invalid	0	0	reject	3	1	1	0	29393
as4alj	core.signature-checking.multisig.signing-serialization	standard	1	1	accept	3	3	3	3	80545
asadzt	core.signing-serialization	invalid	0	0	reject	2	1	1	0	29129
asjtmd	core.data-signatures	standard	1	1	accept	1	1	1	1	27536
asjx5c	core.signing-serialization	standard	1	1	accept	4	4	4	4	108876
asn0x8	core.signing-serialization	invalid	0	0	reject	7	7	7	0	189180
asty0y	core.signing-serialization	invalid	0	0	reject	2	1	0	0	29129
asv3h3	core.signature-checking.multisig.m-of-3	standard	1	0	accept	3	1	1	1	28049
at6n8t	core.signature-checking.multisig.signing-serialization	standard	1	1	accept	3	3	3	3	80547
at9eqj	core.signing-serialization	standard	1	1	accept	4	4	4	4	109601
atfuqy	core.signing-serialization	invalid	0	0	reject	2	1	0	0	29068
atnwfh	core.signature-checking.multisig.signing-serialization	standard	1	1	accept	3	3	3	3	80546
atr9nq	core.signing-serialization	invalid	0	1	reject	4	4	0	0	108436
attdnp	core.signing-serialization	standard	1	0	accept	3	1	4	4	29502
au0xur	core.signature-checking.multisig.pubkey-validation	invalid	0	0	reject	2	1	0	0	27704
auld5f	core.signing-serialization	standard	1	1	accept	4	4	4	4	108434
aumdmw	core.data-signatures	standard	1	1	accept	1	1	1	1	26898
aump5c	core.signing-serialization	invalid	0	1	reject	4	4	0	0	109820
ausvq3	core.signing-serialization	invalid	0	0	reject	1	1	0	0	27901
auydhr	core.signing-serialization	invalid	0	1	reject	8	8	0	0	214359
av3793	core.signing-serialization	standard	1	0	accept	3	1	4	4	29369
avd9gl	core.signing-serialization	invalid	0	0	reject	5	5	5	0	136274
avdg3n	core.signature-checking.multisig.m-of-3	invalid	0	0	reject	3	2	0	0	54541
avg9vk	core.signing-serialization	invalid	0	0	reject	2	1	1	0	29073
avh3lg	core.signing-serialization	standard	1	1	accept	4	4	4	4	108404
awcrug	core.signing-serialization	invalid	0	1	reject	6	6	0	0	162658
awnvfl	core.signing-serialization	invalid	0	0	reject	1	1	1	0	28508
awy7xl	core.data-signatures	standard	1	1	accept	1	1	1	1	26793
ax5tkj	core.signature-checking.multisig.signing-serialization	standard	1	1	accept	3	3	3	3	80522
axdzvt	core.signing-serialization	invalid	0	0	reject	2	1	1	0	29068
axeeu9	core.signing-serialization	invalid	0	0	reject	1	1	1	0	27845
axew23	core.signing-serialization	invalid	0	0	reject	2	1	1	0	29092
ay009n	core.signing-serialization	invalid	0	0	reject	5	5	5	0	136554
ay0gz6	core.signing-serialization	standard	1	1	accept	4	4	4	4	108447
ay5s2d	core.signing-serialization	invalid	0	0	reject	1	1	0	0	27901
aydc24	core.signing-serialization	standard	1	1	accept	6	6	6	6	161828
ayk9ve	core.signature-checking.multisig.signing-serialization	standard	1	1	accept	3	3	3	3	80546
ayp3uw	core.data-signatures	standard	1	1	accept	1	1	1	1	27555
az8rmt	core.data-signatures	standard	1	1	accept	1	1	1	1	26822
azvlxp	core.signature-checking.multisig.pubkey-validation	invalid	0	0	reject	2	1	0	0	27946
azvque	core.signing-serialization	invalid	0	0	reject	2	1	0	0	29092
azxhud	core.signing-serialization	standard	1	1	accept	4	4	4	4	108412
c00jqk	core.signing-serialization	invalid	0	0	reject	1	1	0	0	27913
c0m96v	core.signing-serialization	standard	1	1	accept	6	6	6	6	162668
c0yj5q	core.signing-serialization	standard	1	1	accept	6	6	6	6	161609
c0yk24	core.signing-serialization	invalid	0	0	reject	1	1	1	0	28580
c0zsjx	core.data-signatures	standard	1	1	accept	1	1	1	1	27433
c222ve	core.data-signatures	standard	1	1	accept	1	1	1	1	28436
c2j0x6	core.signing-serialization	invalid	0	0	reject	7	7	0	0	189212
c2vu69	core.signing-serialization	standard	1	1	accept	4	4	4	4	108876
c3anvd	core.signing-serialization	invalid	0	0	reject	1	1	1	0	27845
c3n2pd	core.signature-checking.multisig.m-of-3	invalid	0	0	reject	3	1	1	0	28055
c3uyf8	core.signing-serialization	invalid	0	0	reject	3	1	0	0	29465
c474j3	core.data-signatures	standard	1	1	accept	1	1	1	1	28514
c4chnz	core.benchmarks.signature-checking.bms-ecdsa	standard	1	1	accept	3	3	3	3	79292
c4ldpn	core.signing-serialization	standard	1	0	accept	1	1	4	4	28567
c4pe00	core.signature-checking.multisig.signing-serialization	standard	1	1	accept	3	3	3	3	80522
c4rgqj	core.signing-serialization	invalid	0	0	reject	1	1	0	0	28602
c4uk0y	core.signing-serialization	invalid	0	0	reject	2	1	1	0	28972
c4z65f	core.data-signatures	standard	1	1	accept	1	1	1	1	27426
c55cth	core.signature-checking.multisig.m-of-3	invalid	0	0	reject	3	1	1	0	28056
c5ag9h	core.signing-serialization	invalid	0	0	reject	2	1	0	0	29092
c5enlr	core.signing-serialization	invalid	0	0	reject	7	7	7	0	188951
c5wam0	core.signing-serialization	standard	1	1	accept	4	4	4	4	109833
c65cfu	core.signing-serialization	standard	1	1	accept	6	6	6	6	162463
c69cud	core.signing-serialization	invalid	0	0	reject	1	1	1	0	27845
c6f4f5	core.signature-checking.multisig.signing-serialization	standard	1	0	accept	3	2	2	2	54534
c6zknu	core.signature-checking.multisig.signing-serialization	standard	1	1	accept	3	3	3	3	80546
c7dq90	core.signature-checking.multisig.signing-serialization	standard	1	1	accept	3	3	3	3	79784
c7ert2	core.signing-serialization	invalid	0	0	reject	2	1	0	0	29068
c7fmnh	core.signing-serialization	standard	1	1	accept	8	8	8	8	214364
c7zt0m	core.signing-serialization	invalid	0	0	reject	1	1	1	0	27978
c8elpq	core.signing-serialization	invalid	0	0	reject	1	1	0	0	28567
c8mhmc	core.signing-serialization	invalid	0	1	reject	4	4	0	0	108471
c8nf5t	core.signing-serialization	invalid	0	1	reject	4	4	0	0	108471
c8ymkm	core.data-signatures	standard	1	1	accept	1	1	1	1	26894
c9c4q5	core.signature-checking.multisig.m-of-3	invalid	0	0	reject	3	2	1	0	54548
c9f5ax	core.signature-checking.multisig.signing-serialization	standard	1	1	accept	3	3	3	3	79784
c9mfm0	core.signing-serialization	standard	1	1	accept	6	6	6	6	162463
c9t02l	core.signing-serialization	standard	1	1	accept	4	4	4	4	108434
c9wwr0	core.signing-serialization	standard	1	1	accept	4	4	4	4	108881
ca0ke2	core.data-signatures	standard	1	1	accept	1	1	1	1	27398
ca3q6g	core.signature-checking.multisig.m-of-3	invalid	0	0	reject	3	1	1	0	28032
ca47y3	core.data-signatures	standard	1	1	accept	1	1	1	1	27558
ca67jj	core.signing-serialization	invalid	0	0	reject	2	1	0	0	29068
cack72	core.signing-serialization	standard	1	1	accept	8	8	8	8	214354
cafw4c	core.signing-serialization	invalid	0	0	reject	1	1	0	0	27877
cc6qww	core.signing-serialization	standard	1	1	accept	8	8	8	8	215092
cch8gr	core.signature-checking.multisig.m-of-3	invalid	0	0	reject	3	3	0	0	80516
cchhhc	core.signing-serialization	standard	1	0	accept	2	1	4	4	28996
ccq8hc	core.signing-serialization	invalid	0	0	reject	1	1	1	0	27883
cd4498	core.signature-checking.multisig.m-of-20	invalid	0	0	reject	20	2	0	0	56060
cda6dl	core.signing-serialization	invalid	0	1	reject	6	6	0	0	162724
cddqgt	core.signature-checking.multisig.signing-serialization	standard	1	0	accept	3	2	2	2	54534
cdj0av	core.signature-checking.multisig.m-of-20	invalid	0	0	reject	20	2	1	0	56074
ce3u00	core.signing-serialization	invalid	0	0	reject	5	5	5	0	136298
ce4jut	core.signing-serialization	standard	1	0	accept	2	1	4	4	29092
ce6jpq	core.signing-serialization	standard	1	1	accept	4	4	4	4	108441
cee6q3	core.signing-serialization	invalid	0	0	reject	5	5	0	0	136554
cf2e54	core.signature-checking.multisig.signing-serialization	standard	1	0	accept	3	2	2	2	54510
cfar9n	core.data-signatures	standard	1	1	accept	1	1	1	1	27384
cfg2dc	core.signing-serialization	invalid	0	0	reject	1	1	1	0	28578
cg5hlp	core.signing-serialization	standard	1	1	accept	4	4	4	4	109801
cg93zw	core.signing-serialization	standard	1	1	accept	4	4	4	4	108439
cgd9jy	core.signing-serialization	standard	1	1	accept	4	4	4	4	109572
chefea	core.signature-checking.multisig.signing-serialization	standard	1	0	accept	3	2	2	2	54534
chy0vc	core.signing-serialization	standard	1	1	accept	4	4	4	4	107790
cj3dpd	core.signing-serialization	invalid	0	1	reject	6	6	0	0	162682
cjnshn	core.signing-serialization	invalid	0	0	reject	1	1	1	0	27869
cjvd9a	core.signing-serialization	invalid	0	0	reject	2	1	0	0	29092
cjxacz	core.signing-serialization	invalid	0	0	reject	2	1	0	0	29068
cjzkmc	core.signature-checking.multisig.m-of-3	invalid	0	0	reject	3	3	0	0	80515
ck98xq	core.signature-checking.multisig.m-of-20	invalid	0	0	reject	20	2	1	0	59118
ckt66u	core.data-signatures	standard	1	1	accept	1	1	1	1	27419
cl9q63	core.signing-serialization	standard	1	0	accept	1	1	4	4	28567
cm53ya	core.signing-serialization	invalid	0	0	reject	1	1	0	0	28602
cm5l8q	core.signing-serialization	standard	1	1	accept	6	6	6	6	161609
cm6lss	core.signing-serialization	invalid	0	0	reject	1	1	1	0	28572
cm6nmg	core.signing-serialization	invalid	0	0	reject	1	1	1	0	28484
cmf0l6	core.data-signatures	standard	1	1	accept	1	1	1	1	26914
cmmh4g	core.signature-checking.multisig.m-of-3	invalid	0	0	reject	3	2	0	0	54510
cmndcd	core.signing-serialization	invalid	0	1	reject	4	4	0	0	109820
cn0vjx	core.signing-serialization	invalid	0	0	reject	5	5	5	0	136298
cn0w88	core.signature-checking.multisig.signing-serialization	standard	1	0	accept	3	2	2	2	54510
cn6ck7	core.signature-checking.multisig.m-of-3	invalid	0	0	reject	3	2	0	0	54534
cndk85	core.signing-serialization	invalid	0	0	reject	2	1	1	0	28972
cnjfmu	core.signature-checking.multisig.m-of-3	invalid	0	0	reject	3	2	0	0	54516
cnk88p	core.signing-serialization	standard	1	1	accept	4	4	4	4	107795
cntgu5	core.signing-serialization	invalid	0	1	reject	8	8	0	0	215358
cpg9xc	core.signing-serialization	standard	1	1	accept	4	4	4	4	108641
cplqm0	core.signing-serialization	invalid	0	0	reject	5	5	5	0	136274
cpqzqm	core.signature-checking.multisig.pubkey-validation	invalid	0	0	reject	2	1	0	0	27674
cpsyax	core.signature-checking.multisig.m-of-20	invalid	0	0	reject	20	2	1	0	59080
cq98tm	core.signature-checking.multisig.pubkey-validation	standard	1	0	accept	2	1	1	1	27794
cqae30	core.signing-serialization	standard	1	1	accept	4	4	4	4	108442
cqengv	core.signing-serialization	invalid	0	0	reject	3	1	1	0	29393
cqq54p	core.signing-serialization	standard	1	0	accept	1	1	4	4	28471
cqrpv4	core.signing-serialization	standard	1	1	accept	4	4	4	4	108404
cqz8tf	core.signature-checking.multisig.m-of-3	invalid	0	0	reject	3	2	0	0	54541
cqzna3	core.signature-checking.multisig.m-of-3	invalid	0	0	reject	3	2	2	0	54517
cqzyng	core.data-signatures	standard	1	1	accept	1	1	1	1	28911
cr9vsm	core.signing-serialization	invalid	0	0	reject	1	1	1	0	28607
csk3ul	core.signing-serialization	invalid	0	0	reject	2	1	0	0	29092
csvrhk	core.data-signatures	standard	1	1	accept	1	1	1	1	27452
ct548d	core.signature-checking.multisig.pubkey-validation	invalid	0	0	reject	2	1	1	0	27928
ctc74t	core.signing-serialization	invalid	0	0	reject	2	1	1	0	28972
ctq9g7	core.signing-serialization	invalid	0	0	reject	1	1	1	0	28495
cttfmf	core.signing-serialization	invalid	0	0	reject	3	1	0	0	29489
ctzx7q	core.data-signatures	standard	1	1	accept	1	1	1	1	27690
cu42lc	core.signing-serialization	invalid	0	0	reject	3	1	1	0	29393
cukk0m	core.data-signatures	standard	1	1	accept	1	1	1	1	28395
cuvshz	core.data-signatures	standard	1	1	accept	1	1	1	1	26779
cv3u0p	core.signing-serialization	invalid	0	0	reject	7	7	7	0	188927
cv4xlf	core.signing-serialization	standard	1	1	accept	6	6	6	6	161604
cvdk32	core.signing-serialization	invalid	0	0	reject	1	1	1	0	27845
cve475	core.signing-serialization	invalid	0	0	reject	5	5	5	0	136517
cvl63y	core.signature-checking.multisig.m-of-3	invalid	0	0	reject	3	2	1	0	54548
cvs72j	core.signing-serialization	standard	1	1	accept	4	4	4	4	108021
cvwfhq	core.signature-checking.multisig.m-of-3	standard	1	0	accept	3	2	2	2	54510
cw6f5f	core.signing-serialization	invalid	0	0	reject	1	1	1	0	28484
cw873r	core.signing-serialization	invalid	0	0	reject	1	1	1	0	28583
cw8cc8	core.signature-checking.multisig.signing-serialization	standard	1	1	accept	3	3	3	3	80546
cwadxp	core.signing-serialization	standard	1	1	accept	4	4	4	4	109577
cwh2ld	core.signature-checking.multisig.m-of-20	invalid	0	0	reject	20	2	1	0	59118
cwsalg	core.signing-serialization	invalid	0	1	reject	8	8	0	0	215340
cwzect	core.signature-checking.multisig.signing-serialization	standard	1	0	accept	3	2	2	2	54534
cwzkhh	core.signing-serialization	standard	1	0	accept	3	1	4	4	29393
cx07wm	core.signing-serialization	standard	1	1	accept	8	8	8	8	214359
cy27zq	core.data-signatures	standard	1	1	accept	1	1	1	1	27507
cy4ce5	core.signature-checking.multisig.m-of-3	invalid	0	0	reject	3	1	1	0	28056
cy9d3t	core.signature-checking.multisig.m-of-20	invalid	0	0	reject	20	8	1	0	221521
cyaau2	core.signing-serialization	invalid	0	0	reject	1	1	1	0	28567
cyg4ph	core.signing-serialization	invalid	0	0	reject	5	5	0	0	136498
cykg4q	core.signature-checking.multisig.signing-serialization	standard	1	1	accept	3	3	3	3	80546
cynp8h	core.signing-serialization	invalid	0	1	reject	8	8	0	0	215316
cz0end	core.signing-serialization	invalid	0	0	reject	1	1	1	0	28471
cz349c	core.signature-checking.multisig.m-of-3	invalid	0	0	reject	3	2	0	0	54547
cz3dcz	core.data-signatures	standard	1	1	accept	1	1	1	1	27503
d26lxy	core.signature-checking.multisig.m-of-3	invalid	0	0	reject	3	2	0	0	54548
d28yrq	core.signing-serialization	invalid	0	0	reject	1	1	1	0	28495
d2dujq	core.data-signatures	standard	1	1	accept	1	1	1	1	27423
d2ltdp	core.signing-serialization	invalid	0	0	reject	7	7	7	0	189151
d2mu6a	core.signing-serialization	invalid	0	0	reject	2	1	0	0	29092
d2n900	core.signing-serialization	standard	1	1	accept	4	4	4	4	108410
d2yg6y	core.signing-serialization	invalid	0	1	reject	8	8	0	0	215316
d3adfw	core.signature-checking.multisig.m-of-15	standard	1	1	accept	15	15	15	15	394866
d3hpv8	core.signing-serialization	standard	1	1	accept	4	4	4	4	108881
d3kh83	core.signature-checking.multisig.signing-serialization	standard	1	0	accept	3	2	2	2	54510
d3r8xu	core.signature-checking.multisig.m-of-3	standard	1	1	accept	3	3	3	3	80030
d4ggw9	core.signing-serialization	invalid	0	0	reject	5	5	5	0	136269
d4qme9	core.signing-serialization	invalid	0	0	reject	3	1	0	0	29489
d4x9a0	core.signing-serialization	standard	1	1	accept	6	6	6	6	162658
d54907	core.signing-serialization	standard	1	0	accept	2	1	4	4	28972
d5clvu	core.signing-serialization	invalid	0	0	reject	1	1	0	0	28578
d5jrgu	core.signing-serialization	invalid	0	0	reject	1	1	1	0	28495
d5mady	core.signing-serialization	invalid	0	0	reject	2	1	0	0	29105
d5yppm	core.signing-serialization	invalid	0	1	reject	4	4	0	0	108436
d5z0q8	core.signing-serialization	invalid	0	0	reject	1	1	1	0	28506
d5znft	core.signature-checking.multisig.signing-serialization	standard	1	1	accept	3	3	3	3	80546
d63k5j	core.signing-serialization	invalid	0	0	reject	1	1	1	0	28471
d6akln	core.signing-serialization	invalid	0	0	reject	3	1	0	0	29465
d6f4ld	core.signing-serialization	standard	1	1	accept	8	8	8	8	214135
d6fflh	core.signature-checking.multisig.signing-serialization	standard	1	0	accept	3	2	2	2	54534
d6n2tq	core.signing-serialization	standard	1	1	accept	6	6	6	6	161838
d6rm8p	core.signing-serialization	invalid	0	0	reject	3	1	0	0	29465
d6y5lc	core.signing-serialization	invalid	0	0	reject	3	1	0	0	29489
d727lm	core.data-signatures	standard	1	1	accept	1	1	1	1	27561
d76u32	core.signature-checking.multisig.signing-serialization	standard	1	0	accept	3	2	2	2	54510
d7frad	core.signing-serialization	invalid	0	0	reject	5	5	5	0	136527
d7fspk	core.signing-serialization	standard	1	1	accept	8	8	8	8	215097
d7kew4	core.signing-serialization	standard	1	0	accept	3	1	4	4	29369
d7kr6y	core.signing-serialization	standard	1	1	accept	6	6	6	6	162663
d7qw4k	core.signing-serialization	standard	1	1	accept	4	4	4	4	108441
d7yl06	core.signing-serialization	invalid	0	1	reject	4	4	0	0	108447
d83gze	core.signing-serialization	invalid	0	1	reject	4	4	0	0	108676
d8h38m	core.signing-serialization	invalid	0	0	reject	1	1	1	0	27915
d8unu9	core.signature-checking.multisig.signing-serialization	standard	1	1	accept	3	3	3	3	79784
d9ctah	core.signing-serialization	invalid	0	0	reject	1	1	0	0	28578
d9d37h	core.signature-checking.multisig.m-of-3	invalid	0	0	reject	3	2	1	0	54517
d9fyzq	core.signing-serialization	standard	1	1	accept	8	8	8	8	214130
d9g3ht	core.signature-checking.multisig.m-of-20	invalid	0	0	reject	20	20	20	0	527115
d9h2f9	core.signing-serialization	invalid	0	0	reject	1	1	1	0	28591
d9qk8a	core.signing-serialization	invalid	0	0	reject	3	1	1	0	29465
da46p9	core.signing-serialization	invalid	0	0	reject	2	1	1	0	28972
da7dux	core.signature-checking.multisig.signing-serialization	standard	1	1	accept	3	3	3	3	79785
dardju	core.signing-serialization	invalid	0	1	reject	4	4	0	0	108436
dauvwz	core.signing-serialization	standard	1	1	accept	6	6	6	6	162434
ddmvtj	core.signing-serialization	invalid	0	0	reject	1	1	1	0	27869
ddyaz5	core.signing-serialization	invalid	0	0	reject	5	5	5	0	136522
dehpc8	core.data-signatures	standard	1	1	accept	1	1	1	1	27404
delrvc	core.signing-serialization	standard	1	0	accept	3	1	4	4	29369
der9ms	core.signing-serialization	standard	1	0	accept	1	1	4	4	28471
dev6zj	core.signing-serialization	invalid	0	1	reject	4	4	0	0	108412
df33sw	core.signing-serialization	standard	1	1	accept	4	4	4	4	109105
dfcel7	core.signature-checking.multisig.m-of-15	invalid	0	0	reject	15	1	0	0	30886
dfkhfm	core.signing-serialization	invalid	0	0	reject	2	1	1	0	28972
dfmvlx	core.signing-serialization	standard	1	0	accept	1	1	4	4	28572
dftfdh	core.signing-serialization	invalid	0	0	reject	5	5	5	0	136293
dfum5p	core.signing-serialization	invalid	0	1	reject	6	6	0	0	161828
dfvkpj	core.signature-checking.multisig.signing-serialization	standard	1	1	accept	3	3	3	3	80547
dfy83u	core.signing-serialization	invalid	0	0	reject	3	1	1	0	29369
dfz0mc	core.signature-checking.multisig.m-of-3	invalid	0	0	reject	3	2	1	0	54534
dg396r	core.signing-serialization	standard	1	1	accept	4	4	4	4	107760
dg7k3u	core.signing-serialization	invalid	0	0	reject	1	1	1	0	27845
dgd04p	core.signing-serialization	invalid	0	0	reject	1	1	0	0	28604
dgs2fk	core.signing-serialization	standard	1	1	accept	4	4	4	4	109801
dhm5wt	core.signature-checking.multisig.m-of-3	invalid	0	0	reject	3	2	2	0	54534
dhqkzu	core.signing-serialization	invalid	0	0	reject	1	1	1	0	28567
dhvr7p	core.signing-serialization	standard	1	1	accept	6	6	6	6	162439
dj45cr	core.signing-serialization	standard	1	1	accept	8	8	8	8	214130
djdkj8	core.signing-serialization	invalid	0	0	reject	3	1	0	0	29526
djm2c5	core.signature-checking.multisig.signing-serialization	standard	1	1	accept	3	3	3	3	80546
djp89q	core.signature-checking.multisig.m-of-3	invalid	0	0	reject	3	2	0	0	54534
dkv25z	core.signature-checking.multisig.m-of-20	invalid	0	0	reject	20	2	1	0	59104
dl5wfa	core.signing-serialization	standard	1	1	accept	4	4	4	4	108436
dl6wuw	core.signing-serialization	standard	1	1	accept	4	4	4	4	108434
dll5z4	core.signing-serialization	invalid	0	0	reject	1	1	0	0	28591
dllkxt	core.signing-serialization	invalid	0	1	reject	4	4	0	0	108447
dm3y7y	core.data-signatures	standard	1	1	accept	1	1	1	1	28412
dm4u7s	core.signing-serialization	standard	1	1	accept	4	4	4	4	109796
dmfj2w	core.signing-serialization	standard	1	1	accept	8	8	8	8	214135
dmuw0q	core.signing-serialization	invalid	0	0	reject	1	1	0	0	27889
dmxt9z	core.signature-checking.multisig.m-of-3	invalid	0	0	reject	3	2	1	0	54540
dmz0sq	core.signature-checking.multisig.m-of-3	standard	1	1	accept	3	3	3	3	79784
dn896k	core.signing-serialization	standard	1	1	accept	4	4	4	4	108471
dnalt0	core.signature-checking.multisig.m-of-15	invalid	0	0	reject	15	1	0	0	30886
dndngf	core.signing-serialization	standard	1	0	accept	2	1	4	4	29068
dnfz5g	core.signing-serialization	standard	1	1	accept	4	4	4	4	109862
dnm2eq	core.signature-checking.multisig.m-of-15	invalid	0	0	reject	15	1	1	0	30892
dnssre	core.signing-serialization	standard	1	1	accept	4	4	4	4	109105
dp40jd	core.signing-serialization	standard	1	1	accept	6	6	6	6	162439
dp4qd9	core.signing-serialization	standard	1	1	accept	4	4	4	4	108881
dp6gmz	core.signing-serialization	invalid	0	1	reject	4	4	0	0	107792
dpa45r	core.signing-serialization	invalid	0	0	reject	2	1	1	0	29073
dpdjvw	core.data-signatures	standard	1	1	accept	1	1	1	1	26888
dpfuem	core.signing-serialization	invalid	0	0	reject	1	1	0	0	27915
dpfxud	core.signing-serialization	standard	1	1	accept	6	6	6	6	162687
dphukh	core.signing-serialization	standard	1	1	accept	6	6	6	6	162658
dprysr	core.data-signatures	standard	1	1	accept	1	1	1	1	27489
dpsjtc	core.signature-checking.multisig.m-of-3	invalid	0	0	reject	3	2	0	0	54510
dqck8h	core.data-signatures	standard	1	1	accept	1	1	1	1	27431
dqm9d2	core.signing-serialization	invalid	0	0	reject	3	1	0	0	29502
dquzgn	core.signature-checking.multisig.m-of-3	invalid	0	0	reject	3	2	0	0	54541
dr0kyg	core.signing-serialization	invalid	0	0	reject	1	1	1	0	27869
dr5uzf	core.signing-serialization	standard	1	0	accept	1	1	4	4	28471
drsgar	core.signing-serialization	invalid	0	0	reject	3	1	1	0	29393
drterv	core.signing-serialization	standard	1	0	accept	1	1	4	4	28471
drw9fj	core.signature-checking.multisig.m-of-3	invalid	0	0	reject	3	2	1	0	54540
ds2u6p	core.signing-serialization	invalid	0	1	reject	8	8	0	0	214354
ds37ce	core.signing-serialization	invalid	0	0	reject	3	1	0	0	29465
ds50n8	core.signing-serialization	standard	1	1	accept	4	4	4	4	109830
dsg8p0	core.signing-serialization	invalid	0	0	reject	3	1	1	0	29393
dsh369	core.signature-checking.multisig.m-of-3	invalid	0	0	reject	3	2	0	0	54547
dslad4	core.signing-serialization	standard	1	1	accept	4	4	4	4	108404
dslays	core.signing-serialization	invalid	0	0	reject	3	1	1	0	29393
dsvy9l	core.signing-serialization	standard	1	0	accept	3	1	4	4	29494
dsx0tl	core.data-signatures	standard	1	1	accept	1	1	1	1	27518
dt3ah8	core.signing-serialization	invalid	0	0	reject	1	1	1	0	28495
dt4kxy	core.signature-checking.multisig.signing-serialization	standard	1	1	accept	3	3	3	3	79784
dt8vrw	core.signature-checking.multisig.signing-serialization	standard	1	0	accept	3	2	2	2	54534
dtmv3r	core.signature-checking.multisig.m-of-20	invalid	0	0	reject	20	20	0	0	524876
dtutuv	core.signature-checking.multisig.m-of-3	invalid	0	0	reject	3	2	0	0	54534
dtuyum	core.signing-serialization	standard	1	0	accept	2	1	4	4	28996
du2d2t	core.signing-serialization	invalid	0	0	reject	2	1	0	0	29068
du30ak	core.signing-serialization	invalid	0	1	reject	6	6	0	0	162682
dus3cw	core.signing-serialization	invalid	0	0	reject	1	1	0	0	27901
dutswp	core.signing-serialization	standard	1	0	accept	1	1	4	4	28604
dux0mu	core.signing-serialization	invalid	0	0	reject	1	1	1	0	27901
dv5sxw	core.signature-checking.multisig.m-of-20	invalid	0	0	reject	20	2	1	0	59118
dvd5s4	core.signing-serialization	invalid	0	0	reject	3	1	1	0	29369
dvdtwr	core.data-signatures	standard	1	1	accept	1	1	1	1	27550
dvqrpg	core.signing-serialization	invalid	0	0	reject	1	1	1	0	28602
dvwd5u	core.signature-checking.multisig.m-of-3	invalid	0	0	reject	3	2	2	0	54540
dvzdd9	core.signature-checking.multisig.m-of-15	standard	1	0	accept	15	1	1	1	30862
dwamlj	core.signing-serialization	invalid	0	0	reject	1	1	1	0	27845
dwe0uv	core.signing-serialization	standard	1	0	accept	2	1	4	4	28996
dwnzre	core.signature-checking.multisig.m-of-3	invalid	0	0	reject	3	2	1	0	54547
dwwvgx	core.signing-serialization	invalid	0	1	reject	4	4	0	0	108021
dx3050	core.signing-serialization	invalid	0	0	reject	3	1	0	0	29465
dx7w4c	core.signing-serialization	invalid	0	0	reject	1	1	1	0	27881
dx7yvf	core.signing-serialization	invalid	0	1	reject	4	4	0	0	108442
dxd05n	core.signing-serialization	standard	1	1	accept	8	8	8	8	215321
dxk8hr	core.signing-serialization	standard	1	1	accept	6	6	6	6	162719
dxkusd	core.data-signatures	standard	1	1	accept	1	1	1	1	27526
dyf36d	core.signing-serialization	invalid	0	0	reject	1	1	1	0	28567
dypunp	core.signing-serialization	invalid	0	1	reject	4	4	0	0	108447
dywvfl	core.signing-serialization	invalid	0	0	reject	1	1	0	0	27889
dz4evm	core.signature-checking.multisig.signing-serialization	standard	1	0	accept	3	2	2	2	54510
dzhlwd	core.signing-serialization	standard	1	0	accept	1	1	4	4	28567
dztjs2	core.signing-serialization	invalid	0	0	reject	1	1	1	0	28495
e0cca4	core.signing-serialization	invalid	0	0	reject	7	7	7	0	188951
e0q4q7	core.signing-serialization	standard	1	1	accept	4	4	4	4	108441
e0x4n3	core.data-signatures	standard	1	1	accept	1	1	1	1	27414
e0z5hs	core.signing-serialization	invalid	0	0	reject	1	1	1	0	28484
e28lj3	core.signing-serialization	invalid	0	1	reject	8	8	0	0	215345
e2cu59	core.data-signatures	standard	1	1	accept	1	1	1	1	27375
e2edc2	core.signing-serialization	invalid	0	0	reject	3	1	1	0	29494
e2lrkx	core.data-signatures	standard	1	1	accept	1	1	1	1	27556
e2w9ye	core.signature-checking.multisig.pubkey-validation	standard	1	0	accept	2	1	1	1	27818
e2wjpx	core.signing-serialization	invalid	0	1	reject	8	8	0	0	214354
e2zkxw	core.signing-serialization	standard	1	0	accept	2	1	4	4	28972
e3d3v2	core.signing-serialization	standard	1	1	accept	4	4	4	4	108471
e3jhdx	core.signature-checking.multisig.m-of-3	invalid	0	0	reject	3	2	0	0	54534
e3mtg9	core.signing-serialization	invalid	0	0	reject	1	1	1	0	28508
e4jkms	core.signature-checking.multisig.m-of-3	invalid	0	0	reject	3	2	1	0	54534
e4u6x0	core.signature-checking.multisig.m-of-3	invalid	0	0	reject	3	3	3	0	80547
e4zms0	core.signing-serialization	standard	1	1	accept	6	6	6	6	162439
e56z40	core.signing-serialization	invalid	0	0	reject	5	5	0	0	136493
e5wjfn	core.data-signatures	standard	1	1	accept	1	1	1	1	27585
e5z7ds	core.signature-checking.multisig.m-of-3	invalid	0	0	reject	3	3	0	0	80540
e627e3	core.signature-checking.multisig.m-of-3	invalid	0	0	reject	3	2	1	0	54516
e6jlz7	core.data-signatures	standard	1	1	accept	1	1	1	1	27417
e6jn8f	core.data-signatures	standard	1	1	accept	1	1	1	1	27533
e773sl	core.signature-checking.multisig.m-of-3	invalid	0	0	reject	3	2	1	0	54534
e78evm	core.signing-serialization	standard	1	0	accept	2	1	4	4	29129
e7adzy	core.signature-checking.multisig.m-of-3	invalid	0	0	reject	3	3	0	0	80509
e7rgvd	core.signing-serialization	standard	1	1	accept	4	4	4	4	108417
e80szp	core.signing-serialization	standard	1	1	accept	4	4	4	4	108415
e8fr58	core.signing-serialization	standard	1	0	accept	2	1	4	4	28996
e8wacd	core.signature-checking.multisig.signing-serialization	standard	1	1	accept	3	3	3	3	79783
e8zqdu	core.signing-serialization	standard	1	1	accept	4	4	4	4	108410
e9qj3f	core.data-signatures	standard	1	1	accept	1	1	1	1	27441
e9rsaa	core.signing-serialization	standard	1	1	accept	8	8	8	8	215326
e9y6ew	core.signature-checking.multisig.signing-serialization	standard	1	1	accept	3	3	3	3	80522
ea6l4g	core.signing-serialization	invalid	0	1	reject	4	4	0	0	108447
ea6pq8	core.signing-serialization	invalid	0	0	reject	1	1	1	0	28602
ea7f0h	core.signing-serialization	invalid	0	0	reject	3	1	0	0	29526
eaf39a	core.data-signatures	standard	1	1	accept	1	1	1	1	26787
eanca0	core.signing-serialization	standard	1	1	accept	4	4	4	4	107760
eaxnq4	core.signature-checking.multisig.m-of-3	invalid	0	0	reject	3	3	0	0	80540
ecnpkx	core.signing-serialization	invalid	0	0	reject	2	1	0	0	29068
ecynsl	core.signing-serialization	standard	1	1	accept	8	8	8	8	214391
ed98xk	core.signing-serialization	invalid	0	0	reject	1	1	1	0	28508
edejr4	core.signature-checking.multisig.m-of-3	invalid	0	0	reject	3	2	1	0	54510
ednn7t	core.signing-serialization	invalid	0	0	reject	1	1	1	0	28628
ednxaf	core.signature-checking.multisig.signing-serialization	standard	1	0	accept	3	2	2	2	54534
edt9fx	core.signing-serialization	invalid	0	0	reject	1	1	0	0	28580
edtrqc	core.signature-checking.multisig.m-of-20	invalid	0	0	reject	20	2	1	0	56868
edv6zl	core.signature-checking.multisig.m-of-3	invalid	0	0	reject	3	2	0	0	54510
edxmvn	core.signature-checking.multisig.m-of-3	standard	1	1	accept	3	3	3	3	79293
ee3q4w	core.signing-serialization	invalid	0	0	reject	1	1	1	0	27883
eeaftr	core.data-signatures	standard	1	1	accept	1	1	1	1	27424
eeufs2	core.signing-serialization	invalid	0	0	reject	3	1	0	0	29489
eexee0	core.signing-serialization	invalid	0	0	reject	1	1	0	0	27915
ef0vxk	core.signature-checking.multisig.m-of-3	invalid	0	0	reject	3	2	0	0	54534
efllwy	core.signing-serialization	invalid	0	0	reject	5	5	5	0	136522
egju6t	core.signature-checking.multisig.pubkey-validation	standard	1	1	accept	2	2	2	2	53951
eh0kf2	core.signing-serialization	invalid	0	0	reject	1	1	1	0	27877
eh6mga	core.signing-serialization	standard	1	1	accept	4	4	4	4	108881
eh8gk5	core.signing-serialization	standard	1	1	accept	8	8	8	8	215097
eh9kxm	core.signing-serialization	standard	1	0	accept	3	1	4	4	29494
ehkdey	core.signature-checking.multisig.m-of-20	invalid	0	0	reject	20	2	1	0	59118
ehy9en	core.data-signatures	standard	1	1	accept	1	1	1	1	27416
ej0t5u	core.signing-serialization	standard	1	1	accept	4	4	4	4	107827
ej4mha	core.signing-serialization	invalid	0	0	reject	7	7	7	0	188932
ej6nff	core.signing-serialization	invalid	0	0	reject	1	1	1	0	28596
ejm005	core.signing-serialization	invalid	0	0	reject	2	1	0	0	29092
ejp493	core.signing-serialization	invalid	0	0	reject	1	1	1	0	28506
ek2tck	core.signing-serialization	invalid	0	0	reject	1	1	0	0	27901
ek3xm8	core.signature-checking.multisig.m-of-3	invalid	0	0	reject	3	2	1	0	54517
ek6n8x	core.signing-serialization	invalid	0	1	reject	4	4	0	0	107827
ek9xyl	core.signing-serialization	standard	1	0	accept	1	1	4	4	28628
ekkrhh	core.signing-serialization	standard	1	1	accept	8	8	8	8	215316
ekzrh9	core.signing-serialization	standard	1	1	accept	4	4	4	4	107822
el44zq	core.signature-checking.multisig.signing-serialization	standard	1	1	accept	3	3	3	3	80545
elhuna	core.signing-serialization	invalid	0	1	reject	4	4	0	0	108466
emahf9	core.signing-serialization	standard	1	1	accept	6	6	6	6	162463
eml805	core.signing-serialization	invalid	0	0	reject	2	1	1	0	28972
emzfz5	core.signature-checking.multisig.pubkey-validation	invalid	0	0	reject	2	1	0	0	27931
en2teh	core.signing-serialization	invalid	0	0	reject	7	7	7	0	188927
enard2	core.signing-serialization	standard	1	0	accept	1	1	4	4	28591
enrf6c	core.signing-serialization	invalid	0	0	reject	2	1	1	0	28972
enxgac	core.signing-serialization	invalid	0	0	reject	1	1	1	0	27845
enylly	core.signature-checking.multisig.m-of-3	invalid	0	0	reject	3	2	1	0	54516
ep3zmz	core.signing-serialization	standard	1	1	accept	4	4	4	4	108417
ep9jyz	core.signature-checking.multisig.m-of-3	invalid	0	0	reject	3	2	1	0	54524
epgcq6	core.signing-serialization	standard	1	0	accept	1	1	4	4	28495
ephhfa	core.signing-serialization	standard	1	1	accept	4	4	4	4	108881
eplltf	core.signature-checking.multisig.m-of-3	invalid	0	0	reject	3	3	0	0	80516
epxz5n	core.signing-serialization	standard	1	1	accept	8	8	8	8	215340
eq43s5	core.data-signatures	standard	1	1	accept	1	1	1	1	26818
eq5d4t	core.signature-checking.multisig.m-of-15	invalid	0	0	reject	15	1	1	0	30862
eqz2dm	core.signature-checking.multisig.m-of-3	invalid	0	0	reject	3	2	1	0	54541
er3y47	core.signature-checking.multisig.m-of-3	invalid	0	0	reject	3	2	1	0	54534
erl44a	core.signing-serialization	invalid	0	0	reject	1	1	1	0	27901
erpfaz	core.signature-checking.multisig.signing-serialization	standard	1	0	accept	3	2	2	2	54510
erpvzz	core.data-signatures	standard	1	1	accept	1	1	1	1	26802
erv77l	core.data-signatures	standard	1	1	accept	1	1	1	1	27546
es2426	core.signing-serialization	standard	1	0	accept	2	1	4	4	29068
esamej	core.signing-serialization	invalid	0	0	reject	2	1	1	0	28972
esxvs6	core.signing-serialization	invalid	0	0	reject	1	1	0	0	28604
et40qz	core.signature-checking.multisig.m-of-3	invalid	0	0	reject	3	2	0	0	54541
etl00a	core.signature-checking.multisig.m-of-20	invalid	0	0	reject	20	2	1	0	59080
etqv8t	core.signing-serialization	invalid	0	0	reject	3	1	0	0	29526
ettg3z	core.signature-checking.multisig.signing-serialization	standard	1	1	accept	3	3	3	3	80522
eu4ewh	core.signing-serialization	standard	1	1	accept	4	4	4	4	108439
eufhlc	core.signing-serialization	invalid	0	0	reject	1	1	0	0	28604
euhyv9	core.signing-serialization	invalid	0	0	reject	1	1	0	0	28567
eunfcw	core.signing-serialization	invalid	0	0	reject	2	1	0	0	29068
euwlx5	core.signature-checking.multisig.m-of-3	invalid	0	0	reject	3	3	0	0	80509
evcc6c	core.signing-serialization	standard	1	1	accept	6	6	6	6	162463
evjv94	core.signing-serialization	standard	1	1	accept	4	4	4	4	109601
evn450	core.signing-serialization	standard	1	0	accept	1	1	4	4	28628
ew8qnf	core.signing-serialization	invalid	0	1	reject	6	6	0	0	162663
ewr4aj	core.signature-checking.multisig.m-of-3	invalid	0	0	reject	3	2	1	0	54516
ewzjpr	core.signature-checking.multisig.signing-serialization	standard	1	1	accept	3	3	3	3	79783
exlvz0	core.signing-serialization	invalid	0	0	reject	5	5	5	0	136293
exnjmq	core.signing-serialization	standard	1	1	accept	4	4	4	4	107760
exu8gn	core.signing-serialization	standard	1	1	accept	6	6	6	6	161838
ey0mwu	core.signing-serialization	invalid	0	1	reject	6	6	0	0	161833
eydg7p	core.signing-serialization	invalid	0	1	reject	4	4	0	0	108412
eytk7j	core.signing-serialization	standard	1	1	accept	4	4	4	4	109110
eyv0ay	core.signing-serialization	invalid	0	0	reject	3	1	1	0	29470
eyx0l8	core.signing-serialization	standard	1	1	accept	4	4	4	4	108410
eyzkvu	core.signing-serialization	standard	1	0	accept	1	1	4	4	28495
ez3gdc	core.signature-checking.multisig.signing-serialization	standard	1	1	accept	3	3	3	3	80522
ez3j60	core.signing-serialization	invalid	0	0	reject	5	5	5	0	136559
ezc5za	core.data-signatures	standard	1	1	accept	1	1	1	1	26823
ezslua	core.signing-serialization	standard	1	0	accept	2	1	4	4	29068
f03waq	core.signature-checking.multisig.signing-serialization	standard	1	1	accept	3	3	3	3	80521
f0hn9x	core.signature-checking.multisig.pubkey-validation	invalid	0	0	reject	2	2	0	0	53921
f0jnym	core.signature-checking.multisig.m-of-15	invalid	0	0	reject	15	1	0	0	30892
f25ry9	core.signing-serialization	invalid	0	0	reject	1	1	1	0	27845
f2ycrd	core.signing-serialization	standard	1	0	accept	1	1	4	4	28495
f3djpy	core.signing-serialization	invalid	0	0	reject	2	1	1	0	29097
f3ys3d	core.signing-serialization	invalid	0	0	reject	7	7	7	0	188932
f40uyq	core.data-signatures	standard	1	1	accept	1	1	1	1	28537
f4nyu7	core.signing-serialization	invalid	0	0	reject	7	7	0	0	189193
f4qlvs	core.data-signatures	standard	1	1	accept	1	1	1	1	26783
f4qq6s	core.signature-checking.multisig.m-of-3	invalid	0	0	reject	3	2	2	0	54510
f4r7g4	core.signature-checking.multisig.signing-serialization	standard	1	1	accept	3	3	3	3	79784
f594r5	core.signing-serialization	invalid	0	0	reject	2	1	0	0	29092
f5aj5t	core.signing-serialization	invalid	0	0	reject	3	1	0	0	29489
f5dyns	core.signing-serialization	standard	1	1	accept	4	4	4	4	108404
f5g4yf	core.signing-serialization	invalid	0	0	reject	1	1	1	0	27882
f5tq95	core.signing-serialization	invalid	0	1	reject	4	4	0	0	108412
f5zax6	core.signing-serialization	invalid	0	0	reject	2	1	0	0	29068
f63sfu	core.signing-serialization	standard	1	1	accept	8	8	8	8	214135
f6nl5m	core.signing-serialization	invalid	0	0	reject	7	7	7	0	188956
f72j2r	core.signature-checking.multisig.m-of-3	invalid	0	0	reject	3	2	1	0	54546
f736vm	core.signing-serialization	standard	1	1	accept	4	4	4	4	108442
f7e50r	core.signing-serialization	invalid	0	0	reject	1	1	1	0	27857
f7p7a7	core.signing-serialization	invalid	0	1	reject	4	4	0	0	109820
f7qxfy	core.data-signatures	standard	1	1	accept	1	1	1	1	27494
f7sljy	core.signing-serialization	invalid	0	0	reject	3	1	1	0	29369
f7u7pp	core.signing-serialization	standard	1	0	accept	2	1	4	4	28972
f7ymfm	core.signing-serialization	invalid	0	0	reject	3	1	1	0	29393
f86nfa	core.signing-serialization	standard	1	0	accept	2	1	4	4	28972
f89zda	core.signature-checking.multisig.signing-serialization	standard	1	1	accept	3	3	3	3	80522
f8jk2v	core.signature-checking.multisig.m-of-15	standard	1	1	accept	0	0	0	0	4317
f8l5d0	core.signing-serialization	standard	1	0	accept	3	1	4	4	29369
f8mfnm	core.signature-checking.multisig.m-of-20	invalid	0	0	reject	20	2	1	0	59080
f8nd0h	core.signing-serialization	invalid	0	0	reject	1	1	0	0	27901
f8snxd	core.signing-serialization	invalid	0	1	reject	4	4	0	0	107792
f8x5eh	core.signing-serialization	standard	1	0	accept	3	1	4	4	29526
f90fdn	core.signing-serialization	invalid	0	0	reject	1	1	0	0	27891
f9kzyw	core.signature-checking.multisig.m-of-3	invalid	0	0	reject	3	2	0	0	54546
f9qzlz	core.signing-serialization	invalid	0	0	reject	2	1	0	0	29129
f9vwy8	core.signing-serialization	standard	1	1	accept	4	4	4	4	108641
fag62c	core.signing-serialization	invalid	0	0	reject	7	7	7	0	188932
fangsj	core.signing-serialization	invalid	0	1	reject	4	4	0	0	108466
faq389	core.signing-serialization	invalid	0	0	reject	1	1	0	0	28567
fasd27	core.signing-serialization	standard	1	1	accept	6	6	6	6	161604
faw3lt	core.signing-serialization	standard	1	1	accept	4	4	4	4	108404
faxs0m	core.signature-checking.multisig.m-of-3	invalid	0	0	reject	3	2	0	0	54547
fcdcdl	core.data-signatures	standard	1	1	accept	1	1	1	1	27532
fd8v7f	core.signing-serialization	invalid	0	1	reject	4	4	0	0	107827
fd9hte	core.signing-serialization	invalid	0	0	reject	1	1	1	0	27920
fdum4k	core.signing-serialization	invalid	0	0	reject	3	1	1	0	29489
fe94ux	core.signature-checking.multisig.signing-serialization	standard	1	0	accept	3	2	2	2	54534
fedmxg	core.signing-serialization	standard	1	1	accept	4	4	4	4	107760
fee28t	core.data-signatures	standard	1	1	accept	1	1	1	1	26774
fef5z3	core.signing-serialization	invalid	0	0	reject	2	1	1	0	28996
fenvft	core.data-signatures	standard	1	1	accept	1	1	1	1	27274
fepxjl	core.signing-serialization	standard	1	1	accept	8	8	8	8	215353
fevl6c	core.signature-checking.multisig.signing-serialization	standard	1	1	accept	3	3	3	3	80547
fewwjv	core.signing-serialization	standard	1	1	accept	4	4	4	4	108471
ff9530	core.signing-serialization	standard	1	1	accept	6	6	6	6	162434
ff9ax5	core.signing-serialization	invalid	0	0	reject	7	7	7	0	189151
fffg2r	core.signing-serialization	invalid	0	1	reject	6	6	0	0	161828
fffp92	core.data-signatures	standard	1	1	accept	1	1	1	1	27505
ffg2j0	core.signature-checking.multisig.m-of-20	invalid	0	0	reject	20	2	1	0	56050
ffm268	core.signing-serialization	invalid	0	0	reject	3	1	1	0	29393
ffsytq	core.signature-checking.multisig.signing-serialization	standard	1	1	accept	3	3	3	3	79783
ffxher	core.signing-serialization	invalid	0	0	reject	1	1	0	0	27913
fg5ckl	core.signing-serialization	standard	1	1	accept	4	4	4	4	107822
fg8asr	core.signing-serialization	invalid	0	0	reject	3	1	1	0	29369
fg8dsq	core.signature-checking.multisig.signing-serialization	standard	1	1	accept	3	3	3	3	80546
fgd7cp	core.signing-serialization	standard	1	1	accept	8	8	8	8	215121
fglnyw	core.data-signatures	standard	1	1	accept	1	1	1	1	26784
fgu20g	core.signing-serialization	invalid	0	0	reject	3	1	1	0	29526
fgvcvt	core.signing-serialization	standard	1	0	accept	1	1	4	4	28471
fgzwwz	core.signature-checking.multisig.m-of-20	invalid	0	0	reject	20	2	1	0	59094
fh2ycl	core.data-signatures	standard	1	1	accept	1	1	1	1	26791
fhluzg	core.signing-serialization	invalid	0	1	reject	6	6	0	0	161828
fhlw3g	core.signing-serialization	invalid	0	0	reject	2	1	1	0	28996
fhlzgy	core.signature-checking.multisig.pubkey-validation	invalid	0	0	reject	2	1	1	0	27794
fhm76s	core.signing-serialization	invalid	0	0	reject	1	1	0	0	28628
fhms5w	core.signing-serialization	standard	1	1	accept	8	8	8	8	215316
fhnn4g	core.signing-serialization	standard	1	1	accept	4	4	4	4	108380
fhzeg7	core.data-signatures	standard	1	1	accept	1	1	1	1	26896
fj26aw	core.signing-serialization	invalid	0	0	reject	5	5	5	0	136274
fj2wdf	core.signing-serialization	standard	1	1	accept	6	6	6	6	162439
fj3wfm	core.signing-serialization	invalid	0	0	reject	3	1	1	0	29470
fj5rmy	core.signing-serialization	invalid	0	0	reject	1	1	0	0	28591
fjaxjw	core.signature-checking.multisig.m-of-3	invalid	0	0	reject	3	2	2	0	54541
fjcjqj	core.signing-serialization	invalid	0	0	reject	5	5	5	0	136493
fjtr6e	core.signing-serialization	standard	1	1	accept	4	4	4	4	108447
fk2pej	core.data-signatures	standard	1	1	accept	1	1	1	1	29481
fkf3g0	core.signature-checking.multisig.m-of-3	invalid	0	0	reject	3	2	0	0	54534
fkm8qt	core.signing-serialization	standard	1	1	accept	4	4	4	4	108471
fl0mfm	core.signing-serialization	invalid	0	1	reject	4	4	0	0	108471
fl58h4	core.signing-serialization	invalid	0	0	reject	2	1	0	0	29068
fl68wu	core.signing-serialization	standard	1	1	accept	8	8	8	8	214359
fla645	core.signing-serialization	invalid	0	0	reject	1	1	0	0	28628
fld7wk	core.signing-serialization	standard	1	1	accept	6	6	6	6	162439
flfwsk	core.signature-checking.multisig.signing-serialization	standard	1	1	accept	3	3	3	3	80522
fmeuph	core.signature-checking.multisig.m-of-3	invalid	0	0	reject	3	2	0	0	54540
fmzkzq	core.signing-serialization	standard	1	1	accept	6	6	6	6	162458
fnjfuw	core.signing-serialization	invalid	0	0	reject	1	1	0	0	27913
fny3j6	core.signing-serialization	invalid	0	0	reject	3	1	0	0	29465
fp2ku6	core.signing-serialization	standard	1	1	accept	4	4	4	4	107790
fp5aqe	core.signing-serialization	invalid	0	0	reject	5	5	5	0	136274
fpe6hs	core.data-signatures	standard	1	1	accept	1	1	1	1	26912
fpqdp8	core.signing-serialization	invalid	0	0	reject	1	1	1	0	27883
fq23dx	core.signing-serialization	invalid	0	0	reject	2	1	0	0	29092
fq36d8	core.signing-serialization	standard	1	1	accept	4	4	4	4	109100
fq7f9y	core.signature-checking.multisig.m-of-3	invalid	0	0	reject	3	3	0	0	80048
fqdahl	core.signature-checking.multisig.signing-serialization	standard	1	1	accept	3	3	3	3	80547
fqefxs	core.signing-serialization	standard	1	1	accept	6	6	6	6	162463
fqmkat	core.data-signatures	standard	1	1	accept	1	1	1	1	27511
fqsjgt	core.signing-serialization	invalid	0	1	reject	4	4	0	0	107822
fr5xem	core.signing-serialization	standard	1	0	accept	1	1	4	4	28471
frmjlx	core.signing-serialization	invalid	0	0	reject	1	1	1	0	28016
fs58nx	core.signing-serialization	invalid	0	0	reject	7	7	7	0	189180
ftyp66	core.signing-serialization	invalid	0	0	reject	5	5	5	0	136293
fv9gyx	core.signing-serialization	standard	1	1	accept	4	4	4	4	108415
fvcgmu	core.signature-checking.multisig.signing-serialization	standard	1	1	accept	3	3	3	3	80546
fvdkqc	core.signature-checking.multisig.m-of-20	invalid	0	0	reject	20	2	1	0	59118
fvglsp	core.signature-checking.multisig.pubkey-validation	standard	1	1	accept	2	2	2	2	53824
fvhdsq	core.signature-checking.multisig.pubkey-validation	invalid	0	0	reject	2	2	0	0	53945
fvvss7	core.signature-checking.multisig.signing-serialization	standard	1	0	accept	3	2	2	2	54534
fw2l20	core.signing-serialization	invalid	0	0	reject	1	1	1	0	27906
fw6qgc	core.data-signatures	standard	1	1	accept	1	1	1	1	26890
fwec4h	core.signing-serialization	standard	1	1	accept	8	8	8	8	214359
fwqfdm	core.signature-checking.multisig.m-of-3	invalid	0	0	reject	3	2	0	0	54541
fwtnmz	core.signature-checking.multisig.pubkey-validation	invalid	0	0	reject	2	2	0	0	53945
fx3tmu	core.signing-serialization	standard	1	0	accept	2	1	4	4	28972
fxeeza	core.signing-serialization	invalid	0	0	reject	5	5	5	0	136493
fxxa5g	core.signature-checking.multisig.m-of-3	invalid	0	0	reject	3	2	0	0	54541
fy5pt2	core.signing-serialization	invalid	0	0	reject	7	7	7	0	188927
fy6m0p	core.signing-serialization	standard	1	0	accept	1	1	4	4	28591
fyqv07	core.signing-serialization	invalid	0	0	reject	2	1	1	0	28996
fyrx7p	core.signing-serialization	standard	1	0	accept	3	1	4	4	29369
fz029x	core.data-signatures	standard	1	1	accept	1	1	1	1	27409
fz7j8q	core.signing-serialization	standard	1	1	accept	6	6	6	6	162434
fzcy27	core.signing-serialization	standard	1	1	accept	8	8	8	8	215321
fzdll5	core.signature-checking.multisig.m-of-3	invalid	0	0	reject	3	2	0	0	54523
fzf0u9	core.signing-serialization	invalid	0	0	reject	1	1	1	0	27920
fzpny2	core.signing-serialization	standard	1	1	accept	8	8	8	8	215121
fzxruv	core.signing-serialization	invalid	0	0	reject	3	1	0	0	29489
g07a29	core.signing-serialization	invalid	0	0	reject	3	1	1	0	29465
g0hsk2	core.signature-checking.multisig.signing-serialization	standard	1	0	accept	3	2	2	2	54534
g0jzam	core.signature-checking.multisig.signing-serialization	standard	1	1	accept	3	3	3	3	79783
g0ud0y	core.signature-checking.multisig.m-of-3	invalid	0	0	reject	3	2	1	0	54516
g0y329	core.signature-checking.multisig.m-of-20	invalid	0	0	reject	20	2	1	0	59104
g26x66	core.data-signatures	standard	1	1	accept	1	1	1	1	26780
g2a4mu	core.signature-checking.multisig.signing-serialization	standard	1	1	accept	3	3	3	3	80523
g2fc5m	core.signing-serialization	standard	1	0	accept	1	1	4	4	28567
g2kmj0	core.signature-checking.multisig.m-of-3	invalid	0	0	reject	3	2	0	0	54524
g2m7cz	core.signature-checking.multisig.m-of-3	invalid	0	0	reject	3	3	0	0	80516
g3fqsl	core.signature-checking.multisig.signing-serialization	standard	1	0	accept	3	2	2	2	54510
g3p43m	core.signing-serialization	standard	1	1	accept	8	8	8	8	214364
g3ym3t	core.signing-serialization	standard	1	1	accept	4	4	4	4	107792
g49kxl	core.signature-checking.multisig.m-of-20	nonstandard	1	1	accept	20	20	20	20	532670
g4ljnx	core.signing-serialization	invalid	0	1	reject	4	4	0	0	107792
g54zp5	core.signing-serialization	invalid	0	0	reject	1	1	1	0	28471
g593xk	core.signature-checking.multisig.m-of-3	invalid	0	0	reject	3	3	0	0	80540
g59h5x	core.signature-checking.multisig.m-of-3	invalid	0	0	reject	3	2	1	0	54548
g5evxm	core.signing-serialization	standard	1	1	accept	6	6	6	6	162434
g5gzfm	core.signing-serialization	invalid	0	0	reject	1	1	1	0	27869
g5q2gj	core.signing-serialization	invalid	0	0	reject	2	1	1	0	29092
g5z0dg	core.signature-checking.multisig.m-of-3	invalid	0	0	reject	3	2	0	0	54548
g60ue3	core.signing-serialization	invalid	0	0	reject	1	1	1	0	27869
g65xxn	core.signature-checking.multisig.m-of-20	invalid	0	0	reject	20	20	0	0	527077
g6f4zd	core.signing-serialization	invalid	0	0	reject	1	1	1	0	27990
g6xutl	core.signature-checking.multisig.signing-serialization	standard	1	1	accept	3	3	3	3	80545
g6zrhj	core.signature-checking.multisig.signing-serialization	standard	1	1	accept	3	3	3	3	80522
g7ruex	core.signature-checking.multisig.signing-serialization	standard	1	0	accept	3	2	2	2	54534
g7xq4w	core.signing-serialization	invalid	0	0	reject	1	1	1	0	27857
g8050n	core.signing-serialization	invalid	0	0	reject	1	1	1	0	28471
g82a49	core.signing-serialization	invalid	0	0	reject	1	1	0	0	28591
g89j74	core.signing-serialization	standard	1	1	accept	4	4	4	4	107760
g8gd40	core.signature-checking.multisig.m-of-3	invalid	0	0	reject	3	3	0	0	80509
g8mdlp	core.signature-checking.multisig.m-of-3	invalid	0	0	reject	3	2	0	0	54510
g8xdap	core.signature-checking.multisig.m-of-15	invalid	0	0	reject	0	0	1	0	4218
g92hqa	core.signature-checking.multisig.m-of-3	invalid	0	0	reject	3	3	0	0	80533
g93jv3	core.signing-serialization	invalid	0	0	reject	5	5	5	0	136269
g94fd5	core.signing-serialization	standard	1	1	accept	4	4	4	4	109825
g966y9	core.data-signatures	standard	1	1	accept	1	1	1	1	27182
g9gvjs	core.signing-serialization	invalid	0	0	reject	1	1	1	0	27859
g9t3w4	core.signature-checking.multisig.m-of-3	invalid	0	0	reject	3	2	1	0	54510
g9yacw	core.signing-serialization	invalid	0	1	reject	8	8	0	0	215358
ga0lwy	core.signature-checking.multisig.m-of-3	invalid	0	0	reject	3	2	0	0	54541
gc3sgq	core.signing-serialization	invalid	0	0	reject	1	1	1	0	28495
gc4qz5	core.signing-serialization	invalid	0	0	reject	3	1	1	0	29494
gcchw7	core.signature-checking.multisig.m-of-20	invalid	0	0	reject	20	20	0	0	524047
gcp2dz	core.signing-serialization	invalid	0	1	reject	4	4	0	0	107827
gcr3p7	core.signing-serialization	invalid	0	0	reject	2	1	1	0	29105
gd2azl	core.signing-serialization	standard	1	1	accept	4	4	4	4	108447
gdpkwt	core.signing-serialization	invalid	0	0	reject	1	1	1	0	28580
gdr569	core.signing-serialization	invalid	0	0	reject	1	1	1	0	28471
gefnpm	core.data-signatures	standard	1	1	accept	1	1	1	1	27522
gejk8r	core.data-signatures	standard	1	1	accept	1	1	1	1	26775
gelmlf	core.signing-serialization	standard	1	1	accept	4	4	4	4	109801
gf33fu	core.signing-serialization	standard	1	0	accept	1	1	4	4	28591
gf8cv0	core.signing-serialization	standard	1	1	accept	6	6	6	6	162458
gfcqzz	core.signature-checking.multisig.pubkey-validation	invalid	0	0	reject	2	1	0	0	27924
gfdfsh	core.signature-checking.multisig.m-of-15	invalid	0	0	reject	15	1	1	0	30868
gfq9jt	core.data-signatures	standard	1	1	accept	1	1	1	1	27428
gfsyd2	core.signing-serialization	invalid	0	0	reject	3	1	0	0	29465
gfza93	core.signing-serialization	standard	1	1	accept	6	6	6	6	162687
gfzc3w	core.signature-checking.multisig.signing-serialization	standard	1	1	accept	3	3	3	3	79785
gg0l3v	core.signature-checking.multisig.signing-serialization	standard	1	1	accept	3	3	3	3	80547
ggclep	core.signature-checking.multisig.m-of-3	invalid	0	0	reject	3	1	1	0	28055
ggdmxt	core.signature-checking.multisig.m-of-3	invalid	0	0	reject	3	2	2	0	54534
ggmc8e	core.signing-serialization	invalid	0	0	reject	7	7	0	0	189175
ggmqf6	core.signature-checking.multisig.m-of-3	invalid	0	0	reject	3	2	1	0	54548
ggwu8k	core.signing-serialization	invalid	0	1	reject	8	8	0	0	214354
gh02rn	core.signature-checking.multisig.signing-serialization	standard	1	1	accept	3	3	3	3	79783
gh68vq	core.signing-serialization	standard	1	1	accept	4	4	4	4	108410
ghcmrw	core.signature-checking.multisig.signing-serialization	standard	1	0	accept	3	2	2	2	54510
ghga68	core.signing-serialization	invalid	0	1	reject	4	4	0	0	108471
ghkwld	core.signature-checking.multisig.m-of-3	invalid	0	0	reject	3	2	1	0	54534
ghrnxd	core.signing-serialization	standard	1	1	accept	8	8	8	8	214135
ghsyux	core.signing-serialization	standard	1	0	accept	3	1	4	4	29489
ghxrqk	core.signing-serialization	invalid	0	0	reject	1	1	1	0	28484
gj29de	core.signing-serialization	standard	1	1	accept	4	4	4	4	107795
gj8p9r	core.signature-checking.multisig.m-of-20	invalid	0	0	reject	20	2	2	0	59080
gjcqy3	core.signature-checking.multisig.pubkey-validation	invalid	0	0	reject	2	1	0	0	27948
gjlt5q	core.signing-serialization	invalid	0	0	reject	3	1	0	0	29465
gjxh6p	core.signing-serialization	standard	1	0	accept	3	1	4	4	29393
gk79dd	core.signing-serialization	invalid	0	1	reject	8	8	0	0	214396
gk8r5r	core.signing-serialization	standard	1	1	accept	4	4	4	4	109577
gkcrtc	core.signing-serialization	standard	1	0	accept	1	1	4	4	28572
gknna7	core.signing-serialization	standard	1	1	accept	4	4	4	4	109796
gkp4e5	core.signature-checking.multisig.m-of-3	invalid	0	0	reject	3	2	0	0	54541
gkqlt4	core.signing-serialization	standard	1	1	accept	8	8	8	8	215097
glafp3	core.signing-serialization	invalid	0	0	reject	1	1	1	0	28506
glcn6p	core.signing-serialization	standard	1	1	accept	6	6	6	6	161604
gljyge	core.signature-checking.multisig.m-of-3	invalid	0	0	reject	3	3	0	0	80509
gmjkdn	core.signing-serialization	standard	1	1	accept	6	6	6	6	162434
gmpgxw	core.signature-checking.multisig.m-of-3	invalid	0	0	reject	3	2	0	0	54510
gnfes9	core.signing-serialization	invalid	0	0	reject	3	1	1	0	29369
gngatd	core.signature-checking.multisig.m-of-3	standard	1	1	accept	3	3	3	3	80522
gnw4cg	core.signing-serialization	standard	1	1	accept	4	4	4	4	107760
gnx2w3	core.signature-checking.multisig.signing-serialization	standard	1	0	accept	3	2	2	2	54534
gp0umj	core.signing-serialization	invalid	0	0	reject	1	1	1	0	27920
gp53d6	core.signature-checking.multisig.pubkey-validation	standard	1	1	accept	2	2	2	2	53193
gp8fdk	core.signature-checking.multisig.m-of-15	standard	1	0	accept	15	2	2	2	57731
gpkymd	core.signing-serialization	standard	1	0	accept	2	1	4	4	28972
gpn7hj	core.signing-serialization	invalid	0	0	reject	3	1	0	0	29489
gpx0he	core.signing-serialization	standard	1	1	accept	4	4	4	4	107760
gpze70	core.signing-serialization	invalid	0	0	reject	1	1	1	0	28484
gq6xkx	core.signature-checking.multisig.signing-serialization	standard	1	1	accept	3	3	3	3	80547
gqm4fj	core.signing-serialization	invalid	0	0	reject	1	1	0	0	27877
gqrw3d	core.signing-serialization	invalid	0	0	reject	3	1	1	0	29465
gqvddr	core.data-signatures	standard	1	1	accept	1	1	1	1	27399
gqzqtp	core.signature-checking.multisig.m-of-3	invalid	0	0	reject	3	2	0	0	54510
gqzxg5	core.signing-serialization	invalid	0	0	reject	3	1	0	0	29465
gr7aq4	core.signing-serialization	standard	1	1	accept	4	4	4	4	109801
gr8z2a	core.signature-checking.multisig.m-of-3	invalid	0	0	reject	3	3	0	0	80533
grd9gx	core.signature-checking.multisig.m-of-3	invalid	0	0	reject	3	2	1	0	54541
grgkpc	core.signing-serialization	standard	1	1	accept	6	6	6	6	162663
grh3py	core.signing-serialization	invalid	0	1	reject	4	4	0	0	108021
grusek	core.signature-checking.multisig.m-of-20	invalid	0	0	reject	20	2	1	0	59094
gruym8	core.signature-checking.multisig.pubkey-validation	standard	1	0	accept	2	1	1	1	27948
gs7pte	core.signing-serialization	invalid	0	0	reject	1	1	1	0	28482
gsalqe	core.signing-serialization	invalid	0	0	reject	3	1	1	0	29369
gsv4gq	core.signature-checking.multisig.m-of-3	invalid	0	0	reject	3	2	1	0	54517
gu5pac	core.signing-serialization	standard	1	0	accept	1	1	4	4	28495
gv5arl	core.signature-checking.multisig.signing-serialization	standard	1	1	accept	3	3	3	3	79784
gv5pwr	core.signing-serialization	invalid	0	0	reject	3	1	1	0	29470
gvagap	core.signing-serialization	standard	1	1	accept	4	4	4	4	108476
gvamm2	core.data-signatures	standard	1	1	accept	1	1	1	1	27517
gvc8xp	core.signing-serialization	invalid	0	0	reject	7	7	0	0	189175
gvhdzx	core.signing-serialization	invalid	0	1	reject	4	4	0	0	108412
gvv034	core.signing-serialization	invalid	0	0	reject	2	1	1	0	28972
gw06fm	core.signing-serialization	standard	1	1	accept	6	6	6	6	162458
gw0gxy	core.signing-serialization	standard	1	1	accept	4	4	4	4	108700
gw2hhs	core.signing-serialization	standard	1	1	accept	8	8	8	8	215321
gwmh9s	core.signature-checking.multisig.signing-serialization	standard	1	1	accept	3	3	3	3	80545
gwqtp6	core.signing-serialization	standard	1	0	accept	1	1	4	4	28572
gwrlj0	core.signature-checking.multisig.signing-serialization	standard	1	1	accept	3	3	3	3	79784
gwtjsa	core.signing-serialization	standard	1	1	accept	4	4	4	4	107760
gx55hr	core.signing-serialization	invalid	0	1	reject	4	4	0	0	109100
gxn0ae	core.data-signatures	standard	1	1	accept	1	1	1	1	27209
gyvyym	core.signing-serialization	invalid	0	1	reject	6	6	0	0	162663
gyywrm	core.signing-serialization	invalid	0	1	reject	6	6	0	0	162687
gyz5wl	core.signing-serialization	invalid	0	0	reject	1	1	0	0	28567
gze3eq	core.signing-serialization	invalid	0	0	reject	2	1	1	0	29092
gzkg2p	core.signing-serialization	invalid	0	1	reject	4	4	0	0	108641
gzn95r	core.data-signatures	standard	1	1	accept	1	1	1	1	27422
gzy0gf	core.signature-checking.multisig.pubkey-validation	invalid	0	0	reject	2	2	0	0	53817
gzzzpl	core.data-signatures	standard	1	1	accept	1	1	1	1	27447
h0dv90	core.data-signatures	standard	1	1	accept	1	1	1	1	27501
h0euld	core.signing-serialization	invalid	0	0	reject	7	7	7	0	189212
h0sszf	core.signing-serialization	invalid	0	0	reject	1	1	1	0	28506
h23kj4	core.signature-checking.multisig.m-of-20	invalid	0	0	reject	20	2	1	0	59118
h2703n	core.signing-serialization	standard	1	1	accept	4	4	4	4	109105
h28v66	core.signing-serialization	invalid	0	0	reject	1	1	1	0	27891
h2cue7	core.signing-serialization	invalid	0	0	reject	5	5	5	0	136298
h2ffvg	core.signing-serialization	invalid	0	1	reject	8	8	0	0	215316
h2frer	core.signing-serialization	standard	1	1	accept	6	6	6	6	162668
h2kqvq	core.signature-checking.multisig.pubkey-validation	invalid	0	0	reject	2	1	1	0	27946
h2xaq8	core.signing-serialization	invalid	0	0	reject	1	1	1	0	28567
h2y8sg	core.signing-serialization	invalid	0	0	reject	1	1	1	0	28567
h3738c	core.signing-serialization	standard	1	1	accept	8	8	8	8	215092
h3zt3j	core.signature-checking.multisig.m-of-3	invalid	0	0	reject	3	2	0	0	54541
h424jy	core.data-signatures	standard	1	1	accept	1	1	1	1	27428
h49vsf	core.signature-checking.multisig.m-of-15	invalid	0	0	reject	15	1	1	0	30886
h4d5nz	core.signing-serialization	invalid	0	1	reject	4	4	0	0	107792
h4e6rg	core.signing-serialization	standard	1	1	accept	8	8	8	8	215097
h4n8w8	core.signing-serialization	invalid	0	0	reject	5	5	5	0	136274
h4nh9m	core.signing-serialization	standard	1	1	accept	6	6	6	6	161604
h5g5uw	core.signing-serialization	standard	1	1	accept	4	4	4	4	108412
h5nfq8	core.signature-checking.multisig.m-of-3	invalid	0	0	reject	3	2	0	0	54541
h5xqdw	core.signature-checking.multisig.m-of-3	invalid	0	0	reject	3	2	1	0	54517
h5ygjt	core.signature-checking.multisig.signing-serialization	standard	1	0	accept	3	2	2	2	54534
h6qsyr	core.signature-checking.multisig.signing-serialization	standard	1	1	accept	3	3	3	3	79784
h6r3fz	core.signature-checking.multisig.m-of-3	invalid	0	0	reject	3	2	0	0	54524
h6rsxh	core.signing-serialization	invalid	0	0	reject	1	1	1	0	28471
h6vmyz	core.signing-serialization	standard	1	1	accept	6	6	6	6	162439
h78wkq	core.signing-serialization	standard	1	0	accept	3	1	4	4	29369
h7f2p5	core.signing-serialization	invalid	0	1	reject	4	4	0	0	109801
h7h06r	core.signing-serialization	invalid	0	0	reject	7	7	0	0	189156
h7vg3s	core.signing-serialization	standard	1	1	accept	8	8	8	8	215116
h7y4uf	core.signing-serialization	standard	1	0	accept	3	1	4	4	29369
h84cq9	core.signature-checking.multisig.m-of-3	invalid	0	0	reject	3	2	0	0	54510
h86rre	core.signing-serialization	invalid	0	0	reject	1	1	1	0	27901
h8axup	core.signature-checking.multisig.signing-serialization	standard	1	1	accept	3	3	3	3	80523
h8js5c	core.signature-checking.multisig.m-of-3	invalid	0	0	reject	3	2	0	0	54510
h92nq9	core.signing-serialization	invalid	0	0	reject	1	1	1	0	27881
h9egfc	core.signing-serialization	invalid	0	0	reject	1	1	1	0	28495
h9ff4f	core.signing-serialization	invalid	0	0	reject	7	7	7	0	189151
h9rjrx	core.signature-checking.multisig.m-of-3	invalid	0	0	reject	3	2	1	0	54523
h9rx0t	core.signing-serialization	standard	1	1	accept	8	8	8	8	214130
h9yj0c	core.signature-checking.multisig.m-of-20	invalid	0	0	reject	20	20	0	0	524057
ha3g8q	core.signature-checking.multisig.signing-serialization	standard	1	1	accept	3	3	3	3	80546
ha9ccx	core.signing-serialization	invalid	0	0	reject	1	1	1	0	28484
haggp8	core.signing-serialization	standard	1	1	accept	4	4	4	4	108380
hajv7v	core.signing-serialization	invalid	0	0	reject	3	1	1	0	29369
hav8pf	core.signature-checking.multisig.m-of-3	invalid	0	0	reject	3	2	1	0	54546
hax6z9	core.signing-serialization	standard	1	1	accept	4	4	4	4	108452
hcky4q	core.signing-serialization	standard	1	0	accept	2	1	4	4	29073
hcned6	core.signing-serialization	standard	1	0	accept	1	1	4	4	28471
hculpe	core.signature-checking.multisig.signing-serialization	standard	1	1	accept	3	3	3	3	79784
hd3rkj	core.data-signatures	standard	1	1	accept	1	1	1	1	26900
hdkykp	core.signature-checking.multisig.m-of-3	invalid	0	0	reject	3	2	1	0	54524
hdpdwp	core.signature-checking.multisig.pubkey-validation	invalid	0	0	reject	2	1	0	0	27931
hdvvsp	core.signing-serialization	invalid	0	1	reject	8	8	0	0	215340
hdxmv5	core.signing-serialization	invalid	0	0	reject	1	1	1	0	28506
hdzp7f	core.signing-serialization	invalid	0	0	reject	1	1	1	0	27901
he5nky	core.signature-checking.multisig.m-of-3	invalid	0	0	reject	3	1	1	0	28031
he9mdq	core.signature-checking.multisig.m-of-3	invalid	0	0	reject	3	2	1	0	54517
hes337	core.signature-checking.multisig.m-of-3	invalid	0	0	reject	3	2	0	0	54534
hfa8wz	core.signing-serialization	invalid	0	0	reject	1	1	1	0	27883
hfjljw	core.data-signatures	standard	1	1	accept	1	1	1	1	29379
hfxpzs	core.signing-serialization	standard	1	1	accept	8	8	8	8	215092
hgf96p	core.signing-serialization	invalid	0	0	reject	1	1	0	0	27913
hh5puk	core.signing-serialization	invalid	0	0	reject	1	1	1	0	27869
hhaa78	core.signing-serialization	invalid	0	1	reject	6	6	0	0	162682
hhez43	core.data-signatures	standard	1	1	accept	1	1	1	1	26777
hhfta2	core.signing-serialization	invalid	0	0	reject	1	1	1	0	28508
hhu7mx	core.signing-serialization	standard	1	1	accept	4	4	4	4	109577
hhvha9	core.signing-serialization	standard	1	1	accept	4	4	4	4	109796
hhzmc7	core.signing-serialization	standard	1	0	accept	1	1	4	4	28628
hjgnl6	core.signing-serialization	invalid	0	0	reject	2	1	0	0	29068
hjh3vg	core.data-signatures	standard	1	1	accept	1	1	1	1	27505
hjpp6x	core.signature-checking.multisig.m-of-3	invalid	0	0	reject	3	2	1	0	54540
hjy099	core.data-signatures	standard	1	1	accept	1	1	1	1	27649
hjyvd0	core.signature-checking.multisig.m-of-20	invalid	0	0	reject	20	2	2	0	59104
hk9j0p	core.data-signatures	standard	1	1	accept	1	1	1	1	27454
hkf7yq	core.signing-serialization	invalid	0	0	reject	1	1	1	0	27857
hkl95f	core.signature-checking.multisig.m-of-20	invalid	0	0	reject	20	2	1	0	59094
hkmdrx	core.signing-serialization	invalid	0	0	reject	1	1	1	0	27894
hkvthe	core.signature-checking.multisig.m-of-3	invalid	0	0	reject	3	2	1	0	54510
hle6n8	core.signing-serialization	invalid	0	0	reject	2	1	1	0	28996
hllhuc	core.data-signatures	standard	1	1	accept	1	1	1	1	27483
hlqass	core.signature-checking.multisig.signing-serialization	standard	1	1	accept	3	3	3	3	79784
hm0dna	core.signing-serialization	invalid	0	1	reject	4	4	0	0	109801
hm2ey7	core.signature-checking.multisig.signing-serialization	standard	1	1	accept	3	3	3	3	80522
hm9xpd	core.signature-checking.multisig.signing-serialization	standard	1	0	accept	3	2	2	2	54510
hme5u8	core.signing-serialization	standard	1	1	accept	8	8	8	8	215316
hndvfa	core.signature-checking.multisig.m-of-3	invalid	0	0	reject	3	2	1	0	54534
hnjq05	core.signing-serialization	invalid	0	0	reject	3	1	1	0	29494
hpj54v	core.signing-serialization	invalid	0	0	reject	1	1	1	0	27881
hpkudf	core.signature-checking.multisig.pubkey-validation	invalid	0	0	reject	2	1	1	0	27953
hq4j0v	core.signature-checking.multisig.m-of-20	invalid	0	0	reject	20	2	1	0	59094
hqah0s	core.data-signatures	standard	1	1	accept	1	1	1	1	27391
hqj9ej	core.data-signatures	standard	1	1	accept	1	1	1	1	26799
hqk7rx	core.signing-serialization	invalid	0	0	reject	1	1	0	0	28591
hql9ga	core.signature-checking.multisig.m-of-3	invalid	0	0	reject	3	2	0	0	54516
hqw86z	core.signature-checking.multisig.m-of-3	invalid	0	0	reject	3	2	0	0	54522
hqww2l	core.signing-serialization	invalid	0	0	reject	3	1	0	0	29465
hqyk36	core.signature-checking.multisig.signing-serialization	standard	1	0	accept	3	2	2	2	54510
hr2xhm	core.signing-serialization	invalid	0	0	reject	3	1	0	0	29489
hr62yd	core.signing-serialization	standard	1	1	accept	4	4	4	4	108410
hr847z	core.signing-serialization	invalid	0	0	reject	1	1	1	0	28572
hrayw4	core.signing-serialization	invalid	0	0	reject	1	1	0	0	28604
hrca5n	core.signature-checking.multisig.m-of-3	invalid	0	0	reject	3	3	0	0	80540
hrg6a0	core.signing-serialization	invalid	0	0	reject	5	5	5	0	136269
hrpz9u	core.signature-checking.multisig.signing-serialization	standard	1	1	accept	3	3	3	3	79783
hs9gs9	core.signing-serialization	standard	1	1	accept	4	4	4	4	108471
hs9q0g	core.signing-serialization	invalid	0	0	reject	1	1	0	0	28567
hsg54v	core.data-signatures	standard	1	1	accept	1	1	1	1	27421
hsyn9d	core.signing-serialization	standard	1	1	accept	6	6	6	6	162458
htknxz	core.signature-checking.multisig.signing-serialization	standard	1	0	accept	3	2	2	2	54510
htkql0	core.signing-serialization	standard	1	1	accept	6	6	6	6	162682
htkrh6	core.signing-serialization	standard	1	1	accept	4	4	4	4	108410
htu4dj	core.signing-serialization	invalid	0	1	reject	4	4	0	0	107827
hu0yvw	core.signing-serialization	invalid	0	0	reject	7	7	7	0	189151
huadu2	core.signing-serialization	standard	1	1	accept	4	4	4	4	108404
hutrvm	core.signing-serialization	invalid	0	0	reject	1	1	1	0	27845
hv0k72	core.signature-checking.multisig.signing-serialization	standard	1	1	accept	3	3	3	3	80521
hvdhd7	core.signing-serialization	standard	1	1	accept	4	4	4	4	108665
hvjdu0	core.data-signatures	standard	1	1	accept	1	1	1	1	26880
hvy2n3	core.signature-checking.multisig.m-of-3	invalid	0	0	reject	3	2	0	0	54524
hwhdwu	core.signing-serialization	invalid	0	0	reject	7	7	7	0	188927
hwj9up	core.signing-serialization	invalid	0	0	reject	5	5	5	0	136503
hwkttf	core.signing-serialization	invalid	0	0	reject	1	1	0	0	28567
hx8t7g	core.signing-serialization	invalid	0	1	reject	6	6	0	0	162658
hxlrqc	core.signature-checking.multisig.pubkey-validation	invalid	0	0	reject	2	1	1	0	27698
hy2f82	core.signature-checking.multisig.m-of-3	invalid	0	0	reject	3	2	1	0	54510
hy3gpk	core.signing-serialization	invalid	0	1	reject	4	4	0	0	108436
hyjk2r	core.signing-serialization	standard	1	1	accept	4	4	4	4	109820
hymd2f	core.signing-serialization	invalid	0	0	reject	1	1	1	0	27857
hyucln	core.signing-serialization	standard	1	1	accept	8	8	8	8	214359
hyxduy	core.signature-checking.multisig.m-of-3	invalid	0	0	reject	3	2	1	0	54540
hz6jjv	core.signing-serialization	standard	1	1	accept	4	4	4	4	108380
hz7n4f	core.signing-serialization	standard	1	0	accept	2	1	4	4	29073
hznzjj	core.signing-serialization	invalid	0	0	reject	1	1	1	0	27881
hzrlss	core.signing-serialization	invalid	0	1	reject	4	4	0	0	108466
j00g7f	core.signing-serialization	standard	1	1	accept	4	4	4	4	109601
j06tqd	core.signature-checking.multisig.m-of-3	invalid	0	0	reject	3	2	2	0	54517
j07snz	core.signing-serialization	invalid	0	1	reject	4	4	0	0	108436
j0d6yt	core.signing-serialization	standard	1	1	accept	4	4	4	4	109601
j0me35	core.signing-serialization	invalid	0	0	reject	3	1	0	0	29489
j0q692	core.signing-serialization	standard	1	1	accept	4	4	4	4	109572
j0x3mt	core.signing-serialization	invalid	0	0	reject	5	5	5	0	136498
j23n9t	core.signing-serialization	invalid	0	0	reject	1	1	0	0	28002
j24ala	core.signature-checking.multisig.pubkey-validation	standard	1	0	accept	2	1	1	1	27946
j2c2kt	core.signing-serialization	invalid	0	0	reject	3	1	1	0	29489
j2du72	core.signing-serialization	standard	1	1	accept	8	8	8	8	215092
j2fzq9	core.signature-checking.multisig.signing-serialization	standard	1	1	accept	3	3	3	3	80547
j2hmfl	core.signature-checking.multisig.m-of-3	invalid	0	0	reject	3	2	1	0	54516
j2nmsv	core.signature-checking.multisig.m-of-20	invalid	0	0	reject	20	20	20	0	524865
j2nxxv	core.signing-serialization	invalid	0	0	reject	5	5	0	0	136517
j2ty3m	core.data-signatures	standard	1	1	accept	1	1	1	1	27403
j34sn5	core.signing-serialization	invalid	0	0	reject	2	1	1	0	29068
j365md	core.signing-serialization	invalid	0	0	reject	1	1	0	0	27877
j3c8rj	core.signing-serialization	standard	1	1	accept	4	4	4	4	109105
j3ql8n	core.signature-checking.multisig.m-of-20	invalid	0	0	reject	20	20	0	0	524057
j3rzuh	core.signing-serialization	standard	1	0	accept	2	1	4	4	29092
j40q67	core.signing-serialization	invalid	0	0	reject	5	5	0	0	136559
j4d6js	core.signing-serialization	standard	1	1	accept	4	4	4	4	109577
j4eg8q	core.signature-checking.multisig.m-of-3	invalid	0	0	reject	3	2	1	0	54523
j4qja2	core.signature-checking.multisig.m-of-3	invalid	0	0	reject	3	2	0	0	54516
j50le2	core.signature-checking.multisig.m-of-3	invalid	0	0	reject	3	2	2	0	54510
j5467u	core.signature-checking.multisig.signing-serialization	standard	1	1	accept	3	3	3	3	80547
j58tg9	core.signature-checking.multisig.m-of-3	standard	1	1	accept	3	3	3	3	79292
j59zsl	core.signature-checking.multisig.pubkey-validation	invalid	0	0	reject	2	1	1	0	27818
j5gk97	core.signing-serialization	standard	1	1	accept	4	4	4	4	109105
j5te39	core.signing-serialization	invalid	0	0	reject	5	5	0	0	136493
j5u0cp	core.data-signatures	standard	1	1	accept	1	1	1	1	27440
j69fe7	core.data-signatures	standard	1	1	accept	1	1	1	1	26884
j6g3de	core.signing-serialization	invalid	0	0	reject	7	7	7	0	188951
j6gf37	core.signature-checking.multisig.signing-serialization	standard	1	1	accept	3	3	3	3	80521
j6hh26	core.signing-serialization	invalid	0	0	reject	1	1	1	0	28482
j6vm5m	core.signing-serialization	standard	1	1	accept	4	4	4	4	108404
j6yhah	core.signing-serialization	invalid	0	1	reject	4	4	0	0	107822
j6yxz9	core.signing-serialization	invalid	0	0	reject	5	5	5	0	136498
j6zxj4	core.signing-serialization	standard	1	1	accept	8	8	8	8	215116
j7240a	core.signing-serialization	invalid	0	0	reject	5	5	5	0	136298
j72kll	core.signature-checking.multisig.signing-serialization	standard	1	1	accept	3	3	3	3	80546
j79fxv	core.signing-serialization	invalid	0	1	reject	8	8	0	0	214359
j7hep2	core.signing-serialization	standard	1	0	accept	2	1	4	4	28972
j7une5	core.data-signatures	standard	1	1	accept	1	1	1	1	26798
j7yttk	core.data-signatures	standard	1	1	accept	1	1	1	1	26877
j806pw	core.data-signatures	standard	1	1	accept	1	1	1	1	27501
j8f3tp	core.signing-serialization	invalid	0	0	reject	2	1	1	0	28996
j8ketf	core.signature-checking.multisig.m-of-3	invalid	0	0	reject	3	2	1	0	54517
j8tl5k	core.signature-checking.multisig.m-of-3	invalid	0	0	reject	3	2	0	0	54517
j8u53e	core.signing-serialization	invalid	0	1	reject	4	4	0	0	108412
j996m9	core.signature-checking.multisig.m-of-20	invalid	0	0	reject	20	2	1	0	59104
j9aegc	core.signature-checking.multisig.signing-serialization	standard	1	1	accept	3	3	3	3	80523
j9ml3h	core.signing-serialization	standard	1	1	accept	4	4	4	4	108412
j9tdfu	core.signature-checking.multisig.m-of-20	invalid	0	0	reject	20	20	0	0	524033
ja7n0f	core.signing-serialization	invalid	0	0	reject	7	7	7	0	188932
jag952	core.signature-checking.multisig.m-of-3	invalid	0	0	reject	3	2	1	0	54510
jas5ex	core.signing-serialization	invalid	0	0	reject	1	1	1	0	28495
javfgw	core.data-signatures	standard	1	1	accept	1	1	1	1	27481
jcav5u	core.signature-checking.multisig.m-of-3	invalid	0	0	reject	3	2	0	0	54510
jcek98	core.signing-serialization	invalid	0	0	reject	1	1	0	0	28580
jcjtdn	core.signature-checking.multisig.signing-serialization	standard	1	1	accept	3	3	3	3	80545
jcns45	core.signing-serialization	invalid	0	1	reject	4	4	0	0	107822
jcqyt3	core.signing-serialization	standard	1	0	accept	3	1	4	4	29489
jd95hy	core.signing-serialization	invalid	0	0	reject	2	1	1	0	29092
jdev3h	core.signing-serialization	invalid	0	0	reject	1	1	1	0	27877
jdgrd2	core.signing-serialization	invalid	0	0	reject	1	1	1	0	27881
jdnxtz	core.signing-serialization	invalid	0	0	reject	1	1	1	0	27845
jdukqd	core.data-signatures	standard	1	1	accept	1	1	1	1	28847
jduxvv	core.signing-serialization	standard	1	1	accept	4	4	4	4	107792
jecc0u	core.signature-checking.multisig.signing-serialization	standard	1	1	accept	3	3	3	3	80547
jemf7q	core.signing-serialization	standard	1	1	accept	6	6	6	6	162458
jemls0	core.signing-serialization	invalid	0	0	reject	3	1	0	0	29489
jf40t0	core.signing-serialization	standard	1	1	accept	4	4	4	4	109572
jfaztx	core.signing-serialization	invalid	0	0	reject	7	7	0	0	189188
jfeer3	core.data-signatures	standard	1	1	accept	1	1	1	1	27528
jfsef9	core.signing-serialization	invalid	0	0	reject	5	5	0	0	136522
jfvzck	core.signing-serialization	standard	1	1	accept	8	8	8	8	214135
jfxjqs	core.signature-checking.multisig.signing-serialization	standard	1	0	accept	3	2	2	2	54510
jg38dc	core.signature-checking.multisig.pubkey-validation	invalid	0	0	reject	2	2	0	0	53945
jgg6q2	core.signing-serialization	invalid	0	0	reject	5	5	0	0	136493
jgjd7l	core.signing-serialization	invalid	0	1	reject	4	4	0	0	109105
jgjev7	core.signature-checking.multisig.m-of-3	invalid	0	0	reject	3	2	1	0	54541
jgqqm6	core.signing-serialization	standard	1	0	accept	2	1	4	4	29097
jhayur	core.signature-checking.multisig.m-of-3	invalid	0	0	reject	3	3	0	0	80515
jhckjl	core.signing-serialization	standard	1	0	accept	3	1	4	4	29465
jhggnx	core.signature-checking.multisig.m-of-3	invalid	0	0	reject	3	2	0	0	54517
jhwcsk	core.signature-checking.multisig.m-of-3	invalid	0	0	reject	3	3	0	0	80509
jj5378	core.signing-serialization	standard	1	1	accept	4	4	4	4	107792
jj6pgj	core.signature-checking.multisig.m-of-3	invalid	0	0	reject	3	2	0	0	54517
jj77y7	core.data-signatures	standard	1	1	accept	1	1	1	1	27944
jj9ks6	core.signing-serialization	invalid	0	0	reject	7	7	0	0	189151
jjfmyt	core.data-signatures	standard	1	1	accept	1	1	1	1	27530
jjkhvs	core.signature-checking.multisig.signing-serialization	standard	1	0	accept	3	2	2	2	54510
jjlyjy	core.signature-checking.multisig.m-of-3	invalid	0	0	reject	3	2	1	0	54540
jjuzd4	core.data-signatures	standard	1	1	accept	1	1	1	1	26811
jjxm88	core.data-signatures	standard	1	1	accept	1	1	1	1	26808
jkatln	core.data-signatures	standard	1	1	accept	1	1	1	1	26776
jkqaqz	core.signature-checking.multisig.pubkey-validation	invalid	0	0	reject	2	2	0	0	53793
jkxsfh	core.signing-serialization	standard	1	0	accept	2	1	4	4	28972
jky8du	core.signing-serialization	invalid	0	0	reject	1	1	0	0	27877
jkz89m	core.signing-serialization	invalid	0	0	reject	3	1	1	0	29465
jl6lce	core.signing-serialization	standard	1	0	accept	2	1	4	4	29068
jlu5pk	core.signing-serialization	invalid	0	0	reject	2	1	1	0	28996
jluudq	core.signature-checking.multisig.m-of-3	invalid	0	0	reject	3	2	1	0	54534
jlxqxa	core.signature-checking.multisig.signing-serialization	standard	1	1	accept	3	3	3	3	80523
jlzttx	core.data-signatures	standard	1	1	accept	1	1	1	1	27512
jm3y6n	core.signing-serialization	invalid	0	0	reject	1	1	1	0	27913
jmc89w	core.signing-serialization	invalid	0	0	reject	1	1	0	0	28567
jmma76	core.data-signatures	standard	1	1	accept	1	1	1	1	26820
jmtk5q	core.signing-serialization	standard	1	0	accept	3	1	4	4	29369
jp53z4	core.signing-serialization	standard	1	1	accept	8	8	8	8	215340
jpm55d	core.signing-serialization	invalid	0	0	reject	2	1	1	0	29129
jpqpdr	core.signing-serialization	standard	1	0	accept	3	1	4	4	29393
jpr3aa	core.signing-serialization	standard	1	1	accept	4	4	4	4	108380
jr0ufe	core.signing-serialization	standard	1	1	accept	4	4	4	4	108415
jrfdwn	core.signing-serialization	invalid	0	0	reject	2	1	1	0	29068
jrgqrc	core.signature-checking.multisig.signing-serialization	standard	1	1	accept	3	3	3	3	80522
jrgu2h	core.signing-serialization	standard	1	1	accept	6	6	6	6	162692
jrsj0w	core.signature-checking.multisig.m-of-3	invalid	0	0	reject	3	2	1	0	54534
jrxk7c	core.signature-checking.multisig.m-of-3	invalid	0	0	reject	3	2	2	0	54534
js294p	core.signing-serialization	invalid	0	0	reject	1	1	0	0	28578
js3lev	core.signing-serialization	invalid	0	0	reject	1	1	1	0	28495
jsj2j2	core.signing-serialization	standard	1	0	accept	1	1	4	4	28591
jt79w0	core.signing-serialization	invalid	0	0	reject	2	1	0	0	29068
jtdxzw	core.signature-checking.multisig.pubkey-validation	standard	1	1	accept	2	2	2	2	53952
jtl6vv	core.signing-serialization	standard	1	1	accept	6	6	6	6	161604
jtrh8v	core.data-signatures	standard	1	1	accept	1	1	1	1	26789
ju52ly	core.signing-serialization	invalid	0	0	reject	1	1	1	0	27881
jugyvg	core.signing-serialization	standard	1	0	accept	2	1	4	4	28996
jutm79	core.signing-serialization	standard	1	1	accept	4	4	4	4	107760
juw37j	core.signing-serialization	standard	1	0	accept	3	1	4	4	29465
juyfzg	core.signing-serialization	invalid	0	0	reject	5	5	5	0	136522
jv7ppj	core.signing-serialization	invalid	0	0	reject	3	1	0	0	29465
jvm59h	core.signing-serialization	invalid	0	0	reject	1	1	1	0	27845
jvmqd2	core.data-signatures	standard	1	1	accept	1	1	1	1	27497
jvpcyc	core.signing-serialization	standard	1	1	accept	4	4	4	4	108404
jvq80c	core.signing-serialization	standard	1	0	accept	3	1	4	4	29465
jwdna3	core.signature-checking.multisig.signing-serialization	standard	1	0	accept	3	2	2	2	54534
jwndat	core.signing-serialization	standard	1	1	accept	8	8	8	8	214135
jx2u2c	core.signing-serialization	invalid	0	0	reject	5	5	0	0	136535
jxf26u	core.signature-checking.multisig.signing-serialization	standard	1	1	accept	3	3	3	3	80522
jxgd0t	core.signature-checking.multisig.signing-serialization	standard	1	1	accept	3	3	3	3	80522
jxmrp4	core.signing-serialization	standard	1	1	accept	4	4	4	4	108436
jyasy0	core.data-signatures	standard	1	1	accept	1	1	1	1	26771
jyeeus	core.signing-serialization	invalid	0	0	reject	1	1	0	0	28580
jyqemh	core.benchmarks.signature-checking.p2pkh	standard	1	1	accept	1	1	1	1	27264
jyvadt	core.data-signatures	standard	1	1	accept	1	1	1	1	27534
jyzecj	core.signing-serialization	standard	1	0	accept	2	1	4	4	29092
jzfnmq	core.signing-serialization	invalid	0	0	reject	1	1	0	0	28591
jzlvtp	core.signature-checking.multisig.pubkey-validation	invalid	0	0	reject	2	1	1	0	27953
jzs0nd	core.signing-serialization	standard	1	1	accept	6	6	6	6	161609
jzx23z	core.signing-serialization	invalid	0	1	reject	8	8	0	0	214354
k06ga7	core.signing-serialization	invalid	0	1	reject	6	6	0	0	161828
k0l2q6	core.signing-serialization	invalid	0	0	reject	2	1	0	0	29092
k0lc7s	core.signing-serialization	invalid	0	0	reject	7	7	0	0	189151
k0qyhs	core.signing-serialization	invalid	0	0	reject	7	7	7	0	188956
k22cum	core.signing-serialization	invalid	0	0	reject	2	1	0	0	29105
k24ukl	core.signature-checking.multisig.pubkey-validation	invalid	0	0	reject	2	1	1	0	27928
k2macm	core.data-signatures	standard	1	1	accept	1	1	1	1	26913
k306m4	core.signing-serialization	invalid	0	0	reject	7	7	7	0	188927
k38lpw	core.data-signatures	standard	1	1	accept	1	1	1	1	27530
k3c7fs	core.signing-serialization	standard	1	1	accept	6	6	6	6	162463
k3ce2v	core.signing-serialization	standard	1	1	accept	4	4	4	4	109825
k43046	core.signing-serialization	invalid	0	0	reject	1	1	0	0	28567
k45gkx	core.signing-serialization	standard	1	0	accept	1	1	4	4	28495
k4ft7z	core.signing-serialization	invalid	0	0	reject	1	1	0	0	28628
k4jjp7	core.signature-checking.multisig.signing-serialization	standard	1	0	accept	3	2	2	2	54510
k4knxh	core.signing-serialization	invalid	0	0	reject	5	5	0	0	136522
k4m8xn	core.signature-checking.multisig.pubkey-validation	invalid	0	0	reject	2	1	1	0	27704
k4r3p5	core.signing-serialization	standard	1	1	accept	4	4	4	4	108881
k53zz5	core.signature-checking.multisig.m-of-3	invalid	0	0	reject	3	2	0	0	54510
k57tjq	core.signing-serialization	standard	1	0	accept	2	1	4	4	29092
k5czud	core.signing-serialization	invalid	0	1	reject	6	6	0	0	161865
k5hgqy	core.signing-serialization	invalid	0	0	reject	1	1	1	0	28016
k5jcga	core.data-signatures	standard	1	1	accept	1	1	1	1	27017
k5u0nl	core.signing-serialization	invalid	0	0	reject	1	1	1	0	28602
k68ejr	core.signature-checking.multisig.m-of-3	invalid	0	0	reject	3	2	1	0	54522
k6dmsh	core.signing-serialization	invalid	0	0	reject	5	5	0	0	136493
k6j3pl	core.signing-serialization	invalid	0	0	reject	3	1	1	0	29489
k6lf0x	core.signing-serialization	standard	1	1	accept	4	4	4	4	108404
k6p2mw	core.signing-serialization	invalid	0	1	reject	4	4	0	0	108466
k6srd6	core.signing-serialization	standard	1	1	accept	4	4	4	4	107790
k6wy7e	core.signature-checking.multisig.m-of-3	standard	1	0	accept	3	2	2	2	54510
k6x9gc	core.signing-serialization	standard	1	0	accept	2	1	4	4	29129
k793xh	core.signing-serialization	invalid	0	0	reject	1	1	0	0	28567
k7apqa	core.signature-checking.multisig.m-of-3	invalid	0	0	reject	3	2	1	0	54541
k7h279	core.signature-checking.multisig.m-of-20	invalid	0	0	reject	20	2	1	0	59094
k7hfpz	core.signature-checking.multisig.m-of-3	standard	1	1	accept	3	3	3	3	80031
k7n5ra	core.signing-serialization	invalid	0	0	reject	1	1	1	0	28591
k7nxmc	core.data-signatures	standard	1	1	accept	1	1	1	1	27054
k7x8vs	core.data-signatures	standard	1	1	accept	1	1	1	1	28331
k7xfmn	core.signing-serialization	invalid	0	0	reject	1	1	0	0	27978
k85sg4	core.signature-checking.multisig.pubkey-validation	standard	1	1	accept	2	2	2	2	53928
k8aste	core.signing-serialization	standard	1	1	accept	4	4	4	4	107790
k8drdf	core.data-signatures	standard	1	1	accept	1	1	1	1	27527
k8p52s	core.signing-serialization	invalid	0	1	reject	4	4	0	0	109105
k8rsf7	core.signing-serialization	invalid	0	0	reject	1	1	0	0	28591
k97cez	core.signing-serialization	standard	1	1	accept	4	4	4	4	107792
k998tc	core.signature-checking.multisig.signing-serialization	standard	1	1	accept	3	3	3	3	79785
ka2nfr	core.signature-checking.multisig.signing-serialization	standard	1	1	accept	3	3	3	3	80521
kaw3jr	core.signature-checking.multisig.m-of-15	invalid	0	0	reject	15	15	0	0	394860
kckd07	core.signing-serialization	standard	1	1	accept	4	4	4	4	107792
kcxmw9	core.signing-serialization	invalid	0	0	reject	2	1	1	0	29068
kcz07x	core.signing-serialization	standard	1	0	accept	3	1	4	4	29369
kd2xl8	core.signing-serialization	invalid	0	0	reject	5	5	5	0	136493
kd3s8f	core.signing-serialization	invalid	0	0	reject	1	1	0	0	28578
kdacky	core.signing-serialization	standard	1	0	accept	2	1	4	4	28972
kdcnm5	core.signing-serialization	standard	1	1	accept	4	4	4	4	107795
ke9ut6	core.signing-serialization	invalid	0	0	reject	1	1	1	0	28495
keaxcg	core.data-signatures	standard	1	1	accept	1	1	1	1	27521
kekygt	core.signing-serialization	standard	1	0	accept	1	1	4	4	28471
kff2na	core.signing-serialization	standard	1	0	accept	2	1	4	4	29105
kfkxgz	core.signature-checking.multisig.m-of-3	invalid	0	0	reject	3	3	0	0	80048
kgf9w6	core.signature-checking.multisig.m-of-20	invalid	0	0	reject	20	2	1	0	59094
kgfsql	core.signing-serialization	standard	1	0	accept	3	1	4	4	29393
kgtace	core.data-signatures	standard	1	1	accept	1	1	1	1	27509
kgvkrn	core.signing-serialization	invalid	0	0	reject	2	1	0	0	29092
kgxndp	core.signature-checking.multisig.m-of-3	invalid	0	0	reject	3	2	1	0	54524
kgyrfu	core.signature-checking.multisig.signing-serialization	standard	1	1	accept	3	3	3	3	79783
kh0fp4	core.signing-serialization	invalid	0	0	reject	5	5	0	0	136498
khc8a6	core.signature-checking.multisig.m-of-3	invalid	0	0	reject	3	2	1	0	54541
khxuua	core.signature-checking.multisig.m-of-3	standard	1	1	accept	3	3	3	3	80055
khzs38	core.signing-serialization	invalid	0	0	reject	5	5	5	0	136274
kjardj	core.signing-serialization	invalid	0	0	reject	7	7	7	0	188927
kjph8w	core.signing-serialization	invalid	0	0	reject	1	1	0	0	28604
kkgwrp	core.signature-checking.multisig.m-of-3	standard	1	0	accept	3	2	2	2	54510
kkh23s	core.signing-serialization	invalid	0	0	reject	1	1	1	0	27901
kks2kv	core.signing-serialization	invalid	0	1	reject	4	4	0	0	107827
kl3zay	core.signature-checking.multisig.signing-serialization	standard	1	1	accept	3	3	3	3	80523
klcwpe	core.signature-checking.multisig.m-of-3	invalid	0	0	reject	3	2	1	0	54510
klru8j	core.signature-checking.multisig.signing-serialization	standard	1	1	accept	3	3	3	3	80522
klucg3	core.signing-serialization	invalid	0	0	reject	1	1	0	0	28604
kluhmh	core.signing-serialization	standard	1	1	accept	4	4	4	4	108439
kmx2mg	core.signature-checking.multisig.m-of-3	invalid	0	0	reject	3	2	1	0	54523
kncrhj	core.signing-serialization	standard	1	1	accept	4	4	4	4	109825
knfhfw	core.signing-serialization	standard	1	1	accept	4	4	4	4	108417
kng7mp	core.signing-serialization	standard	1	1	accept	4	4	4	4	109825
kp07lc	core.signing-serialization	invalid	0	0	reject	5	5	5	0	136274
kp2dul	core.signing-serialization	invalid	0	0	reject	1	1	1	0	27845
kp82lg	core.signature-checking.multisig.signing-serialization	standard	1	0	accept	3	2	2	2	54510
kp8k6h	core.signature-checking.multisig.m-of-3	invalid	0	0	reject	3	2	1	0	54541
kpcu9g	core.signing-serialization	invalid	0	0	reject	1	1	1	0	28471
kpyn5f	core.signature-checking.multisig.signing-serialization	standard	1	1	accept	3	3	3	3	80547
kqe95c	core.signing-serialization	invalid	0	0	reject	3	1	0	0	29465
kqpalk	core.signing-serialization	standard	1	1	accept	4	4	4	4	108436
kqzr66	core.signing-serialization	invalid	0	0	reject	3	1	1	0	29393
kr4vdf	core.signing-serialization	invalid	0	0	reject	1	1	1	0	27881
kr579g	core.signing-serialization	invalid	0	0	reject	2	1	0	0	29129
krj26g	core.signing-serialization	standard	1	1	accept	4	4	4	4	108404
krp5f8	core.signing-serialization	invalid	0	1	reject	8	8	0	0	215316
kshc5p	core.signing-serialization	invalid	0	0	reject	5	5	5	0	136293
ksvcdr	core.signing-serialization	standard	1	0	accept	3	1	4	4	29470
kte958	core.signing-serialization	invalid	0	0	reject	1	1	1	0	28578
ktnk88	core.signing-serialization	standard	1	1	accept	4	4	4	4	108404
ktqyfg	core.signing-serialization	invalid	0	0	reject	5	5	0	0	136530
kttlzh	core.signing-serialization	standard	1	1	accept	4	4	4	4	108404
kuh4gc	core.signing-serialization	standard	1	1	accept	6	6	6	6	162663
kujm5f	core.signing-serialization	standard	1	1	accept	4	4	4	4	108410
kup5gf	core.signing-serialization	invalid	0	0	reject	1	1	0	0	28567
kvc29d	core.signing-serialization	standard	1	0	accept	1	1	4	4	28567
kve2dd	core.signing-serialization	invalid	0	0	reject	3	1	1	0	29393
kvml29	core.signing-serialization	invalid	0	0	reject	5	5	5	0	136293
kvmz9c	core.signing-serialization	standard	1	1	accept	4	4	4	4	108410
kvy56t	core.signing-serialization	standard	1	0	accept	2	1	4	4	29068
kw2x9d	core.signing-serialization	invalid	0	0	reject	1	1	1	0	28604
kw6e58	core.signing-serialization	standard	1	0	accept	2	1	4	4	28972
kwzzt6	core.signature-checking.multisig.pubkey-validation	invalid	0	0	reject	2	2	0	0	53954
kx64ke	core.data-signatures	standard	1	1	accept	1	1	1	1	26897
kya672	core.data-signatures	standard	1	1	accept	1	1	1	1	27407
kyafgw	core.signing-serialization	standard	1	1	accept	8	8	8	8	215092
kyv29j	core.signing-serialization	standard	1	1	accept	4	4	4	4	107760
kz3h5a	core.signing-serialization	invalid	0	0	reject	7	7	7	0	188951
kz6rth	core.signing-serialization	invalid	0	1	reject	8	8	0	0	214391
kz7dzz	core.signing-serialization	invalid	0	0	reject	1	1	1	0	27877
kza5u6	core.signing-serialization	standard	1	1	accept	8	8	8	8	215116
kzehnp	core.signature-checking.multisig.signing-serialization	standard	1	1	accept	3	3	3	3	80523
l05thh	core.signing-serialization	standard	1	1	accept	8	8	8	8	215097
l098hg	core.signing-serialization	standard	1	1	accept	6	6	6	6	161604
l0dsgj	core.signing-serialization	invalid	0	0	reject	1	1	1	0	28495
l0fhm3	core.benchmarks.signature-checking.bms-ecdsa	standard	1	1	accept	3	3	3	3	79293
l0ufhh	core.signing-serialization	standard	1	0	accept	1	1	4	4	28471
l0v2yw	core.signature-checking.multisig.signing-serialization	standard	1	0	accept	3	2	2	2	54534
l0z57d	core.signing-serialization	invalid	0	0	reject	5	5	5	0	136274
l25lwh	core.signing-serialization	standard	1	1	accept	4	4	4	4	107795
l2e276	core.signature-checking.multisig.m-of-3	invalid	0	0	reject	3	2	0	0	54510
l2k09e	core.signature-checking.multisig.m-of-3	invalid	0	0	reject	3	2	0	0	54534
l3dl0l	core.signature-checking.multisig.m-of-3	standard	1	0	accept	3	1	1	1	28049
l3kapu	core.signing-serialization	standard	1	1	accept	4	4	4	4	108380
l3qvsk	core.signing-serialization	invalid	0	0	reject	2	1	0	0	29092
l3wh23	core.signature-checking.multisig.signing-serialization	standard	1	0	accept	3	2	2	2	54510
l488ns	core.signing-serialization	standard	1	0	accept	3	1	4	4	29494
l4fl0t	core.signing-serialization	invalid	0	0	reject	1	1	1	0	28567
l4hjdr	core.signing-serialization	invalid	0	0	reject	1	1	1	0	27869
l4x0lk	core.signature-checking.multisig.m-of-3	invalid	0	0	reject	3	3	0	0	80540
l4ztpm	core.signature-checking.multisig.m-of-3	invalid	0	0	reject	3	3	0	0	80533
l55g76	core.signing-serialization	invalid	0	0	reject	3	1	1	0	29502
l58nr4	core.signing-serialization	invalid	0	0	reject	3	1	1	0	29489
l5a8d8	core.signing-serialization	standard	1	1	accept	4	4	4	4	108876
l5qk3y	core.signature-checking.multisig.m-of-3	invalid	0	0	reject	3	2	1	0	54517
l5wfeh	core.signature-checking.multisig.m-of-3	invalid	0	0	reject	3	2	1	0	54510
l5xstx	core.signing-serialization	invalid	0	1	reject	4	4	0	0	109825
l5ztqg	core.signing-serialization	invalid	0	0	reject	7	7	7	0	189180
l606lt	core.signing-serialization	invalid	0	0	reject	1	1	0	0	28567
l646j5	core.signature-checking.multisig.signing-serialization	standard	1	1	accept	3	3	3	3	80546
l64sqx	core.signing-serialization	invalid	0	0	reject	2	1	1	0	28972
l6f6w9	core.signing-serialization	standard	1	0	accept	2	1	4	4	29073
l6flgs	core.signing-serialization	standard	1	1	accept	4	4	4	4	108380
l6jeuf	core.signing-serialization	standard	1	1	accept	8	8	8	8	215121
l6rrh4	core.signing-serialization	invalid	0	0	reject	1	1	1	0	28583
l79u35	core.signing-serialization	invalid	0	0	reject	1	1	1	0	28482
l7eu72	core.data-signatures	standard	1	1	accept	1	1	1	1	27397
l8rqq8	core.signing-serialization	standard	1	0	accept	1	1	4	4	28567
l8ru55	core.signing-serialization	invalid	0	0	reject	2	1	1	0	28972
l8zfrn	core.signature-checking.multisig.m-of-20	invalid	0	0	reject	20	2	1	0	59080
l9hfnf	core.signing-serialization	standard	1	1	accept	6	6	6	6	161828
l9qtlj	core.signature-checking.multisig.m-of-20	invalid	0	0	reject	20	2	1	0	56868
l9sz03	core.signature-checking.multisig.signing-serialization	standard	1	0	accept	3	2	2	2	54510
l9v04y	core.signature-checking.multisig.m-of-3	invalid	0	0	reject	3	1	1	0	28031
la69ju	core.signing-serialization	standard	1	0	accept	2	1	4	4	29105
lah9a0	core.signing-serialization	invalid	0	0	reject	1	1	1	0	28471
lar3jw	core.signing-serialization	invalid	0	1	reject	4	4	0	0	109838
law2hx	core.signing-serialization	invalid	0	0	reject	5	5	5	0	136298
lc48r2	core.signing-serialization	invalid	0	1	reject	6	6	0	0	162687
lc78pq	core.signing-serialization	standard	1	1	accept	4	4	4	4	108380
lc7uxx	core.data-signatures	standard	1	1	accept	1	1	1	1	27518
lcg6dg	core.signing-serialization	standard	1	1	accept	8	8	8	8	215350
lcgjmw	core.signing-serialization	invalid	0	0	reject	1	1	1	0	27859
lclhw9	core.signing-serialization	invalid	0	1	reject	4	4	0	0	109796
lcvn6n	core.signing-serialization	standard	1	0	accept	1	1	4	4	28495
ld8z5g	core.signing-serialization	invalid	0	0	reject	2	1	0	0	29092
ld9vsg	core.signing-serialization	standard	1	1	accept	4	4	4	4	108380
ldchhk	core.signature-checking.multisig.signing-serialization	standard	1	0	accept	3	2	2	2	54534
ldfsva	core.signing-serialization	standard	1	1	accept	4	4	4	4	108404
ldgpjy	core.signing-serialization	invalid	0	0	reject	1	1	1	0	27869
ldpq73	core.signing-serialization	invalid	0	0	reject	3	1	1	0	29393
ldw6az	core.signing-serialization	standard	1	1	accept	4	4	4	4	108415
le7qh3	core.signing-serialization	standard	1	1	accept	4	4	4	4	108434
lepvr3	core.signature-checking.multisig.m-of-3	invalid	0	0	reject	3	2	0	0	54510
lf3syj	core.signing-serialization	invalid	0	0	reject	5	5	0	0	136517
lf6d0w	core.signing-serialization	invalid	0	1	reject	6	6	0	0	162700
lfrh8s	core.signature-checking.multisig.signing-serialization	standard	1	0	accept	3	2	2	2	54534
lg5l9p	core.data-signatures	standard	1	1	accept	1	1	1	1	27411
lgclhz	core.signing-serialization	standard	1	1	accept	6	6	6	6	161833
lgpcg9	core.signature-checking.multisig.signing-serialization	standard	1	0	accept	3	2	2	2	54534
lgpn0r	core.signing-serialization	invalid	0	0	reject	2	1	0	0	29092
lgwam6	core.signing-serialization	standard	1	1	accept	6	6	6	6	162434
lh8pn4	core.signing-serialization	standard	1	1	accept	4	4	4	4	107792
lhfgk5	core.signature-checking.multisig.signing-serialization	standard	1	0	accept	3	2	2	2	54534
ljm8qs	core.signing-serialization	invalid	0	1	reject	4	4	0	0	108447
ljqtmx	core.signing-serialization	invalid	0	0	reject	1	1	0	0	28591
ljwheq	core.signature-checking.multisig.m-of-3	invalid	0	0	reject	3	2	0	0	54517
lk0sq9	core.signing-serialization	standard	1	1	accept	6	6	6	6	162719
lk34mu	core.signature-checking.multisig.m-of-3	invalid	0	0	reject	3	2	0	0	54510
lk9yg4	core.signature-checking.multisig.signing-serialization	standard	1	0	accept	3	2	2	2	54534
lkdxsl	core.signature-checking.multisig.m-of-3	standard	1	0	accept	3	1	1	1	28025
lkrau6	core.signing-serialization	standard	1	0	accept	3	1	4	4	29393
lkv3mr	core.signing-serialization	invalid	0	0	reject	7	7	7	0	188956
ll3yw3	core.signing-serialization	invalid	0	0	reject	1	1	0	0	28567
ll4srm	core.data-signatures	standard	1	1	accept	1	1	1	1	27503
llay5w	core.data-signatures	standard	1	1	accept	1	1	1	1	26795
llm384	core.signature-checking.multisig.m-of-20	invalid	0	0	reject	20	2	1	0	59118
llx9mr	core.signing-serialization	invalid	0	0	reject	3	1	1	0	29369
llylyj	core.signature-checking.multisig.m-of-3	invalid	0	0	reject	3	2	0	0	54548
lmd7wq	core.signature-checking.multisig.m-of-20	invalid	0	0	reject	20	2	1	0	59118
lmh6zx	core.signing-serialization	invalid	0	0	reject	1	1	1	0	27882
lmtygf	core.signature-checking.multisig.m-of-3	invalid	0	0	reject	3	2	1	0	54523
lmwflr	core.signing-serialization	standard	1	1	accept	4	4	4	4	109601
lmwn3q	core.signing-serialization	invalid	0	0	reject	1	1	0	0	28604
ln70xr	core.signing-serialization	standard	1	1	accept	4	4	4	4	108404
ln90aq	core.signing-serialization	invalid	0	0	reject	7	7	7	0	188932
lnc4s6	core.signature-checking.multisig.pubkey-validation	standard	1	1	accept	2	2	2	2	53679
lnkqgk	core.signing-serialization	invalid	0	0	reject	3	1	0	0	29489
lnuc7p	core.signature-checking.multisig.m-of-3	invalid	0	0	reject	3	2	1	0	54541
lp9097	core.signing-serialization	invalid	0	0	reject	2	1	0	0	29092
lpj7je	core.signature-checking.multisig.signing-serialization	standard	1	1	accept	3	3	3	3	80546
lppgnd	core.signature-checking.multisig.m-of-3	invalid	0	0	reject	3	2	0	0	54523
lpqkpv	core.signature-checking.multisig.signing-serialization	standard	1	1	accept	3	3	3	3	79785
lprfmw	core.signing-serialization	invalid	0	0	reject	5	5	5	0	136298
lr26ku	core.signature-checking.multisig.m-of-15	invalid	0	0	reject	15	1	1	0	30886
lr4seu	core.signing-serialization	standard	1	0	accept	2	1	4	4	28996
lr7j92	core.signing-serialization	invalid	0	0	reject	1	1	0	0	27978
lrceng	core.signing-serialization	standard	1	0	accept	1	1	4	4	28567
lrlmp0	core.data-signatures	standard	1	1	accept	1	1	1	1	27410
lrsehz	core.signing-serialization	invalid	0	1	reject	6	6	0	0	161828
lsdghs	core.data-signatures	standard	1	1	accept	1	1	1	1	27401
lsl2zx	core.data-signatures	standard	1	1	accept	1	1	1	1	26821
lsmy23	core.data-signatures	standard	1	1	accept	1	1	1	1	26888
lsysw0	core.signing-serialization	standard	1	0	accept	3	1	4	4	29369
lt9zn3	core.signing-serialization	invalid	0	0	reject	1	1	1	0	27883
ltde65	core.data-signatures	standard	1	1	accept	1	1	1	1	27525
ltlsf5	core.signature-checking.multisig.m-of-3	invalid	0	0	reject	3	2	0	0	54516
ltr2x6	core.signing-serialization	invalid	0	0	reject	5	5	0	0	136522
ltum9x	core.signing-serialization	invalid	0	0	reject	1	1	1	0	28495
luczsh	core.signing-serialization	invalid	0	0	reject	2	1	1	0	28972
lv3y4s	core.signature-checking.multisig.m-of-3	invalid	0	0	reject	3	3	0	0	80533
lvwhx0	core.signing-serialization	standard	1	1	accept	6	6	6	6	162663
lvxhaa	core.signature-checking.multisig.signing-serialization	standard	1	1	accept	3	3	3	3	80522
lw5acf	core.signing-serialization	standard	1	0	accept	3	1	4	4	29369
lw5gzc	core.signing-serialization	standard	1	1	accept	4	4	4	4	108380
lwf8un	core.signing-serialization	invalid	0	0	reject	5	5	0	0	136498
lwjz7k	core.signature-checking.multisig.m-of-3	invalid	0	0	reject	3	2	0	0	54534
lwk4qu	core.signature-checking.multisig.m-of-3	invalid	0	0	reject	3	2	1	0	54541
lwp5lg	core.signature-checking.multisig.m-of-3	invalid	0	0	reject	3	2	0	0	54517
lx0r5y	core.signing-serialization	standard	1	1	accept	4	4	4	4	108434
lx50j0	core.signing-serialization	standard	1	1	accept	4	4	4	4	108415
lxa63q	core.signing-serialization	standard	1	1	accept	4	4	4	4	108434
lxhcvj	core.signing-serialization	invalid	0	0	reject	2	1	0	0	29068
lxp497	core.signing-serialization	invalid	0	0	reject	3	1	1	0	29465
ly8r83	core.signing-serialization	invalid	0	0	reject	1	1	1	0	27896
lyfwu5	core.signing-serialization	standard	1	0	accept	2	1	4	4	28972
lyk0ku	core.signature-checking.multisig.pubkey-validation	invalid	0	0	reject	2	1	0	0	27948
lz2r06	core.signature-checking.multisig.signing-serialization	standard	1	1	accept	3	3	3	3	80523
lz7wrl	core.signing-serialization	invalid	0	0	reject	1	1	0	0	28591
lz9g2y	core.signing-serialization	invalid	0	0	reject	1	1	0	0	28578
lzh4xs	core.signing-serialization	invalid	0	0	reject	1	1	1	0	28580
lzhtmn	core.signature-checking.multisig.signing-serialization	standard	1	1	accept	3	3	3	3	80523
lznn8c	core.signing-serialization	invalid	0	0	reject	1	1	1	0	27891
lztzex	core.signature-checking.multisig.m-of-3	invalid	0	0	reject	3	2	1	0	54541
m0aukd	core.signing-serialization	invalid	0	0	reject	2	1	1	0	28972
m0rad9	core.signing-serialization	invalid	0	0	reject	1	1	1	0	27883
m0t8rm	core.signing-serialization	standard	1	1	accept	4	4	4	4	108434
m0y6lz	core.signing-serialization	invalid	0	0	reject	5	5	5	0	136498
m25nds	core.signature-checking.multisig.m-of-3	invalid	0	0	reject	3	2	0	0	54534
m2acuu	core.signature-checking.multisig.signing-serialization	standard	1	1	accept	3	3	3	3	80522
m2ewhs	core.data-signatures	standard	1	1	accept	1	1	1	1	26906
m2gjzd	core.signing-serialization	standard	1	1	accept	6	6	6	6	161870
m2jpgm	core.signing-serialization	invalid	0	0	reject	7	7	0	0	189175
m37rqh	core.signing-serialization	invalid	0	0	reject	5	5	5	0	136293
m39src	core.signature-checking.multisig.signing-serialization	standard	1	0	accept	3	2	2	2	54534
m3du5f	core.signature-checking.multisig.signing-serialization	standard	1	1	accept	3	3	3	3	80547
m3eemk	core.signing-serialization	standard	1	1	accept	8	8	8	8	214135
m3mdxs	core.signing-serialization	invalid	0	0	reject	7	7	7	0	188932
m3zgzk	core.signature-checking.multisig.signing-serialization	standard	1	0	accept	3	2	2	2	54510
m46v88	core.signing-serialization	standard	1	1	accept	4	4	4	4	107760
m47q08	core.signing-serialization	standard	1	0	accept	2	1	4	4	29092
m4cn7f	core.signing-serialization	invalid	0	0	reject	1	1	0	0	28604
m4nvgv	core.signature-checking.multisig.m-of-3	invalid	0	0	reject	3	2	0	0	54517
m4sspv	core.signature-checking.multisig.pubkey-validation	invalid	0	0	reject	2	2	0	0	53952
m50yvd	core.signing-serialization	invalid	0	0	reject	7	7	7	0	188927
m5t3pn	core.signing-serialization	invalid	0	0	reject	3	1	0	0	29465
m5w6ct	core.signing-serialization	invalid	0	0	reject	1	1	1	0	28596
m6qpd8	core.signature-checking.multisig.signing-serialization	standard	1	0	accept	3	2	2	2	54510
m6r0em	core.signing-serialization	standard	1	1	accept	6	6	6	6	162682
m6zgxf	core.signature-checking.multisig.m-of-3	invalid	0	0	reject	3	3	3	0	80547
m7660f	core.signing-serialization	invalid	0	0	reject	1	1	1	0	27869
m7yye6	core.signature-checking.multisig.signing-serialization	standard	1	1	accept	3	3	3	3	79785
m820v9	core.signing-serialization	invalid	0	0	reject	1	1	0	0	28591
m8n468	core.signing-serialization	invalid	0	0	reject	1	1	1	0	28591
m8swx4	core.signature-checking.multisig.m-of-3	invalid	0	0	reject	3	2	0	0	54516
m8vha0	core.signing-serialization	invalid	0	0	reject	1	1	1	0	28506
m8xkaw	core.data-signatures	standard	1	1	accept	1	1	1	1	27409
m9625l	core.signature-checking.multisig.m-of-15	invalid	0	0	reject	15	1	1	0	30892
m9cphc	core.signing-serialization	invalid	0	0	reject	3	1	1	0	29494
m9gzqn	core.signing-serialization	standard	1	1	accept	8	8	8	8	214130
ma5f2q	core.signature-checking.multisig.pubkey-validation	invalid	0	0	reject	2	1	1	0	27922
ma8cap	core.signature-checking.multisig.m-of-15	invalid	0	0	reject	15	1	1	0	30886
mad7u3	core.signing-serialization	invalid	0	0	reject	1	1	0	0	28604
mapljk	core.signature-checking.multisig.m-of-20	invalid	0	0	reject	20	20	20	0	527115
matljq	core.signing-serialization	standard	1	0	accept	3	1	4	4	29489
matrex	core.signing-serialization	invalid	0	0	reject	2	1	0	0	29129
mauxc8	core.signature-checking.multisig.m-of-20	standard	1	0	accept	20	2	2	2	59104
max274	core.signing-serialization	invalid	0	0	reject	7	7	7	0	189175
mc2fjv	core.signing-serialization	standard	1	0	accept	3	1	4	4	29393
mc9n6e	core.signing-serialization	invalid	0	0	reject	3	1	0	0	29502
mcem5g	core.signature-checking.multisig.signing-serialization	standard	1	1	accept	3	3	3	3	79785
md0xwm	core.data-signatures	standard	1	1	accept	1	1	1	1	27505
md2ch5	core.data-signatures	standard	1	1	accept	1	1	1	1	27445
mde5qn	core.data-signatures	standard	1	1	accept	1	1	1	1	26772
mdhxhv	core.signing-serialization	invalid	0	0	reject	2	1	1	0	28972
mdqq6u	core.signing-serialization	standard	1	1	accept	4	4	4	4	108476
mdu22n	core.signing-serialization	invalid	0	0	reject	3	1	1	0	29369
me7hmf	core.signing-serialization	invalid	0	0	reject	5	5	5	0	136498
me8cq0	core.data-signatures	standard	1	1	accept	1	1	1	1	26919
melu00	core.signing-serialization	standard	1	1	accept	4	4	4	4	108881
mem0q3	core.signing-serialization	invalid	0	0	reject	1	1	1	0	28002
meplfm	core.signature-checking.multisig.m-of-3	invalid	0	0	reject	3	2	0	0	54540
mev9uz	core.data-signatures	standard	1	1	accept	1	1	1	1	26781
mf3a8q	core.signature-checking.multisig.signing-serialization	standard	1	0	accept	3	2	2	2	54534
mffmq8	core.signature-checking.multisig.m-of-20	invalid	0	0	reject	20	2	1	0	56073
mffzq0	core.signature-checking.multisig.m-of-3	invalid	0	0	reject	3	2	1	0	54540
mfjqs9	core.signing-serialization	invalid	0	0	reject	3	1	1	0	29470
mfx8fh	core.signature-checking.multisig.pubkey-validation	standard	1	1	accept	2	2	2	2	53095
mg2hnp	core.data-signatures	standard	1	1	accept	1	1	1	1	28411
mg5jcv	core.signing-serialization	standard	1	0	accept	1	1	4	4	28591
mg5tkx	core.signing-serialization	invalid	0	0	reject	1	1	1	0	27869
mg5zxk	core.signature-checking.multisig.signing-serialization	standard	1	1	accept	3	3	3	3	79784
mg708m	core.data-signatures	standard	1	1	accept	1	1	1	1	27529
mggwqe	core.signature-checking.multisig.signing-serialization	standard	1	1	accept	3	3	3	3	80547
mgljw8	core.signing-serialization	invalid	0	0	reject	1	1	1	0	28578
mgndhp	core.signature-checking.multisig.m-of-20	invalid	0	0	reject	20	20	0	0	527077
mgnp4g	core.signing-serialization	invalid	0	0	reject	3	1	0	0	29489
mgphc9	core.signing-serialization	standard	1	1	accept	6	6	6	6	161609
mgrexf	core.signing-serialization	standard	1	1	accept	4	4	4	4	108439
mgshgg	core.signature-checking.multisig.m-of-3	invalid	0	0	reject	3	3	3	0	80523
mgv2v8	core.signing-serialization	standard	1	1	accept	4	4	4	4	108410
mgv47e	core.signing-serialization	standard	1	1	accept	8	8	8	8	215345
mh0agd	core.signature-checking.multisig.signing-serialization	standard	1	1	accept	3	3	3	3	80522
mh62kr	core.signing-serialization	invalid	0	0	reject	1	1	1	0	28495
mhcs4c	core.signing-serialization	standard	1	1	accept	4	4	4	4	109572
mhshqv	core.signing-serialization	invalid	0	0	reject	1	1	1	0	27877
mjcjls	core.signature-checking.multisig.m-of-3	invalid	0	0	reject	3	2	0	0	54546
mjdmhk	core.signing-serialization	standard	1	1	accept	8	8	8	8	215092
mjdwh2	core.signing-serialization	standard	1	1	accept	4	4	4	4	107760
mjhql3	core.data-signatures	standard	1	1	accept	1	1	1	1	27903
mjt7x4	core.signature-checking.multisig.m-of-3	invalid	0	0	reject	3	2	0	0	54517
mjus99	core.signature-checking.multisig.m-of-3	standard	1	1	accept	3	3	3	3	80547
mjx58v	core.signing-serialization	invalid	0	0	reject	7	7	7	0	189156
mk6slz	core.signing-serialization	standard	1	1	accept	4	4	4	4	108434
mkjs4v	core.signature-checking.multisig.m-of-3	invalid	0	0	reject	3	2	0	0	54523
mklu23	core.signature-checking.multisig.m-of-3	invalid	0	0	reject	3	2	0	0	54523
mks3kw	core.signing-serialization	invalid	0	0	reject	2	1	1	0	28996
mkx5ng	core.signature-checking.multisig.signing-serialization	standard	1	1	accept	3	3	3	3	80523
ml28j2	core.signing-serialization	invalid	0	0	reject	1	1	1	0	28572
ml2d4c	core.signature-checking.multisig.m-of-3	invalid	0	0	reject	3	2	1	0	54510
mlejln	core.signing-serialization	invalid	0	0	reject	3	1	0	0	29489
mlfge9	core.signing-serialization	standard	1	1	accept	6	6	6	6	162682
mlkfx7	core.signature-checking.multisig.m-of-3	invalid	0	0	reject	3	1	1	0	28049
mlm99s	core.signing-serialization	standard	1	1	accept	8	8	8	8	215350
mlrs2z	core.signing-serialization	standard	1	1	accept	4	4	4	4	108410
mls8vn	core.signature-checking.multisig.m-of-3	invalid	0	0	reject	3	2	1	0	54517
mlvmjq	core.signing-serialization	invalid	0	0	reject	1	1	1	0	27857
mm0fg7	core.signature-checking.multisig.m-of-3	invalid	0	0	reject	3	2	0	0	54510
mm3ntt	core.signature-checking.multisig.pubkey-validation	standard	1	0	accept	2	1	1	1	27674
mm70cz	core.signing-serialization	invalid	0	0	reject	1	1	1	0	28471
mmrr00	core.signing-serialization	invalid	0	0	reject	1	1	1	0	28567
mmzqc2	core.signing-serialization	invalid	0	0	reject	1	1	1	0	27877
mn2qgp	core.signature-checking.multisig.m-of-15	invalid	0	0	reject	15	1	1	0	30892
mnkcha	core.signing-serialization	invalid	0	0	reject	2	1	0	0	29092
mnkfz2	core.signing-serialization	invalid	0	1	reject	8	8	0	0	215321
mnkr7x	core.signing-serialization	invalid	0	0	reject	1	1	0	0	27877
mnlqa4	core.signing-serialization	standard	1	0	accept	1	1	4	4	28471
mnnu3t	core.data-signatures	standard	1	1	accept	1	1	1	1	26912
mnp4rr	core.signing-serialization	standard	1	1	accept	8	8	8	8	215345
mnrh9w	core.signing-serialization	standard	1	1	accept	4	4	4	4	107795
mp4yfv	core.signing-serialization	standard	1	1	accept	8	8	8	8	215121
mq8fuf	core.signing-serialization	invalid	0	1	reject	8	8	0	0	215316
mqfcue	core.signing-serialization	invalid	0	0	reject	2	1	1	0	28972
mqnw8n	core.signing-serialization	invalid	0	0	reject	1	1	1	0	28482
mqss4v	core.signing-serialization	invalid	0	1	reject	8	8	0	0	214359
mqy5yn	core.signing-serialization	invalid	0	1	reject	6	6	0	0	161870
mr0pxm	core.signing-serialization	invalid	0	0	reject	3	1	1	0	29465
mrp36r	core.signature-checking.multisig.m-of-20	invalid	0	0	reject	20	20	0	0	527101
mrwz0t	core.signing-serialization	invalid	0	1	reject	4	4	0	0	109137
ms2hus	core.signing-serialization	standard	1	1	accept	6	6	6	6	162458
ms65ne	core.data-signatures	standard	1	1	accept	1	1	1	1	27423
msd622	core.signing-serialization	invalid	0	0	reject	1	1	1	0	28508
msjzca	core.signature-checking.multisig.m-of-3	standard	1	1	accept	3	3	3	3	80546
msmls9	core.signature-checking.multisig.m-of-3	invalid	0	0	reject	3	2	2	0	54541
msx0h9	core.signing-serialization	standard	1	1	accept	4	4	4	4	108466
mt6h3q	core.signing-serialization	standard	1	0	accept	3	1	4	4	29489
mt8qkq	core.signing-serialization	invalid	0	0	reject	1	1	0	0	27889
mtj7l3	core.signature-checking.multisig.signing-serialization	standard	1	0	accept	3	2	2	2	54510
mtqae6	core.signature-checking.multisig.m-of-20	invalid	0	0	reject	20	2	1	0	59104
mtxtll	core.signature-checking.multisig.signing-serialization	standard	1	0	accept	3	2	2	2	54510
mu7fxf	core.signing-serialization	invalid	0	0	reject	3	1	1	0	29465
muz99w	core.signature-checking.multisig.pubkey-validation	invalid	0	0	reject	2	2	0	0	53679
mvchlj	core.signature-checking.multisig.m-of-3	invalid	0	0	reject	3	2	1	0	54517
mvdq0s	core.signing-serialization	standard	1	1	accept	6	6	6	6	161838
mve2ns	core.signing-serialization	invalid	0	0	reject	1	1	0	0	28591
mvkkl2	core.signature-checking.multisig.m-of-20	invalid	0	0	reject	20	2	1	0	56892
mvqjqp	core.signing-serialization	invalid	0	0	reject	2	1	0	0	29068
mw0tar	core.signing-serialization	invalid	0	0	reject	7	7	7	0	189180
mwfvzx	core.data-signatures	standard	1	1	accept	1	1	1	1	26892
mwmk5t	core.signing-serialization	invalid	0	0	reject	3	1	1	0	29502
mwpmmk	core.signing-serialization	standard	1	1	accept	6	6	6	6	162434
mxhktv	core.signing-serialization	standard	1	1	accept	8	8	8	8	214130
mxtxqa	core.signature-checking.multisig.m-of-3	invalid	0	0	reject	3	1	1	0	28049
mxvlq6	core.signing-serialization	invalid	0	1	reject	6	6	0	0	162682
my550t	core.signing-serialization	standard	1	1	accept	4	4	4	4	108471
mypqaz	core.signing-serialization	standard	1	0	accept	3	1	4	4	29369
myqddp	core.signing-serialization	invalid	0	1	reject	8	8	0	0	215316
mysk8s	core.signing-serialization	standard	1	1	accept	6	6	6	6	162434
mywaj5	core.signing-serialization	invalid	0	0	reject	1	1	1	0	27857
mz20a0	core.signing-serialization	standard	1	1	accept	4	4	4	4	109825
mz267a	core.signing-serialization	standard	1	1	accept	6	6	6	6	162658
mz90df	core.data-signatures	standard	1	1	accept	1	1	1	1	27539
mzgxdx	core.signing-serialization	invalid	0	0	reject	2	1	1	0	29097
mzn7yx	core.signature-checking.multisig.m-of-3	invalid	0	0	reject	3	3	0	0	80516
n03vlp	core.signature-checking.multisig.m-of-3	invalid	0	0	reject	3	3	0	0	80516
n04p4x	core.data-signatures	standard	1	1	accept	1	1	1	1	26881
n0aaj0	core.signature-checking.multisig.m-of-3	invalid	0	0	reject	3	2	1	0	54540
n0akex	core.data-signatures	standard	1	1	accept	1	1	1	1	27419
n0e4dg	core.signing-serialization	invalid	0	0	reject	1	1	0	0	27901
n0f2ly	core.signing-serialization	standard	1	1	accept	4	4	4	4	107792
n0u8z0	core.signing-serialization	invalid	0	0	reject	3	1	0	0	29502
n20smz	core.signing-serialization	invalid	0	0	reject	1	1	1	0	28580
n23dp9	core.signature-checking.multisig.m-of-3	invalid	0	0	reject	3	2	0	0	54548
n285lz	core.signing-serialization	invalid	0	0	reject	2	1	0	0	29092
n28dm2	core.signing-serialization	invalid	0	0	reject	7	7	7	0	189161
n2kk7s	core.signature-checking.multisig.m-of-3	invalid	0	0	reject	3	2	1	0	54548
n2yg50	core.signing-serialization	invalid	0	0	reject	2	1	1	0	29092
n3f0qx	core.signature-checking.multisig.signing-serialization	standard	1	0	accept	3	2	2	2	54510
n3rwsr	core.signing-serialization	standard	1	1	accept	8	8	8	8	215116
n3tp7k	core.signature-checking.multisig.signing-serialization	standard	1	1	accept	3	3	3	3	80546
n40r45	core.signature-checking.multisig.signing-serialization	standard	1	1	accept	3	3	3	3	80547
n486zs	core.data-signatures	standard	1	1	accept	1	1	1	1	27552
n4nwu8	core.signing-serialization	invalid	0	0	reject	1	1	1	0	28495
n52fhu	core.signature-checking.multisig.signing-serialization	standard	1	1	accept	3	3	3	3	80547
n53zpd	core.signing-serialization	standard	1	1	accept	6	6	6	6	161604
n5dapj	core.signing-serialization	standard	1	1	accept	4	4	4	4	109577
n5dmt5	core.signature-checking.multisig.m-of-3	invalid	0	0	reject	3	2	0	0	54517
n5nfh4	core.signature-checking.multisig.m-of-20	invalid	0	0	reject	20	2	1	0	59094
n60jxp	core.signing-serialization	invalid	0	0	reject	3	1	1	0	29369
n640ea	core.signature-checking.multisig.m-of-20	invalid	0	0	reject	20	2	1	0	59094
n6nawz	core.signature-checking.multisig.signing-serialization	standard	1	0	accept	3	2	2	2	54534
n6xza3	core.signing-serialization	standard	1	1	accept	8	8	8	8	215092
n7as5l	core.signing-serialization	invalid	0	0	reject	3	1	1	0	29369
n7d9pn	core.signing-serialization	invalid	0	0	reject	5	5	5	0	136274
n7kkad	core.signing-serialization	invalid	0	0	reject	3	1	1	0	29393
n7qczm	core.signing-serialization	invalid	0	0	reject	1	1	1	0	27877
n7uxsa	core.signing-serialization	standard	1	1	accept	4	4	4	4	108404
n7vasy	core.signature-checking.multisig.m-of-3	invalid	0	0	reject	3	3	3	0	80546
n85vys	core.data-signatures	standard	1	1	accept	1	1	1	1	27412
n8qcwx	core.signing-serialization	standard	1	1	accept	4	4	4	4	108415
n8r97y	core.data-signatures	standard	1	1	accept	1	1	1	1	26899
n8t5g3	core.signing-serialization	standard	1	1	accept	2	2	2	2	54674
n8u8sf	core.signature-checking.multisig.m-of-20	invalid	0	0	reject	20	20	0	0	524071
n8y48k	core.signing-serialization	standard	1	1	accept	6	6	6	6	162658
n99ec0	core.signing-serialization	standard	1	0	accept	3	1	4	4	29465
n9p0s4	core.signing-serialization	invalid	0	0	reject	2	1	1	0	29068
n9t9ed	core.signing-serialization	standard	1	1	accept	4	4	4	4	109110
na2a5d	core.signing-serialization	invalid	0	0	reject	1	1	1	0	28591
na2yxx	core.signing-serialization	standard	1	1	accept	8	8	8	8	215345
na9xzh	core.signature-checking.multisig.m-of-3	invalid	0	0	reject	3	2	2	0	54541
nahnt9	core.signature-checking.multisig.signing-serialization	standard	1	1	accept	3	3	3	3	80547
nc3uex	core.signing-serialization	invalid	0	0	reject	2	1	0	0	29092
ncf2qc	core.signing-serialization	invalid	0	0	reject	1	1	1	0	27845
nd8uhx	core.signature-checking.multisig.m-of-3	invalid	0	0	reject	3	2	1	0	54517
nd8zym	core.signing-serialization	invalid	0	0	reject	5	5	0	0	136493
ndmtxe	core.signature-checking.multisig.signing-serialization	standard	1	1	accept	3	3	3	3	80522
ne06qw	core.signature-checking.multisig.signing-serialization	standard	1	0	accept	3	2	2	2	54510
ne7p4m	core.data-signatures	standard	1	1	accept	1	1	1	1	27687
nemypv	core.signing-serialization	invalid	0	0	reject	1	1	1	0	28471
nf0y2s	core.signature-checking.multisig.m-of-3	invalid	0	0	reject	3	2	1	0	54523
nf3kul	core.signing-serialization	invalid	0	0	reject	1	1	1	0	27845
nf4uvr	core.signing-serialization	standard	1	1	accept	6	6	6	6	162692
nf5gaw	core.signing-serialization	standard	1	1	accept	4	4	4	4	108439
nf9r0x	core.data-signatures	standard	1	1	accept	1	1	1	1	26999
nfcgw4	core.signing-serialization	standard	1	1	accept	6	6	6	6	162687
nft336	core.signature-checking.multisig.m-of-3	invalid	0	0	reject	3	2	0	0	54523
nfuczn	core.signing-serialization	invalid	0	1	reject	8	8	0	0	215340
nfykzy	core.signing-serialization	standard	1	0	accept	3	1	4	4	29393
ngeh64	core.signing-serialization	standard	1	1	accept	4	4	4	4	109577
ngmn2v	core.signing-serialization	invalid	0	1	reject	6	6	0	0	161833
ngryyw	core.signing-serialization	standard	1	1	accept	4	4	4	4	108434
ngu8tq	core.signing-serialization	invalid	0	1	reject	8	8	0	0	215382
nh2kw0	core.signing-serialization	invalid	0	0	reject	1	1	1	0	28617
nh2nrj	core.signing-serialization	invalid	0	0	reject	7	7	7	0	189151
nh7cqf	core.signature-checking.multisig.signing-serialization	standard	1	1	accept	3	3	3	3	79783
nhchvk	core.signature-checking.multisig.signing-serialization	standard	1	0	accept	3	2	2	2	54534
nhs74d	core.signing-serialization	standard	1	1	accept	4	4	4	4	107822
nhzxpx	core.signature-checking.multisig.signing-serialization	standard	1	0	accept	3	2	2	2	54510
njk8qv	core.signature-checking.multisig.m-of-3	invalid	0	0	reject	3	2	1	0	54516
njz33a	core.signing-serialization	standard	1	1	accept	4	4	4	4	108404
nk447h	core.signing-serialization	invalid	0	0	reject	1	1	1	0	27859
nk5xfy	core.signing-serialization	standard	1	1	accept	4	4	4	4	107797
nkauxh	core.signing-serialization	standard	1	1	accept	6	6	6	6	162458
nkf38g	core.signing-serialization	invalid	0	0	reject	2	1	1	0	28996
nkhh63	core.signing-serialization	standard	1	1	accept	8	8	8	8	214130
nkjy0c	core.signature-checking.multisig.signing-serialization	standard	1	1	accept	3	3	3	3	80522
nkkv5r	core.signing-serialization	standard	1	1	accept	6	6	6	6	161609
nlpejk	core.signing-serialization	invalid	0	0	reject	1	1	1	0	27869
nlu5h4	core.signing-serialization	invalid	0	0	reject	1	1	1	0	27881
nmalgz	core.signature-checking.multisig.m-of-20	invalid	0	0	reject	20	2	1	0	59080
nmu09s	core.signature-checking.multisig.m-of-3	invalid	0	0	reject	3	1	1	0	28025
nmxh3x	core.signing-serialization	standard	1	1	accept	4	4	4	4	107792
nn0nsj	core.signature-checking.multisig.m-of-3	invalid	0	0	reject	3	2	0	0	54517
nn4us8	core.signature-checking.multisig.m-of-3	invalid	0	0	reject	3	3	0	0	80048
nnnpaa	core.signing-serialization	standard	1	0	accept	3	1	4	4	29393
nnqnan	core.signing-serialization	invalid	0	0	reject	1	1	1	0	28591
nnv9fu	core.signing-serialization	standard	1	0	accept	2	1	4	4	28996
np3jxt	core.signature-checking.multisig.m-of-3	invalid	0	0	reject	3	2	0	0	54547
npke2f	core.signing-serialization	invalid	0	0	reject	1	1	0	0	28604
npulel	core.signature-checking.multisig.m-of-3	invalid	0	0	reject	3	3	0	0	80509
nqrn60	core.data-signatures	standard	1	1	accept	1	1	1	1	27515
nr3qvd	core.signature-checking.multisig.m-of-15	invalid	0	0	reject	15	1	0	0	30892
nrnemt	core.data-signatures	standard	1	1	accept	1	1	1	1	27521
nrttj4	core.signing-serialization	invalid	0	0	reject	1	1	1	0	28482
nrttus	core.signing-serialization	invalid	0	0	reject	1	1	1	0	28002
nrzxhy	core.data-signatures	standard	1	1	accept	1	1	1	1	27443
ns7dqx	core.signature-checking.multisig.m-of-3	invalid	0	0	reject	3	3	0	0	80533
ns7tya	core.signing-serialization	invalid	0	1	reject	4	4	0	0	109105
ns9lqv	core.signature-checking.multisig.m-of-3	invalid	0	0	reject	3	2	0	0	54540
ns9r6d	core.signing-serialization	standard	1	1	accept	6	6	6	6	162687
nsd77p	core.signing-serialization	invalid	0	1	reject	4	4	0	0	108471
nstl3e	core.signature-checking.multisig.m-of-3	invalid	0	0	reject	3	2	1	0	54524
nt9q25	core.signature-checking.multisig.m-of-3	invalid	0	0	reject	3	2	1	0	54548
ntdz7l	core.signing-serialization	invalid	0	0	reject	2	1	0	0	29092
ntetv7	core.signature-checking.multisig.signing-serialization	standard	1	1	accept	3	3	3	3	80546
ntj502	core.signing-serialization	standard	1	0	accept	1	1	4	4	28471
ntk9lj	core.signing-serialization	standard	1	1	accept	4	4	4	4	108676
ntkgpm	core.signing-serialization	standard	1	0	accept	1	1	4	4	28596
ntpnqm	core.signing-serialization	invalid	0	0	reject	2	1	1	0	29092
ntrnxx	core.signature-checking.multisig.m-of-3	invalid	0	0	reject	3	2	1	0	54524
nugu5e	core.signing-serialization	standard	1	1	accept	8	8	8	8	215321
nuxezc	core.signing-serialization	standard	1	1	accept	6	6	6	6	162434
nvgjqq	core.signing-serialization	invalid	0	0	reject	5	5	5	0	136503
nvyxsx	core.signing-serialization	invalid	0	0	reject	1	1	1	0	27901
nw0h0k	core.signing-serialization	invalid	0	0	reject	1	1	0	0	28591
nw6zr4	core.signature-checking.multisig.m-of-3	invalid	0	0	reject	3	3	3	0	80523
nw7qdv	core.signature-checking.multisig.signing-serialization	standard	1	0	accept	3	2	2	2	54510
nwy5ps	core.signing-serialization	standard	1	1	accept	4	4	4	4	108447
nx3peh	core.signature-checking.multisig.signing-serialization	standard	1	1	accept	3	3	3	3	79785
nxelwp	core.signing-serialization	standard	1	1	accept	8	8	8	8	215097
nydue5	core.signing-serialization	standard	1	1	accept	4	4	4	4	108436
nyhgcz	core.signature-checking.multisig.signing-serialization	standard	1	0	accept	3	2	2	2	54510
nyp8x7	core.signature-checking.multisig.m-of-3	standard	1	0	accept	3	2	2	2	54534
nyv9q6	core.data-signatures	standard	1	1	accept	1	1	1	1	28810
nywyed	core.signing-serialization	invalid	0	0	reject	1	1	1	0	28508
nzukv9	core.signature-checking.multisig.m-of-3	invalid	0	0	reject	3	2	0	0	54516
p0erpk	core.signing-serialization	standard	1	1	accept	4	4	4	4	109105
p0gqdy	core.signing-serialization	invalid	0	0	reject	1	1	0	0	27877
p0jzpj	core.data-signatures	standard	1	1	accept	1	1	1	1	26774
p0nw22	core.signature-checking.multisig.m-of-3	invalid	0	0	reject	3	2	0	0	54547
p28txw	core.signature-checking.multisig.pubkey-validation	standard	1	1	accept	2	2	2	2	53930
p29dlu	core.signature-checking.multisig.m-of-3	standard	1	1	accept	3	3	3	3	80523
p2sax0	core.signing-serialization	invalid	0	1	reject	6	6	0	0	162687
p2uqt2	core.signing-serialization	standard	1	1	accept	6	6	6	6	161604
p36lv0	core.signature-checking.multisig.m-of-3	standard	1	0	accept	3	1	1	1	28025
p37qht	core.signature-checking.multisig.signing-serialization	standard	1	1	accept	3	3	3	3	80522
p3a4lj	core.signing-serialization	invalid	0	0	reject	5	5	5	0	136274
p3ejvx	core.signing-serialization	standard	1	0	accept	2	1	4	4	28996
p3lda2	core.signing-serialization	invalid	0	1	reject	4	4	0	0	109825
p3mxl5	core.signature-checking.multisig.m-of-20	invalid	0	0	reject	20	20	20	0	527091
p3pv9e	core.data-signatures	standard	1	1	accept	1	1	1	1	26875
p3ukc5	core.signing-serialization	invalid	0	0	reject	1	1	1	0	28484
p406sl	core.benchmarks.signature-checking.p2pkh	standard	1	1	accept	1	1	1	1	27264
p44af0	core.signature-checking.multisig.signing-serialization	standard	1	1	accept	3	3	3	3	80546
p44kfu	core.signing-serialization	invalid	0	0	reject	1	1	1	0	28471
p45rws	core.signing-serialization	invalid	0	0	reject	1	1	1	0	27889
p4a7ey	core.signature-checking.multisig.m-of-3	invalid	0	0	reject	3	2	0	0	54541
p59w8m	core.signing-serialization	invalid	0	0	reject	2	1	0	0	29068
p5ee3d	core.signature-checking.multisig.pubkey-validation	standard	1	1	accept	2	2	2	2	53191
p5wnpe	core.signature-checking.multisig.m-of-3	invalid	0	0	reject	3	2	1	0	54541
p68lnc	core.signature-checking.multisig.m-of-3	invalid	0	0	reject	3	2	0	0	54523
p69fxf	core.signing-serialization	invalid	0	0	reject	1	1	1	0	28484
p6e42f	core.signing-serialization	invalid	0	1	reject	4	4	0	0	109820
p6jp0x	core.data-signatures	standard	1	1	accept	1	1	1	1	27907
p6sgns	core.signing-serialization	standard	1	0	accept	1	1	4	4	28471
p6u3nw	core.data-signatures	standard	1	1	accept	1	1	1	1	26815
p6uxs9	core.data-signatures	standard	1	1	accept	1	1	1	1	27406
p7cvjz	core.signing-serialization	invalid	0	0	reject	1	1	1	0	28471
p7gcms	core.signing-serialization	invalid	0	1	reject	6	6	0	0	162658
p7h6cm	core.signature-checking.multisig.m-of-3	invalid	0	0	reject	3	3	0	0	80533
p7vynk	core.signing-serialization	standard	1	1	accept	4	4	4	4	108439
p7ydnp	core.signing-serialization	standard	1	1	accept	4	4	4	4	109105
p83kpz	core.signing-serialization	standard	1	1	accept	8	8	8	8	215316
p85e2k	core.signature-checking.multisig.signing-serialization	standard	1	0	accept	3	2	2	2	54534
p89cj4	core.signing-serialization	invalid	0	0	reject	3	1	1	0	29393
p8p3he	core.signing-serialization	standard	1	0	accept	1	1	4	4	28604
p8t6k8	core.signature-checking.multisig.signing-serialization	standard	1	0	accept	3	2	2	2	54534
p92u3n	core.signing-serialization	invalid	0	1	reject	4	4	0	0	108021
p95706	core.signing-serialization	invalid	0	0	reject	1	1	1	0	28641
p9k48d	core.data-signatures	standard	1	1	accept	1	1	1	1	26924
p9s74t	core.signing-serialization	invalid	0	0	reject	3	1	1	0	29393
pa8tu2	core.signing-serialization	invalid	0	1	reject	4	4	0	0	108695
paqyxc	core.signature-checking.multisig.m-of-3	invalid	0	0	reject	3	2	1	0	54547
parc72	core.signing-serialization	standard	1	0	accept	3	1	4	4	29465
parsxm	core.signing-serialization	invalid	0	0	reject	2	1	1	0	28996
patu5e	core.signing-serialization	invalid	0	1	reject	4	4	0	0	108466
pc8auv	core.signing-serialization	standard	1	1	accept	6	6	6	6	162463
pc9zdd	core.signing-serialization	invalid	0	0	reject	1	1	1	0	27869
pcx47h	core.signature-checking.multisig.m-of-20	invalid	0	0	reject	20	2	0	0	56074
pd8et3	core.signing-serialization	invalid	0	1	reject	8	8	0	0	214354
pdlzcd	core.signing-serialization	invalid	0	0	reject	7	7	7	0	188951
pdm0mu	core.signature-checking.multisig.m-of-3	invalid	0	0	reject	3	3	3	0	80539
pdxgqf	core.signature-checking.multisig.m-of-3	invalid	0	0	reject	3	2	0	0	54517
pdy7aj	core.data-signatures	standard	1	1	accept	1	1	1	1	27521
pe8mhv	core.signature-checking.multisig.signing-serialization	standard	1	1	accept	3	3	3	3	79784
peapxs	core.signature-checking.multisig.m-of-15	standard	1	1	accept	15	15	15	15	394890
peefkp	core.signing-serialization	invalid	0	0	reject	1	1	0	0	28604
pf2z26	core.data-signatures	standard	1	1	accept	1	1	1	1	27518
pfke6g	core.signing-serialization	standard	1	0	accept	3	1	4	4	29393
pfpyp8	core.signature-checking.multisig.signing-serialization	standard	1	0	accept	3	2	2	2	54534
pfqcf4	core.signing-serialization	invalid	0	1	reject	4	4	0	0	108412
pfuqqd	core.data-signatures	standard	1	1	accept	1	1	1	1	27816
pgalzf	core.signing-serialization	invalid	0	0	reject	3	1	1	0	29369
ph2k0h	core.data-signatures	standard	1	1	accept	1	1	1	1	26801
phg5uv	core.signature-checking.multisig.m-of-3	invalid	0	0	reject	3	2	0	0	54534
phpxhk	core.signing-serialization	standard	1	1	accept	4	4	4	4	107795
phzgvm	core.signature-checking.multisig.m-of-3	invalid	0	0	reject	3	2	2	0	54540
pj6dq3	core.signing-serialization	standard	1	0	accept	1	1	4	4	28495
pj8a9t	core.data-signatures	standard	1	1	accept	1	1	1	1	27440
pj8hxa	core.signature-checking.multisig.m-of-3	invalid	0	0	reject	3	2	1	0	54547
pj9f8k	core.data-signatures	standard	1	1	accept	1	1	1	1	26818
pjlyx8	core.signature-checking.multisig.signing-serialization	standard	1	1	accept	3	3	3	3	80546
pk0ytz	core.signature-checking.multisig.m-of-3	invalid	0	0	reject	3	3	0	0	80533
pkesre	core.signing-serialization	invalid	0	1	reject	8	8	0	0	215377
pkgkkf	core.signing-serialization	invalid	0	0	reject	1	1	0	0	28591
pkpv5x	core.signature-checking.multisig.m-of-15	standard	1	0	accept	15	1	1	1	30886
pkvm76	core.signing-serialization	invalid	0	0	reject	5	5	5	0	136274
pl3dla	core.signing-serialization	invalid	0	0	reject	3	1	0	0	29465
pl5d47	core.signature-checking.multisig.m-of-3	invalid	0	0	reject	3	1	1	0	28031
pl5s6t	core.signing-serialization	invalid	0	0	reject	1	1	1	0	27845
pllkfk	core.signing-serialization	invalid	0	0	reject	1	1	0	0	28604
plq235	core.benchmarks.signature-checking.p2pk	standard	1	1	accept	1	1	1	1	26725
pmenfr	core.signing-serialization	standard	1	1	accept	4	4	4	4	108056
pmgklq	core.signing-serialization	invalid	0	0	reject	1	1	1	0	27896
pmkpwa	core.data-signatures	standard	1	1	accept	1	1	1	1	27455
pmwp3s	core.data-signatures	standard	1	1	accept	1	1	1	1	27516
pnd260	core.signature-checking.multisig.signing-serialization	standard	1	0	accept	3	2	2	2	54534
pnexnd	core.signature-checking.multisig.signing-serialization	standard	1	1	accept	3	3	3	3	80546
pnjuew	core.signing-serialization	standard	1	1	accept	6	6	6	6	161609
pp5gul	core.signature-checking.multisig.m-of-20	invalid	0	0	reject	20	2	1	0	59094
ppqja9	core.signing-serialization	invalid	0	0	reject	1	1	1	0	28604
ppsfl2	core.signing-serialization	standard	1	0	accept	3	1	4	4	29526
pq0rqf	core.signature-checking.multisig.m-of-15	standard	1	0	accept	15	2	2	2	57755
pqc3gs	core.signature-checking.multisig.pubkey-validation	invalid	0	0	reject	2	1	1	0	27680
pqhuuh	core.signature-checking.multisig.m-of-3	invalid	0	0	reject	3	2	0	0	54548
pqlgxd	core.signing-serialization	standard	1	1	accept	4	4	4	4	109601
pqswlc	core.data-signatures	standard	1	1	accept	1	1	1	1	26918
pqupsr	core.signing-serialization	invalid	0	0	reject	1	1	0	0	28604
prhw5a	core.signing-serialization	standard	1	1	accept	4	4	4	4	109572
prla7g	core.signing-serialization	standard	1	1	accept	4	4	4	4	108471
prm295	core.data-signatures	standard	1	1	accept	1	1	1	1	26921
prryxm	core.signing-serialization	invalid	0	0	reject	1	1	0	0	27889
ps5k4f	core.signing-serialization	invalid	0	0	reject	3	1	0	0	29489
psalv5	core.data-signatures	standard	1	1	accept	1	1	1	1	27379
pseagc	core.signature-checking.multisig.m-of-20	invalid	0	0	reject	20	20	0	0	527077
psedmx	core.signature-checking.multisig.pubkey-validation	invalid	0	0	reject	2	1	1	0	27800
pseyup	core.signing-serialization	invalid	0	0	reject	1	1	1	0	27882
psktk3	core.signing-serialization	standard	1	1	accept	2	2	2	2	55289
psuz2t	core.signing-serialization	invalid	0	0	reject	7	7	7	0	189180
ptpcq7	core.data-signatures	standard	1	1	accept	1	1	1	1	27419
pttk6t	core.signing-serialization	standard	1	1	accept	4	4	4	4	108439
ptwppt	core.signature-checking.multisig.signing-serialization	standard	1	1	accept	3	3	3	3	79785
pu7aad	core.data-signatures	standard	1	1	accept	1	1	1	1	26793
pu9cs6	core.signing-serialization	invalid	0	0	reject	3	1	1	0	29369
puqx0q	core.signing-serialization	standard	1	1	accept	4	4	4	4	109801
purkuq	core.signing-serialization	invalid	0	0	reject	1	1	0	0	27913
puujp4	core.signing-serialization	standard	1	1	accept	4	4	4	4	108021
pv4y20	core.signing-serialization	standard	1	1	accept	8	8	8	8	215092
pvq29n	core.signing-serialization	invalid	0	0	reject	1	1	1	0	28607
pvrne2	core.signature-checking.multisig.signing-serialization	standard	1	1	accept	3	3	3	3	79783
pvrr6j	core.signing-serialization	standard	1	1	accept	4	4	4	4	109596
pvx0v0	core.data-signatures	standard	1	1	accept	1	1	1	1	27857
pvxal6	core.signature-checking.multisig.m-of-3	invalid	0	0	reject	3	2	0	0	54524
pwg3wt	core.signing-serialization	standard	1	1	accept	4	4	4	4	108404
pwj9eq	core.signing-serialization	invalid	0	0	reject	1	1	1	0	27913
pwxnjt	core.signing-serialization	invalid	0	0	reject	1	1	0	0	27877
px0nrq	core.signing-serialization	standard	1	0	accept	1	1	4	4	28567
px7nuq	core.data-signatures	standard	1	1	accept	1	1	1	1	26876
pxhapy	core.signing-serialization	standard	1	1	accept	4	4	4	4	107827
pxt8a4	core.signing-serialization	invalid	0	0	reject	5	5	5	0	136517
py5cep	core.signature-checking.multisig.pubkey-validation	invalid	0	0	reject	2	1	0	0	27922
py5lnv	core.signing-serialization	invalid	0	1	reject	4	4	0	0	108436
py5wn9	core.signing-serialization	invalid	0	0	reject	3	1	1	0	29393
pyq7py	core.signing-serialization	invalid	0	1	reject	4	4	0	0	109105
pyyf0k	core.signing-serialization	standard	1	0	accept	2	1	4	4	28972
pz50qn	core.signing-serialization	standard	1	1	accept	4	4	4	4	108380
pz7fch	core.signing-serialization	invalid	0	0	reject	1	1	0	0	28016
pzd3z2	core.signing-serialization	standard	1	0	accept	2	1	4	4	28996
pzrjx5	core.signing-serialization	invalid	0	0	reject	1	1	0	0	27877
q06mg2	core.signing-serialization	invalid	0	0	reject	3	1	1	0	29369
q0cndn	core.signature-checking.multisig.m-of-3	invalid	0	0	reject	3	3	3	0	80547
q0mxr8	core.signing-serialization	invalid	0	0	reject	1	1	1	0	27857
q0r2rv	core.signing-serialization	standard	1	1	accept	6	6	6	6	162463
q22g0f	core.signing-serialization	invalid	0	0	reject	5	5	0	0	136522
q28l7p	core.data-signatures	standard	1	1	accept	1	1	1	1	27523
q2egz6	core.signing-serialization	invalid	0	0	reject	1	1	1	0	28482
q2pnjd	core.signature-checking.multisig.m-of-3	invalid	0	0	reject	3	2	0	0	54517
q2v8ap	core.signature-checking.multisig.m-of-3	invalid	0	0	reject	3	2	1	0	54541
q2zfpx	core.signing-serialization	invalid	0	1	reject	4	4	0	0	108436
q39mch	core.signing-serialization	standard	1	1	accept	4	4	4	4	108417
q3m6am	core.signature-checking.multisig.pubkey-validation	invalid	0	0	reject	2	1	1	0	27801
q3xz0c	core.signing-serialization	invalid	0	0	reject	1	1	1	0	28607
q42rx2	core.signing-serialization	invalid	0	0	reject	1	1	1	0	28471
q485aa	core.signature-checking.multisig.m-of-3	invalid	0	0	reject	3	2	0	0	54541
q4dhdg	core.signature-checking.multisig.pubkey-validation	invalid	0	0	reject	2	1	1	0	27801
q4hzdx	core.data-signatures	standard	1	1	accept	1	1	1	1	27414
q4qrvc	core.signing-serialization	invalid	0	0	reject	2	1	1	0	28972
q4qzxm	core.signature-checking.multisig.m-of-20	invalid	0	0	reject	20	20	20	0	524889
q4ryup	core.signing-serialization	standard	1	1	accept	6	6	6	6	161828
q53pu0	core.signature-checking.multisig.pubkey-validation	standard	1	0	accept	2	1	1	1	27946
q58eqq	core.signing-serialization	invalid	0	0	reject	2	1	1	0	28996
q5fc79	core.signature-checking.multisig.signing-serialization	standard	1	1	accept	3	3	3	3	80545
q5p7ac	core.signature-checking.multisig.signing-serialization	standard	1	1	accept	3	3	3	3	80546
q5qx4m	core.signature-checking.multisig.m-of-15	invalid	0	0	reject	15	15	0	0	394884
q6u0zx	core.signing-serialization	invalid	0	0	reject	1	1	0	0	28591
q6whh6	core.signature-checking.multisig.m-of-3	invalid	0	0	reject	3	2	0	0	54541
q88t64	core.signing-serialization	standard	1	1	accept	8	8	8	8	215097
q89p3y	core.signature-checking.multisig.m-of-3	invalid	0	0	reject	3	2	1	0	54548
q8axz9	core.signing-serialization	invalid	0	0	reject	5	5	5	0	136274
q8cn2y	core.signing-serialization	standard	1	1	accept	6	6	6	6	162434
q8hrhl	core.signature-checking.multisig.m-of-3	invalid	0	0	reject	3	2	1	0	54523
q8t9x8	core.signing-serialization	invalid	0	0	reject	1	1	1	0	28591
q94dyc	core.signing-serialization	standard	1	1	accept	4	4	4	4	109830
q95dvh	core.signing-serialization	invalid	0	0	reject	2	1	1	0	29073
q95ues	core.data-signatures	standard	1	1	accept	1	1	1	1	27430
q99r4u	core.signing-serialization	invalid	0	1	reject	6	6	0	0	162663
q9dcru	core.signing-serialization	invalid	0	0	reject	1	1	1	0	28615
q9l9wn	core.signing-serialization	standard	1	0	accept	1	1	4	4	28471
q9lkxe	core.signature-checking.multisig.signing-serialization	standard	1	1	accept	3	3	3	3	80546
q9mahm	core.signing-serialization	invalid	0	0	reject	2	1	1	0	28996
q9w258	core.signing-serialization	invalid	0	0	reject	3	1	1	0	29494
qacpu3	core.signature-checking.multisig.signing-serialization	standard	1	1	accept	3	3	3	3	80523
qagpeg	core.signature-checking.multisig.m-of-3	invalid	0	0	reject	3	2	1	0	54510
qc26k8	core.signing-serialization	standard	1	1	accept	4	4	4	4	109601
qc96eg	core.signing-serialization	invalid	0	0	reject	5	5	0	0	136517
qcjp0a	core.signature-checking.multisig.m-of-3	invalid	0	0	reject	3	2	1	0	54548
qcp620	core.signing-serialization	standard	1	1	accept	4	4	4	4	109572
qdmhep	core.signing-serialization	invalid	0	0	reject	1	1	0	0	28591
qdng7f	core.signing-serialization	invalid	0	0	reject	2	1	1	0	28972
qe0v5v	core.signing-serialization	standard	1	1	accept	6	6	6	6	161604
qeaz2k	core.signature-checking.multisig.signing-serialization	standard	1	1	accept	3	3	3	3	79783
qecuvn	core.signature-checking.multisig.signing-serialization	standard	1	1	accept	3	3	3	3	80523
qegxer	core.signing-serialization	invalid	0	0	reject	1	1	1	0	28602
qewdy4	core.signing-serialization	invalid	0	0	reject	5	5	5	0	136493
qf08uz	core.signing-serialization	invalid	0	0	reject	1	1	0	0	27913
qfc8lg	core.signing-serialization	invalid	0	0	reject	1	1	1	0	28602
qfcf66	core.signing-serialization	invalid	0	0	reject	7	7	7	0	188951
qfdvdt	core.signature-checking.multisig.m-of-20	invalid	0	0	reject	20	2	0	0	56036
qfsrj5	core.signing-serialization	standard	1	0	accept	3	1	4	4	29393
qg4v0w	core.signature-checking.multisig.m-of-20	standard	1	1	accept	20	20	20	20	527091
qgmsed	core.signature-checking.multisig.m-of-20	invalid	0	0	reject	20	20	20	0	527115
qgmzzn	core.signing-serialization	standard	1	0	accept	1	1	4	4	28495
qh80t5	core.signature-checking.multisig.signing-serialization	standard	1	0	accept	3	2	2	2	54534
qhvxwq	core.signing-serialization	invalid	0	1	reject	6	6	0	0	162663
qj09n7	core.signing-serialization	invalid	0	0	reject	2	1	0	0	29068
qj3z0u	core.signature-checking.multisig.m-of-3	invalid	0	0	reject	3	2	0	0	54547
qj864p	core.signing-serialization	standard	1	1	accept	8	8	8	8	215097
qjfdss	core.signature-checking.multisig.m-of-3	invalid	0	0	reject	3	2	0	0	54517
qjz52q	core.signing-serialization	invalid	0	0	reject	2	1	0	0	29068
qjzygj	core.signing-serialization	invalid	0	0	reject	1	1	1	0	28578
qk0qjs	core.signature-checking.multisig.signing-serialization	standard	1	0	accept	3	2	2	2	54510
qklg56	core.signature-checking.multisig.m-of-3	invalid	0	0	reject	3	2	0	0	54541
qkzvye	core.data-signatures	standard	1	1	accept	1	1	1	1	27449
ql5qkr	core.signature-checking.multisig.signing-serialization	standard	1	1	accept	3	3	3	3	80547
ql7laa	core.signing-serialization	standard	1	1	accept	6	6	6	6	162463
ql8nje	core.signing-serialization	standard	1	1	accept	4	4	4	4	107827
ql9enw	core.signing-serialization	standard	1	0	accept	1	1	4	4	28596
ql9vy3	core.signing-serialization	standard	1	0	accept	1	1	4	4	28591
qlnnta	core.signing-serialization	standard	1	1	accept	6	6	6	6	162463
qlq2l6	core.signature-checking.multisig.signing-serialization	standard	1	1	accept	3	3	3	3	79783
qm3szr	core.signature-checking.multisig.signing-serialization	standard	1	1	accept	3	3	3	3	80522
qm3u52	core.signature-checking.multisig.m-of-15	invalid	0	0	reject	15	1	1	0	30862
qmgzru	core.signing-serialization	invalid	0	1	reject	4	4	0	0	109825
qml6e3	core.signing-serialization	standard	1	1	accept	4	4	4	4	109601
qmu5s2	core.signing-serialization	standard	1	1	accept	8	8	8	8	214354
qmz8tn	core.signing-serialization	standard	1	0	accept	1	1	4	4	28495
qn4cxp	core.signature-checking.multisig.m-of-3	invalid	0	0	reject	3	2	0	0	54541
qnt2mk	core.signing-serialization	standard	1	1	accept	4	4	4	4	109577
qplcpr	core.signature-checking.multisig.signing-serialization	standard	1	0	accept	3	2	2	2	54534
qpwndp	core.signature-checking.multisig.m-of-3	invalid	0	0	reject	3	2	0	0	54516
qq5hu9	core.signing-serialization	invalid	0	0	reject	1	1	1	0	27845
qqcls7	core.signing-serialization	standard	1	1	accept	6	6	6	6	161833
qqhjq4	core.signature-checking.multisig.m-of-15	standard	1	1	accept	0	0	0	0	4293
qqhuhk	core.data-signatures	standard	1	1	accept	1	1	1	1	27508
qqqdnw	core.signing-serialization	invalid	0	0	reject	7	7	0	0	189188
qqxk25	core.signing-serialization	standard	1	1	accept	8	8	8	8	214349
qr4lew	core.signing-serialization	standard	1	0	accept	1	1	4	4	28567
qr8l0j	core.signature-checking.multisig.m-of-3	invalid	0	0	reject	3	2	1	0	54541
qrerzd	core.signature-checking.multisig.m-of-20	invalid	0	0	reject	20	2	1	0	59118
qrjpqy	core.signing-serialization	standard	1	1	accept	4	4	4	4	107790
qrrw95	core.signing-serialization	invalid	0	0	reject	2	1	1	0	29092
qs79k3	core.data-signatures	standard	1	1	accept	1	1	1	1	26885
qs7fe6	core.signing-serialization	standard	1	1	accept	4	4	4	4	109577
qsqyea	core.signature-checking.multisig.m-of-20	invalid	0	0	reject	20	2	1	0	56855
qsrw45	core.signature-checking.multisig.signing-serialization	standard	1	0	accept	3	2	2	2	54534
qss9fn	core.signing-serialization	invalid	0	0	reject	1	1	1	0	28471
qt3rmd	core.signing-serialization	invalid	0	0	reject	1	1	0	0	27877
qt556t	core.signing-serialization	invalid	0	0	reject	1	1	1	0	28609
qt9qnq	core.signing-serialization	standard	1	0	accept	3	1	4	4	29465
qthfv2	core.signing-serialization	invalid	0	1	reject	4	4	0	0	107827
qtqkud	core.signing-serialization	standard	1	0	accept	3	1	4	4	29465
qtrfff	core.signature-checking.multisig.m-of-20	invalid	0	0	reject	20	2	0	0	56073
qtxy07	core.data-signatures	standard	1	1	accept	1	1	1	1	28457
qu7flp	core.signing-serialization	standard	1	1	accept	6	6	6	6	162458
qur6dx	core.signing-serialization	invalid	0	0	reject	1	1	1	0	28604
qv32y8	core.signing-serialization	invalid	0	1	reject	6	6	0	0	162687
qve3h0	core.signing-serialization	invalid	0	1	reject	8	8	0	0	215321
qvkfk3	core.data-signatures	standard	1	1	accept	1	1	1	1	27416
qvkxyu	core.signing-serialization	invalid	0	0	reject	7	7	7	0	189161
qvp67a	core.signing-serialization	invalid	0	0	reject	5	5	5	0	136298
qvym2r	core.data-signatures	standard	1	1	accept	1	1	1	1	27530
qw08h7	core.signing-serialization	standard	1	0	accept	1	1	4	4	28567
qw5xsh	core.signing-serialization	standard	1	1	accept	8	8	8	8	215116
qw8m6m	core.signature-checking.multisig.signing-serialization	standard	1	0	accept	3	2	2	2	54534
qwcncl	core.signing-serialization	invalid	0	0	reject	5	5	5	0	136269
qwd238	core.signature-checking.multisig.m-of-20	invalid	0	0	reject	20	20	20	0	524865
qwq9x7	core.signing-serialization	invalid	0	1	reject	4	4	0	0	109796
qwqmel	core.signature-checking.multisig.m-of-20	invalid	0	0	reject	20	20	20	0	524889
qws8fp	core.signing-serialization	invalid	0	0	reject	1	1	1	0	28471
qwud6u	core.signing-serialization	invalid	0	0	reject	1	1	1	0	27857
qwv840	core.signing-serialization	invalid	0	1	reject	6	6	0	0	162687
qwx5qr	core.signature-checking.multisig.pubkey-validation	standard	1	1	accept	2	2	2	2	53191
qwy8pl	core.signature-checking.multisig.m-of-3	invalid	0	0	reject	3	2	0	0	54540
qxkage	core.signing-serialization	standard	1	1	accept	4	4	4	4	108442
qxr4r6	core.signing-serialization	standard	1	1	accept	8	8	8	8	215340
qxsa38	core.signing-serialization	invalid	0	1	reject	6	6	0	0	161828
qy9ht9	core.signature-checking.multisig.signing-serialization	standard	1	1	accept	3	3	3	3	80545
qyect4	core.signing-serialization	standard	1	1	accept	4	4	4	4	108404
qyntuk	core.signature-checking.multisig.m-of-15	invalid	0	0	reject	15	1	1	0	30892
qyp0w0	core.signing-serialization	invalid	0	0	reject	3	1	1	0	29369
qywrj9	core.signing-serialization	invalid	0	1	reject	6	6	0	0	162663
qzeg0n	core.signing-serialization	invalid	0	0	reject	1	1	0	0	28567
qzmd42	core.signing-serialization	invalid	0	0	reject	1	1	1	0	28495
qzr6hp	core.signing-serialization	invalid	0	0	reject	7	7	7	0	189151
qzrnme	core.signature-checking.multisig.m-of-3	invalid	0	0	reject	3	3	3	0	80515
qzws8f	core.signing-serialization	standard	1	1	accept	4	4	4	4	108380
qzyz2c	core.signature-checking.multisig.pubkey-validation	invalid	0	0	reject	2	1	1	0	27952
r05vfe	core.signing-serialization	invalid	0	0	reject	2	1	1	0	28996
r09hvw	core.signing-serialization	invalid	0	1	reject	8	8	0	0	215340
r0adkj	core.signature-checking.multisig.signing-serialization	standard	1	0	accept	3	2	2	2	54510
r0g4ta	core.signature-checking.multisig.m-of-3	invalid	0	0	reject	3	2	0	0	54540
r225jg	core.signing-serialization	invalid	0	1	reject	8	8	0	0	215345
r22dnp	core.signature-checking.multisig.m-of-3	invalid	0	0	reject	3	2	0	0	54541
r25xu3	core.data-signatures	standard	1	1	accept	1	1	1	1	27448
r295v7	core.signature-checking.multisig.m-of-3	invalid	0	0	reject	3	2	0	0	54548
r2qlha	core.signing-serialization	standard	1	1	accept	6	6	6	6	161828
r2rc7m	core.signature-checking.multisig.signing-serialization	standard	1	1	accept	3	3	3	3	79784
r2ux3t	core.signing-serialization	standard	1	1	accept	4	4	4	4	109572
r3pkvc	core.signing-serialization	standard	1	0	accept	2	1	4	4	28996
r3wv5j	core.data-signatures	standard	1	1	accept	1	1	1	1	27786
r4rerr	core.signature-checking.multisig.pubkey-validation	invalid	0	0	reject	2	1	1	0	27825
r54mkc	core.data-signatures	standard	1	1	accept	1	1	1	1	27429
r554kd	core.signing-serialization	standard	1	0	accept	3	1	4	4	29369
r5f5fw	core.signing-serialization	invalid	0	0	reject	2	1	1	0	28972
r60mtz	core.signing-serialization	invalid	0	0	reject	5	5	0	0	136493
r75grm	core.signing-serialization	invalid	0	0	reject	3	1	1	0	29465
r799jq	core.signing-serialization	invalid	0	0	reject	7	7	7	0	188951
r79fqj	core.signature-checking.multisig.pubkey-validation	invalid	0	0	reject	2	1	1	0	27674
r7axn8	core.data-signatures	standard	1	1	accept	1	1	1	1	26779
r7d6t8	core.signature-checking.multisig.m-of-20	standard	1	0	accept	20	2	2	2	56060
r7meap	core.signature-checking.multisig.m-of-20	invalid	0	0	reject	20	2	1	0	59094
r7yfmq	core.signing-serialization	invalid	0	1	reject	4	4	0	0	109801
r8kzw5	core.signing-serialization	invalid	0	1	reject	4	4	0	0	108436
r8xrd7	core.signing-serialization	standard	1	1	accept	4	4	4	4	108412
r8zlng	core.signing-serialization	invalid	0	0	reject	1	1	1	0	28641
r98y4g	core.signature-checking.multisig.m-of-3	invalid	0	0	reject	3	2	1	0	54516
r98zy2	core.signing-serialization	invalid	0	0	reject	1	1	1	0	28602
r99lf9	core.signing-serialization	standard	1	1	accept	8	8	8	8	215116
ra5vu7	core.signing-serialization	invalid	0	0	reject	7	7	0	0	189212
ra6umr	core.signing-serialization	standard	1	1	accept	4	4	4	4	108881
ra766h	core.signing-serialization	invalid	0	0	reject	1	1	0	0	27913
raqqky	core.signing-serialization	invalid	0	0	reject	7	7	7	0	189180
rc0yxf	core.signing-serialization	standard	1	1	accept	4	4	4	4	107790
rc5mk4	core.data-signatures	standard	1	1	accept	1	1	1	1	27514
rca7m8	core.signing-serialization	invalid	0	0	reject	3	1	0	0	29502
rccuxt	core.signature-checking.multisig.m-of-3	invalid	0	0	reject	3	2	1	0	54523
rcrtjq	core.signature-checking.multisig.m-of-20	standard	1	1	accept	20	20	20	20	527115
rcv6da	core.signing-serialization	standard	1	0	accept	2	1	4	4	28996
rcw5ks	core.signing-serialization	standard	1	1	accept	4	4	4	4	108380
rdcfzs	core.signature-checking.multisig.m-of-3	invalid	0	0	reject	3	2	2	0	54517
rdmjjq	core.signature-checking.multisig.m-of-3	invalid	0	0	reject	3	2	0	0	54547
rdmxl9	core.signature-checking.multisig.pubkey-validation	invalid	0	0	reject	2	2	0	0	53947
rdpchq	core.signature-checking.multisig.m-of-3	invalid	0	0	reject	3	2	0	0	54517
rdywjt	core.signature-checking.multisig.m-of-20	invalid	0	0	reject	20	2	2	0	59080
rets3k	core.data-signatures	standard	1	1	accept	1	1	1	1	27382
rexmu9	core.signing-serialization	invalid	0	1	reject	4	4	0	0	108412
rezncy	core.signing-serialization	standard	1	1	accept	8	8	8	8	215321
rf2m8k	core.signing-serialization	invalid	0	0	reject	2	1	1	0	28996
rf4uts	core.signing-serialization	invalid	0	0	reject	1	1	0	0	27990
rf72sz	core.signing-serialization	standard	1	1	accept	4	4	4	4	109601
rfe323	core.data-signatures	standard	1	1	accept	1	1	1	1	27632
rflr7n	core.signing-serialization	standard	1	1	accept	4	4	4	4	109572
rfuk0t	core.signature-checking.multisig.m-of-3	invalid	0	0	reject	3	2	1	0	54541
rfukq3	core.signing-serialization	invalid	0	0	reject	1	1	0	0	27889
rfx6st	core.signature-checking.multisig.signing-serialization	standard	1	1	accept	3	3	3	3	79784
rgj275	core.signature-checking.multisig.m-of-3	invalid	0	0	reject	3	2	1	0	54516
rgng5v	core.data-signatures	standard	1	1	accept	1	1	1	1	27625
rgpalt	core.signing-serialization	invalid	0	1	reject	4	4	0	0	109100
rgqxdg	core.signing-serialization	standard	1	0	accept	2	1	4	4	28996
rh2vcm	core.signing-serialization	invalid	0	1	reject	4	4	0	0	108412
rh7hux	core.signature-checking.multisig.m-of-3	invalid	0	0	reject	3	2	1	0	54541
rjmtl4	core.signing-serialization	invalid	0	1	reject	4	4	0	0	109105
rjpcvp	core.signing-serialization	invalid	0	0	reject	5	5	5	0	136293
rjxflr	core.signing-serialization	invalid	0	0	reject	2	1	1	0	28972
rkhzv0	core.signing-serialization	invalid	0	0	reject	3	1	1	0	29465
rkk6fh	core.signing-serialization	standard	1	1	accept	6	6	6	6	162687
rkljak	core.signing-serialization	standard	1	1	accept	4	4	4	4	108641
rkmn5v	core.signature-checking.multisig.m-of-20	invalid	0	0	reject	20	2	1	0	59094
rkmrly	core.signing-serialization	invalid	0	0	reject	1	1	1	0	27877
rl2de2	core.signing-serialization	invalid	0	0	reject	7	7	0	0	189175
rlf02f	core.signing-serialization	standard	1	1	accept	6	6	6	6	161833
rlneq5	core.signing-serialization	standard	1	0	accept	2	1	4	4	29092
rm22kg	core.signing-serialization	standard	1	1	accept	6	6	6	6	161609
rm6eyr	core.signature-checking.multisig.m-of-3	invalid	0	0	reject	3	2	1	0	54547
rmssaq	core.signing-serialization	invalid	0	0	reject	7	7	7	0	189151
rn5vlr	core.signing-serialization	invalid	0	1	reject	4	4	0	0	109801
rnf6nf	core.signing-serialization	standard	1	1	accept	4	4	4	4	107790
rnm9c9	core.signing-serialization	standard	1	0	accept	3	1	4	4	29489
rnq3uy	core.data-signatures	standard	1	1	accept	1	1	1	1	26892
rnzada	core.signature-checking.multisig.m-of-20	invalid	0	0	reject	20	2	1	0	59104
rpxe68	core.signature-checking.multisig.m-of-20	invalid	0	0	reject	20	2	0	0	56049
rq0e2m	core.signature-checking.multisig.m-of-3	invalid	0	0	reject	3	2	2	0	54516
rq8su2	core.signing-serialization	invalid	0	0	reject	1	1	1	0	27918
rqp6ez	core.data-signatures	standard	1	1	accept	1	1	1	1	27535
rqt0f8	core.signing-serialization	invalid	0	0	reject	5	5	0	0	136530
rqv43s	core.signing-serialization	invalid	0	0	reject	2	1	1	0	28996
rqzzhz	core.signing-serialization	invalid	0	0	reject	1	1	0	0	28591
rrfnqk	core.signing-serialization	invalid	0	0	reject	3	1	0	0	29489
rrj2jy	core.signature-checking.multisig.m-of-20	invalid	0	0	reject	20	2	2	0	59104
rrn4jg	core.signature-checking.multisig.signing-serialization	standard	1	1	accept	3	3	3	3	80522
rrywvf	core.signing-serialization	invalid	0	0	reject	1	1	1	0	27891
rsv27u	core.signature-checking.multisig.m-of-20	invalid	0	0	reject	20	2	2	0	59104
rt3wrq	core.data-signatures	standard	1	1	accept	1	1	1	1	27247
rt4umf	core.signing-serialization	standard	1	1	accept	4	4	4	4	107797
rtdu8f	core.signing-serialization	standard	1	1	accept	8	8	8	8	215116
rth84m	core.data-signatures	standard	1	1	accept	1	1	1	1	26905
rtq7mv	core.signing-serialization	invalid	0	0	reject	2	1	1	0	29129
rtrv59	core.signing-serialization	standard	1	1	accept	8	8	8	8	215121
rtxmxs	core.signing-serialization	invalid	0	0	reject	1	1	1	0	27881
rufk0d	core.signing-serialization	invalid	0	0	reject	2	1	1	0	28972
rursfm	core.signature-checking.multisig.signing-serialization	standard	1	0	accept	3	2	2	2	54534
rv364x	core.signature-checking.multisig.m-of-20	invalid	0	0	reject	20	2	1	0	59094
rvhhma	core.signing-serialization	standard	1	1	accept	4	4	4	4	109601
rvk67n	core.signing-serialization	invalid	0	0	reject	5	5	0	0	136498
rw6824	core.signing-serialization	standard	1	0	accept	3	1	4	4	29470
rw7ewy	core.signature-checking.multisig.m-of-15	invalid	0	0	reject	15	1	1	0	30868
rwnd46	core.signing-serialization	invalid	0	0	reject	3	1	0	0	29489
rx950d	core.signing-serialization	invalid	0	0	reject	5	5	5	0	136269
rxdmmm	core.signature-checking.multisig.signing-serialization	standard	1	1	accept	3	3	3	3	80547
rxmphy	core.signing-serialization	standard	1	1	accept	4	4	4	4	108434
ryah90	core.signing-serialization	standard	1	0	accept	2	1	4	4	28996
rygt8z	core.signing-serialization	standard	1	1	accept	4	4	4	4	107760
ryjs9c	core.signing-serialization	standard	1	1	accept	6	6	6	6	162458
ryn5sh	core.signing-serialization	invalid	0	0	reject	2	1	1	0	28972
rypwhs	core.signing-serialization	standard	1	1	accept	4	4	4	4	109833
rysjzj	core.signature-checking.multisig.m-of-3	invalid	0	0	reject	3	2	0	0	54541
ryycxp	core.signing-serialization	standard	1	1	accept	6	6	6	6	162439
rzapj2	core.data-signatures	standard	1	1	accept	1	1	1	1	27429
rzkxem	core.signature-checking.multisig.signing-serialization	standard	1	1	accept	3	3	3	3	80522
rzl6dw	core.signing-serialization	standard	1	0	accept	2	1	4	4	29092
s00zck	core.signature-checking.multisig.signing-serialization	standard	1	1	accept	3	3	3	3	80522
s0cta8	core.signing-serialization	invalid	0	0	reject	7	7	7	0	189217
s0s5y3	core.signing-serialization	standard	1	1	accept	4	4	4	4	109796
s20wqr	core.signing-serialization	invalid	0	0	reject	1	1	0	0	27913
s26tsj	core.signing-serialization	standard	1	0	accept	3	1	4	4	29369
s2qy88	core.signing-serialization	invalid	0	0	reject	2	1	1	0	28996
s2zad5	core.signing-serialization	invalid	0	0	reject	1	1	0	0	28602
s363kt	core.signature-checking.multisig.m-of-3	invalid	0	0	reject	3	2	0	0	54517
s38035	core.signing-serialization	standard	1	1	accept	4	4	4	4	107827
s38nl3	core.data-signatures	standard	1	1	accept	1	1	1	1	27484
s3ec3g	core.signing-serialization	standard	1	1	accept	4	4	4	4	109601
s3m7w9	core.data-signatures	standard	1	1	accept	1	1	1	1	27535
s4d8y9	core.signing-serialization	invalid	0	1	reject	6	6	0	0	162724
s5759z	core.signing-serialization	invalid	0	1	reject	8	8	0	0	215340
s5mju3	core.signing-serialization	invalid	0	1	reject	6	6	0	0	161870
s5rwg8	core.signing-serialization	invalid	0	0	reject	5	5	5	0	136274
s60ddr	core.signing-serialization	invalid	0	0	reject	1	1	1	0	27845
s6vluk	core.signing-serialization	standard	1	0	accept	3	1	4	4	29393
s7fqve	core.signing-serialization	standard	1	1	accept	8	8	8	8	215340
s7frsp	core.signing-serialization	standard	1	1	accept	4	4	4	4	109577
s7lnts	core.signing-serialization	invalid	0	0	reject	7	7	7	0	189185
s7rgwn	core.signing-serialization	standard	1	0	accept	1	1	4	4	28495
s7wfsw	core.signature-checking.multisig.signing-serialization	standard	1	1	accept	3	3	3	3	80522
s7x7cd	core.signature-checking.multisig.pubkey-validation	standard	1	1	accept	2	2	2	2	53703
s8man9	core.data-signatures	standard	1	1	accept	1	1	1	1	27543
s8mqmf	core.signature-checking.multisig.signing-serialization	standard	1	1	accept	3	3	3	3	80522
s8ph9y	core.signing-serialization	standard	1	0	accept	3	1	4	4	29369
s8xfud	core.signing-serialization	standard	1	1	accept	8	8	8	8	214130
s8zuvq	core.signing-serialization	invalid	0	1	reject	4	4	0	0	108436
s92k6d	core.signing-serialization	invalid	0	0	reject	1	1	0	0	27877
s92p23	core.signing-serialization	invalid	0	0	reject	1	1	0	0	27992
s9cvuz	core.signature-checking.multisig.pubkey-validation	invalid	0	0	reject	2	2	0	0	53817
s9gyry	core.signing-serialization	invalid	0	1	reject	4	4	0	0	107792
s9qrvz	core.signing-serialization	standard	1	1	accept	8	8	8	8	214135
s9uhks	core.signing-serialization	invalid	0	0	reject	1	1	1	0	28508
s9xqta	core.signature-checking.multisig.signing-serialization	standard	1	0	accept	3	2	2	2	54510
sa0yth	core.signing-serialization	standard	1	1	accept	8	8	8	8	215345
saufrl	core.signature-checking.multisig.pubkey-validation	standard	1	1	accept	2	2	2	2	53096
saylkd	core.signing-serialization	invalid	0	0	reject	5	5	5	0	136298
scdthk	core.signing-serialization	invalid	0	0	reject	1	1	1	0	27906
scezfg	core.data-signatures	standard	1	1	accept	1	1	1	1	27506
scnvgl	core.signing-serialization	invalid	0	0	reject	1	1	1	0	27906
scp73w	core.signature-checking.multisig.pubkey-validation	standard	1	1	accept	2	2	2	2	53067
sctlr8	core.signature-checking.multisig.m-of-3	invalid	0	0	reject	3	1	1	0	28049
sd0qqt	core.signing-serialization	invalid	0	0	reject	7	7	7	0	189151
sd66v4	core.data-signatures	standard	1	1	accept	1	1	1	1	27415
sdah4m	core.signing-serialization	invalid	0	0	reject	1	1	1	0	28641
sdjg94	core.signature-checking.multisig.m-of-3	invalid	0	0	reject	3	2	0	0	54516
sdmcyy	core.signature-checking.multisig.m-of-20	invalid	0	0	reject	20	2	1	0	59094
sdvhy8	core.signing-serialization	invalid	0	0	reject	2	1	1	0	28972
sehlq9	core.signing-serialization	standard	1	1	accept	4	4	4	4	107790
setezd	core.data-signatures	standard	1	1	accept	1	1	1	1	27431
sex378	core.data-signatures	standard	1	1	accept	1	1	1	1	27533
sey2nd	core.signing-serialization	standard	1	1	accept	6	6	6	6	162663
sf4ms2	core.data-signatures	standard	1	1	accept	1	1	1	1	26925
sf5g49	core.signature-checking.multisig.signing-serialization	standard	1	1	accept	3	3	3	3	80547
sf6e9f	core.signing-serialization	invalid	0	0	reject	5	5	5	0	136274
sfph5z	core.data-signatures	standard	1	1	accept	1	1	1	1	27521
sfqanv	core.signature-checking.multisig.signing-serialization	standard	1	1	accept	3	3	3	3	80545
sfv3ph	core.signature-checking.multisig.m-of-15	invalid	0	0	reject	15	1	0	0	30862
sfy3zk	core.signature-checking.multisig.pubkey-validation	invalid	0	0	reject	2	1	0	0	27928
sg9dzy	core.signature-checking.multisig.pubkey-validation	invalid	0	0	reject	2	2	0	0	53673
sgh4m4	core.signing-serialization	standard	1	1	accept	4	4	4	4	109577
sgp80j	core.signing-serialization	invalid	0	0	reject	2	1	1	0	29068
sgpyal	core.signing-serialization	standard	1	0	accept	1	1	4	4	28495
sgxe4t	core.signing-serialization	standard	1	1	accept	6	6	6	6	162663
sh24zw	core.data-signatures	standard	1	1	accept	1	1	1	1	27437
sh5t49	core.signing-serialization	standard	1	1	accept	8	8	8	8	215321
shhh2m	core.signature-checking.multisig.m-of-20	invalid	0	0	reject	20	2	1	0	59104
shkqq3	core.signing-serialization	invalid	0	0	reject	1	1	0	0	28617
shxlyq	core.signing-serialization	standard	1	1	accept	4	4	4	4	108380
sj54sk	core.signing-serialization	invalid	0	0	reject	3	1	0	0	29465
sj6pjn	core.data-signatures	standard	1	1	accept	1	1	1	1	27523
sjt6q0	core.signing-serialization	standard	1	0	accept	1	1	4	4	28471
sk5u6w	core.signature-checking.multisig.signing-serialization	standard	1	1	accept	3	3	3	3	79784
skh2jr	core.signature-checking.multisig.m-of-3	invalid	0	0	reject	3	2	1	0	54534
skm0vg	core.signing-serialization	standard	1	1	accept	8	8	8	8	215116
skvrmy	core.signing-serialization	standard	1	1	accept	8	8	8	8	215116
skvurv	core.signing-serialization	invalid	0	0	reject	1	1	1	0	28602
skxgkf	core.signing-serialization	invalid	0	0	reject	1	1	1	0	27845
skz84k	core.signing-serialization	invalid	0	0	reject	2	1	1	0	28972
skzw0z	core.signing-serialization	invalid	0	0	reject	1	1	0	0	28567
sl4q4y	core.signature-checking.multisig.m-of-20	invalid	0	0	reject	20	2	1	0	56060
sldldc	core.data-signatures	standard	1	1	accept	1	1	1	1	28521
slw97c	core.signing-serialization	standard	1	1	accept	4	4	4	4	109105
sm4ft5	core.signing-serialization	standard	1	1	accept	8	8	8	8	214135
smm2ff	core.signature-checking.multisig.m-of-3	invalid	0	0	reject	3	1	1	0	28055
smn26z	core.data-signatures	standard	1	1	accept	1	1	1	1	27401
smplpy	core.signing-serialization	invalid	0	0	reject	5	5	5	0	136493
smvmcp	core.signing-serialization	standard	1	1	accept	6	6	6	6	162663
sn5pp3	core.signature-checking.multisig.m-of-3	invalid	0	0	reject	3	2	1	0	54517
snpzq2	core.signing-serialization	invalid	0	0	reject	1	1	0	0	28567
snqczl	core.signature-checking.multisig.signing-serialization	standard	1	1	accept	3	3	3	3	79783
snynk3	core.signature-checking.multisig.m-of-3	invalid	0	0	reject	3	2	1	0	54517
sp4q2p	core.signature-checking.multisig.m-of-15	invalid	0	0	reject	15	1	0	0	30862
sp8603	core.signing-serialization	standard	1	1	accept	4	4	4	4	108380
spcc0e	core.signing-serialization	standard	1	0	accept	3	1	4	4	29494
spjk90	core.signing-serialization	standard	1	1	accept	4	4	4	4	108447
spm2kn	core.signing-serialization	invalid	0	1	reject	4	4	0	0	109820
spye9e	core.signing-serialization	standard	1	1	accept	8	8	8	8	215340
sq2sry	core.signing-serialization	standard	1	0	accept	3	1	4	4	29393
sqd9gd	core.data-signatures	standard	1	1	accept	1	1	1	1	27381
sqnqmv	core.signing-serialization	standard	1	0	accept	3	1	4	4	29489
sqvgwe	core.signature-checking.multisig.m-of-20	standard	1	0	accept	20	9	9	9	248531
sqz2ua	core.signing-serialization	invalid	0	0	reject	2	1	0	0	29068
srd6zh	core.signing-serialization	standard	1	1	accept	8	8	8	8	214135
srmf6p	core.signing-serialization	invalid	0	1	reject	6	6	0	0	162663
srue73	core.signing-serialization	invalid	0	1	reject	4	4	0	0	108412
ss2fl8	core.signature-checking.multisig.signing-serialization	standard	1	0	accept	3	2	2	2	54510
sszdw8	core.signature-checking.multisig.m-of-3	invalid	0	0	reject	3	3	0	0	80516
st7lna	core.signature-checking.multisig.m-of-20	invalid	0	0	reject	20	2	2	0	59080
st7nud	core.signing-serialization	invalid	0	0	reject	5	5	5	0	136274
stfna8	core.signature-checking.multisig.pubkey-validation	invalid	0	0	reject	2	1	1	0	27952
su2xll	core.signature-checking.multisig.m-of-3	invalid	0	0	reject	3	2	1	0	54510
su407c	core.signing-serialization	standard	1	1	accept	4	4	4	4	108434
surmxr	core.signature-checking.multisig.m-of-3	invalid	0	0	reject	3	2	0	0	54524
sutftt	core.signature-checking.multisig.signing-serialization	standard	1	0	accept	3	2	2	2	54534
suu3em	core.signature-checking.multisig.m-of-3	standard	1	1	accept	3	3	3	3	79785
sv5kzl	core.signature-checking.multisig.signing-serialization	standard	1	1	accept	3	3	3	3	79784
sv60pk	core.signing-serialization	invalid	0	0	reject	1	1	0	0	27891
svs8gx	core.signing-serialization	standard	1	1	accept	4	4	4	4	108380
sw9wen	core.data-signatures	standard	1	1	accept	1	1	1	1	27405
swkqf9	core.signing-serialization	standard	1	1	accept	4	4	4	4	109100
swqgnl	core.signing-serialization	invalid	0	0	reject	3	1	1	0	29369
swt5f7	core.signing-serialization	invalid	0	0	reject	1	1	0	0	28628
sx7cjr	core.data-signatures	standard	1	1	accept	1	1	1	1	27381
sxjf4s	core.signing-serialization	invalid	0	0	reject	1	1	0	0	27889
sxw2sz	core.signature-checking.multisig.m-of-3	invalid	0	0	reject	3	2	1	0	54541
sxzjk5	core.signature-checking.multisig.m-of-3	invalid	0	0	reject	3	3	0	0	80540
sykyh4	core.signing-serialization	standard	1	1	accept	6	6	6	6	161609
syq8af	core.data-signatures	standard	1	1	accept	1	1	1	1	26919
syrzxs	core.signature-checking.multisig.signing-serialization	standard	1	0	accept	3	2	2	2	54510
szpnny	core.signature-checking.multisig.m-of-3	invalid	0	0	reject	3	2	0	0	54516
szpt0d	core.signing-serialization	standard	1	1	accept	4	4	4	4	108439
t027uf	core.signing-serialization	standard	1	1	accept	6	6	6	6	162434
t05ak3	core.signing-serialization	invalid	0	0	reject	1	1	0	0	27889
t0ju56	core.signature-checking.multisig.signing-serialization	standard	1	0	accept	3	2	2	2	54534
t0mdhn	core.signing-serialization	invalid	0	0	reject	1	1	1	0	28506
t0z6jt	core.benchmarks.signature-checking.p2pk	standard	1	1	accept	1	1	1	1	26719
t2ffsw	core.data-signatures	standard	1	1	accept	1	1	1	1	27438
t2gr83	core.signature-checking.multisig.signing-serialization	standard	1	1	accept	3	3	3	3	80546
t2kc3h	core.signing-serialization	invalid	0	0	reject	1	1	1	0	27992
t2p90t	core.data-signatures	standard	1	1	accept	1	1	1	1	27511
t2pzrl	core.signing-serialization	invalid	0	0	reject	1	1	0	0	27901
t2uccl	core.signing-serialization	invalid	0	0	reject	1	1	0	0	28639
t2vsem	core.signing-serialization	standard	1	0	accept	2	1	4	4	29097
t2w5d4	core.signature-checking.multisig.m-of-3	invalid	0	0	reject	3	2	1	0	54547
t2zpqe	core.signature-checking.multisig.pubkey-validation	invalid	0	0	reject	2	2	0	0	53928
t3ft07	core.signing-serialization	invalid	0	0	reject	1	1	0	0	28567
t3svfy	core.signing-serialization	invalid	0	0	reject	1	1	1	0	28580
t3udkc	core.signing-serialization	standard	1	1	accept	4	4	4	4	109110
t473ul	core.data-signatures	standard	1	1	accept	1	1	1	1	27547
t4hysu	core.signature-checking.multisig.m-of-3	invalid	0	0	reject	3	2	0	0	54534
t4qnke	core.signature-checking.multisig.m-of-20	invalid	0	0	reject	20	2	1	0	59118
t4t90w	core.signature-checking.multisig.m-of-20	invalid	0	0	reject	20	8	0	0	221519
t50djz	core.signing-serialization	standard	1	1	accept	4	4	4	4	108410
t56l8h	core.signing-serialization	invalid	0	0	reject	5	5	0	0	136522
t5cjj0	core.signing-serialization	standard	1	1	accept	4	4	4	4	108876
t5duzh	core.signing-serialization	standard	1	0	accept	1	1	4	4	28495
t5ekk9	core.signature-checking.multisig.m-of-3	invalid	0	0	reject	3	2	1	0	54522
t64pwq	core.signing-serialization	standard	1	1	accept	4	4	4	4	108881
t65axa	core.signature-checking.multisig.m-of-3	invalid	0	0	reject	3	2	1	0	54510
t6e0xv	core.signing-serialization	standard	1	1	accept	4	4	4	4	108436
t6gqvv	core.signature-checking.multisig.m-of-3	invalid	0	0	reject	3	3	0	0	80533
t6t2nk	core.signature-checking.multisig.signing-serialization	standard	1	1	accept	3	3	3	3	79783
t6tarp	core.signature-checking.multisig.m-of-3	invalid	0	0	reject	3	2	0	0	54523
t6ux4p	core.signature-checking.multisig.pubkey-validation	invalid	0	0	reject	2	1	1	0	27946
t72e50	core.data-signatures	standard	1	1	accept	1	1	1	1	26878
t77vqn	core.signing-serialization	invalid	0	0	reject	1	1	0	0	27889
t7afw8	core.signing-serialization	invalid	0	0	reject	7	7	7	0	189151
t7epn0	core.signature-checking.multisig.m-of-3	invalid	0	0	reject	3	3	3	0	80523
t7qzmj	core.signing-serialization	standard	1	1	accept	6	6	6	6	162658
t7vqk8	core.signature-checking.multisig.signing-serialization	standard	1	0	accept	3	2	2	2	54534
t7wyfp	core.signing-serialization	invalid	0	0	reject	2	1	1	0	29068
t87zj9	core.signature-checking.multisig.pubkey-validation	invalid	0	0	reject	2	1	1	0	27824
t8epp3	core.signature-checking.multisig.m-of-3	invalid	0	0	reject	3	2	1	0	54517
t8ux97	core.signing-serialization	invalid	0	0	reject	2	1	0	0	29068
t97ewu	core.signature-checking.multisig.m-of-3	invalid	0	0	reject	3	2	1	0	54541
t9mcyh	core.signature-checking.multisig.pubkey-validation	standard	1	1	accept	2	2	2	2	53951
t9q94q	core.signature-checking.multisig.m-of-3	invalid	0	0	reject	3	2	1	0	54510
t9sk3z	core.signature-checking.multisig.m-of-3	invalid	0	0	reject	3	2	1	0	54548
t9t40m	core.signing-serialization	invalid	0	0	reject	1	1	1	0	28567
t9t8cu	core.signing-serialization	invalid	0	0	reject	1	1	1	0	28596
ta5ps4	core.signature-checking.multisig.m-of-3	invalid	0	0	reject	3	2	0	0	54516
tar82w	core.signing-serialization	invalid	0	1	reject	4	4	0	0	108447
taw8ye	core.signing-serialization	invalid	0	0	reject	3	1	0	0	29465
tazt6m	core.signature-checking.multisig.signing-serialization	standard	1	0	accept	3	2	2	2	54510
tc0mj7	core.signing-serialization	standard	1	0	accept	1	1	4	4	28471
tc8chc	core.signing-serialization	invalid	0	0	reject	7	7	7	0	188932
tcmwpt	core.signature-checking.multisig.pubkey-validation	invalid	0	0	reject	2	1	0	0	27924
tcs4uv	core.signing-serialization	standard	1	1	accept	4	4	4	4	109806
tczgnv	core.signing-serialization	invalid	0	0	reject	1	1	1	0	27869
td7q6u	core.data-signatures	standard	1	1	accept	1	1	1	1	27426
tdetpw	core.signature-checking.multisig.m-of-3	invalid	0	0	reject	3	2	0	0	54548
tdkvm6	core.signing-serialization	invalid	0	0	reject	7	7	7	0	188956
tdm4u4	core.signature-checking.multisig.m-of-3	invalid	0	0	reject	3	2	0	0	54534
teg6xk	core.signature-checking.multisig.m-of-3	invalid	0	0	reject	3	2	1	0	54517
terjxf	core.signature-checking.multisig.m-of-3	invalid	0	0	reject	3	2	1	0	54524
texldg	core.signing-serialization	invalid	0	0	reject	3	1	0	0	29465
tf3el7	core.signing-serialization	invalid	0	0	reject	3	1	0	0	29489
tfclyu	core.signature-checking.multisig.m-of-20	invalid	0	0	reject	20	20	0	0	524852
tfe889	core.signature-checking.multisig.signing-serialization	standard	1	1	accept	3	3	3	3	79784
tfsr2g	core.signature-checking.multisig.signing-serialization	standard	1	1	accept	3	3	3	3	79784
tfxwkg	core.signing-serialization	invalid	0	0	reject	5	5	5	0	136530
tg43sk	core.signing-serialization	invalid	0	0	reject	1	1	1	0	28506
tgkadq	core.data-signatures	standard	1	1	accept	1	1	1	1	27507
tgser9	core.signing-serialization	standard	1	1	accept	6	6	6	6	162692
tgsykw	core.signature-checking.multisig.m-of-3	invalid	0	0	reject	3	2	2	0	54516
tgys5q	core.signing-serialization	invalid	0	1	reject	8	8	0	0	215340
th4w9n	core.data-signatures	standard	1	1	accept	1	1	1	1	27438
th7n2j	core.signing-serialization	standard	1	0	accept	3	1	4	4	29393
th94vl	core.signing-serialization	invalid	0	0	reject	1	1	1	0	28484
thqvz0	core.signature-checking.multisig.signing-serialization	standard	1	1	accept	3	3	3	3	80546
thsjn3	core.signature-checking.multisig.m-of-3	invalid	0	0	reject	3	2	1	0	54548
thuu3a	core.signing-serialization	invalid	0	0	reject	5	5	0	0	136522
tj66gd	core.data-signatures	standard	1	1	accept	1	1	1	1	27516
tj8rpa	core.signing-serialization	invalid	0	0	reject	1	1	0	0	28567
tjrxlg	core.signing-serialization	invalid	0	0	reject	7	7	7	0	188951
tjwc63	core.signing-serialization	invalid	0	0	reject	2	1	1	0	29068
tk5v4m	core.signing-serialization	invalid	0	0	reject	1	1	1	0	28506
tketns	core.data-signatures	standard	1	1	accept	1	1	1	1	27904
tkfcy4	core.signature-checking.multisig.m-of-3	invalid	0	0	reject	3	3	3	0	80522
tl3zrt	core.signature-checking.multisig.signing-serialization	standard	1	0	accept	3	2	2	2	54510
tla9ma	core.signing-serialization	invalid	0	1	reject	4	4	0	0	109105
tllu2w	core.signature-checking.multisig.m-of-3	invalid	0	0	reject	3	2	1	0	54540
tlm3m7	core.signing-serialization	standard	1	1	accept	4	4	4	4	109601
tlmf8a	core.signature-checking.multisig.m-of-20	invalid	0	0	reject	20	20	0	0	524070
tmgnyz	core.signing-serialization	standard	1	0	accept	3	1	4	4	29369
tmycu5	core.signing-serialization	invalid	0	0	reject	7	7	0	0	189175
tn86ms	core.signature-checking.multisig.signing-serialization	standard	1	1	accept	3	3	3	3	80522
tnjj2z	core.signing-serialization	standard	1	1	accept	8	8	8	8	215321
tp0anr	core.signing-serialization	standard	1	0	accept	2	1	4	4	29105
tp223a	core.signature-checking.multisig.m-of-3	invalid	0	0	reject	3	2	2	0	54541
tpffrc	core.signing-serialization	standard	1	0	accept	2	1	4	4	28972
tph52x	core.signing-serialization	invalid	0	0	reject	5	5	5	0	136498
tq74x8	core.data-signatures	standard	1	1	accept	1	1	1	1	27525
tqcnme	core.signing-serialization	invalid	0	0	reject	2	1	1	0	29097
tqnz9n	core.signing-serialization	standard	1	1	accept	4	4	4	4	108412
trf427	core.signature-checking.multisig.m-of-20	invalid	0	0	reject	20	2	1	0	59104
trjls9	core.signature-checking.multisig.signing-serialization	standard	1	0	accept	3	2	2	2	54534
trktpu	core.signing-serialization	standard	1	1	accept	4	4	4	4	107790
trsfj6	core.signing-serialization	invalid	0	0	reject	5	5	5	0	136293
trwq79	core.signing-serialization	standard	1	1	accept	4	4	4	4	108665
tryc47	core.data-signatures	standard	1	1	accept	1	1	1	1	29355
tsuwqk	core.signing-serialization	invalid	0	0	reject	1	1	1	0	27857
tszdgc	core.signing-serialization	standard	1	1	accept	4	4	4	4	108471
tt43k6	core.signing-serialization	invalid	0	0	reject	3	1	1	0	29489
tt7gvw	core.signature-checking.multisig.m-of-3	invalid	0	0	reject	3	1	1	0	28025
tt8mav	core.signing-serialization	invalid	0	0	reject	1	1	1	0	28508
tu65qy	core.signing-serialization	standard	1	1	accept	4	4	4	4	109825
tuczve	core.signing-serialization	standard	1	1	accept	8	8	8	8	215092
tusnu6	core.signing-serialization	invalid	0	0	reject	1	1	0	0	28591
tv8dcp	core.signing-serialization	invalid	0	0	reject	7	7	0	0	189175
tvcphc	core.signing-serialization	invalid	0	0	reject	7	7	7	0	188956
tvfnan	core.signing-serialization	standard	1	1	accept	8	8	8	8	215092
tvkay3	core.signing-serialization	invalid	0	0	reject	5	5	5	0	136517
tvpjxa	core.signing-serialization	invalid	0	0	reject	1	1	1	0	28495
tvtmdt	core.signing-serialization	invalid	0	0	reject	5	5	0	0	136517
tvykr9	core.signing-serialization	standard	1	1	accept	4	4	4	4	107827
tw28sg	core.signing-serialization	standard	1	0	accept	3	1	4	4	29393
twad76	core.data-signatures	standard	1	1	accept	1	1	1	1	27663
twlq8n	core.signature-checking.multisig.signing-serialization	standard	1	0	accept	3	2	2	2	54534
twn9sq	core.signing-serialization	invalid	0	0	reject	1	1	0	0	28591
twxsve	core.signature-checking.multisig.signing-serialization	standard	1	0	accept	3	2	2	2	54510
tx0sk9	core.signing-serialization	invalid	0	0	reject	1	1	1	0	28596
tx0xm6	core.signing-serialization	invalid	0	0	reject	7	7	7	0	188932
txy4z3	core.signature-checking.multisig.pubkey-validation	invalid	0	0	reject	2	2	0	0	53673
tyf5qm	core.signature-checking.multisig.signing-serialization	standard	1	1	accept	3	3	3	3	80522
tyvjs5	core.signature-checking.multisig.signing-serialization	standard	1	0	accept	3	2	2	2	54510
tyzu57	core.signing-serialization	standard	1	1	accept	6	6	6	6	162434
tz4rnq	core.data-signatures	standard	1	1	accept	1	1	1	1	27386
tz64mg	core.signing-serialization	invalid	0	0	reject	1	1	0	0	27901
tz7tup	core.signing-serialization	invalid	0	1	reject	4	4	0	0	109838
tzan05	core.signature-checking.multisig.signing-serialization	standard	1	0	accept	3	2	2	2	54510
tzjkhk	core.signature-checking.multisig.m-of-3	invalid	0	0	reject	3	2	1	0	54547
tzm8rl	core.signing-serialization	invalid	0	0	reject	1	1	1	0	27859
tzmgg8	core.signature-checking.multisig.signing-serialization	standard	1	0	accept	3	2	2	2	54534
tzq2tx	core.signature-checking.multisig.m-of-3	invalid	0	0	reject	3	2	0	0	54517
tzsj0c	core.signing-serialization	invalid	0	0	reject	2	1	1	0	29068
u0ch6w	core.signing-serialization	invalid	0	0	reject	1	1	1	0	28591
u0h0q7	core.signature-checking.multisig.m-of-15	invalid	0	0	reject	15	15	0	0	394860
u25utu	core.signature-checking.multisig.signing-serialization	standard	1	0	accept	3	2	2	2	54534
u2c28c	core.signing-serialization	invalid	0	0	reject	1	1	0	0	28591
u2fvsv	core.signing-serialization	invalid	0	1	reject	4	4	0	0	109796
u2wh4h	core.signing-serialization	invalid	0	1	reject	4	4	0	0	109100
u32dah	core.signing-serialization	invalid	0	0	reject	1	1	1	0	28508
u32ttm	core.signing-serialization	standard	1	1	accept	6	6	6	6	162668
u350ce	core.signing-serialization	standard	1	1	accept	8	8	8	8	215097
u3nj09	core.signing-serialization	invalid	0	0	reject	2	1	1	0	28972
u3plnj	core.signing-serialization	invalid	0	1	reject	4	4	0	0	109100
u44x32	core.signature-checking.multisig.m-of-3	invalid	0	0	reject	3	2	0	0	54516
u4fhfv	core.data-signatures	standard	1	1	accept	1	1	1	1	26806
u506lp	core.signing-serialization	standard	1	1	accept	4	4	4	4	109100
u5mm2z	core.signing-serialization	standard	1	1	accept	4	4	4	4	108404
u5t2fa	core.signing-serialization	invalid	0	0	reject	7	7	7	0	189161
u5u4vr	core.signing-serialization	standard	1	1	accept	4	4	4	4	108417
u66mej	core.signing-serialization	invalid	0	0	reject	2	1	1	0	28996
u6cddd	core.signature-checking.multisig.m-of-3	invalid	0	0	reject	3	2	0	0	54517
u6gecq	core.signing-serialization	invalid	0	0	reject	1	1	0	0	28567
u6gk3q	core.signing-serialization	invalid	0	0	reject	1	1	1	0	27869
u79c0e	core.signing-serialization	invalid	0	0	reject	1	1	1	0	27913
u7f3kl	core.signing-serialization	invalid	0	0	reject	1	1	1	0	27845
u7ur2w	core.signing-serialization	invalid	0	0	reject	3	1	1	0	29465
u7vmy4	core.data-signatures	standard	1	1	accept	1	1	1	1	27807
u8e24p	core.signing-serialization	invalid	0	0	reject	7	7	7	0	188951
u8wqle	core.signature-checking.multisig.m-of-15	invalid	0	0	reject	15	1	1	0	30862
u8xxcp	core.data-signatures	standard	1	1	accept	1	1	1	1	27554
u95ev7	core.signature-checking.multisig.m-of-3	invalid	0	0	reject	3	2	0	0	54547
u972lq	core.signing-serialization	invalid	0	0	reject	1	1	1	0	28602
u99xgt	core.signing-serialization	invalid	0	1	reject	4	4	0	0	107792
u9kprz	core.signature-checking.multisig.m-of-3	invalid	0	0	reject	3	2	0	0	54534
u9zgvc	core.signature-checking.multisig.signing-serialization	standard	1	1	accept	3	3	3	3	80546
u9zuyt	core.signing-serialization	invalid	0	0	reject	5	5	5	0	136517
ua6vmt	core.data-signatures	standard	1	1	accept	1	1	1	1	27802
ua7h7n	core.signing-serialization	standard	1	1	accept	4	4	4	4	109572
uaams5	core.signature-checking.multisig.m-of-15	invalid	0	0	reject	15	15	0	0	394884
uc3ayn	core.signing-serialization	standard	1	1	accept	4	4	4	4	107827
uc5l5u	core.signing-serialization	standard	1	1	accept	6	6	6	6	162458
uc5xld	core.signature-checking.multisig.signing-serialization	standard	1	0	accept	3	2	2	2	54534
uc99lt	core.signing-serialization	standard	1	0	accept	3	1	4	4	29369
ucy8vs	core.signing-serialization	invalid	0	0	reject	3	1	0	0	29526
ud7cw4	core.signing-serialization	invalid	0	0	reject	7	7	0	0	189156
uddg5g	core.signing-serialization	invalid	0	0	reject	1	1	1	0	28482
udgum3	core.data-signatures	standard	1	1	accept	1	1	1	1	27399
udlpfp	core.signing-serialization	invalid	0	0	reject	1	1	1	0	28482
udm2dd	core.signature-checking.multisig.m-of-3	invalid	0	0	reject	3	2	1	0	54541
udwgv7	core.signing-serialization	standard	1	1	accept	4	4	4	4	107795
udzjrx	core.signing-serialization	invalid	0	0	reject	1	1	1	0	27857
ue097f	core.signing-serialization	invalid	0	0	reject	5	5	0	0	136498
ue2s4y	core.data-signatures	standard	1	1	accept	1	1	1	1	27714
ue992t	core.signing-serialization	standard	1	1	accept	4	4	4	4	107792
ueacvl	core.signing-serialization	standard	1	1	accept	8	8	8	8	215345
ueedq2	core.signing-serialization	invalid	0	0	reject	1	1	1	0	27877
ueuhzg	core.signing-serialization	standard	1	1	accept	8	8	8	8	215121
uey8lv	core.signing-serialization	invalid	0	0	reject	1	1	1	0	28471
ufped8	core.signing-serialization	invalid	0	0	reject	1	1	1	0	27845
ug2s67	core.signing-serialization	invalid	0	0	reject	2	1	0	0	29129
ug4aed	core.signing-serialization	invalid	0	0	reject	1	1	1	0	27901
ug5rqc	core.signing-serialization	invalid	0	0	reject	7	7	7	0	188951
uguuje	core.signing-serialization	invalid	0	0	reject	1	1	0	0	28604
uh2maf	core.signature-checking.multisig.m-of-20	standard	1	1	accept	20	20	20	20	534587
uh8dh5	core.data-signatures	standard	1	1	accept	1	1	1	1	26801
uh8wep	core.signature-checking.multisig.signing-serialization	standard	1	0	accept	3	2	2	2	54510
uh9f4n	core.signing-serialization	standard	1	1	accept	4	4	4	4	108881
uhed6x	core.signature-checking.multisig.signing-serialization	standard	1	1	accept	3	3	3	3	79785
uhh0s7	core.signing-serialization	standard	1	0	accept	3	1	4	4	29393
uhkpmj	core.signing-serialization	invalid	0	0	reject	1	1	1	0	28484
uhm5vh	core.signing-serialization	standard	1	1	accept	4	4	4	4	109577
uhr6hv	core.signature-checking.multisig.m-of-20	invalid	0	0	reject	20	2	1	0	59080
uhww6c	core.signing-serialization	standard	1	1	accept	4	4	4	4	109577
uhya74	core.data-signatures	standard	1	1	accept	1	1	1	1	27486
uhz88d	core.signing-serialization	invalid	0	0	reject	1	1	1	0	28567
ujjqja	core.signing-serialization	standard	1	0	accept	2	1	4	4	29129
ujp6a2	core.signing-serialization	invalid	0	0	reject	1	1	0	0	27877
ukcwjl	core.signing-serialization	standard	1	1	accept	4	4	4	4	108412
ukduqk	core.signing-serialization	standard	1	1	accept	4	4	4	4	108410
ukex4z	core.signature-checking.multisig.m-of-3	invalid	0	0	reject	3	2	0	0	54517
ukjxmq	core.signing-serialization	standard	1	0	accept	2	1	4	4	28972
ukkv0t	core.signature-checking.multisig.m-of-3	invalid	0	0	reject	3	2	1	0	54517
uldcmp	core.signing-serialization	invalid	0	0	reject	3	1	1	0	29465
uluaez	core.signing-serialization	invalid	0	0	reject	7	7	7	0	188932
um49p4	core.signature-checking.multisig.pubkey-validation	invalid	0	0	reject	2	1	0	0	27929
umcvp3	core.signature-checking.multisig.m-of-3	invalid	0	0	reject	3	2	0	0	54540
umd2yz	core.signing-serialization	invalid	0	0	reject	1	1	1	0	28580
umh4zh	core.signing-serialization	invalid	0	1	reject	4	4	0	0	108447
umh58u	core.signing-serialization	standard	1	0	accept	2	1	4	4	28972
umzc6d	core.signing-serialization	invalid	0	0	reject	1	1	1	0	27869
un35fj	core.signature-checking.multisig.signing-serialization	standard	1	1	accept	3	3	3	3	80546
unujxc	core.data-signatures	standard	1	1	accept	1	1	1	1	27497
unvcqx	core.signing-serialization	invalid	0	0	reject	2	1	1	0	28996
unw0ex	core.signature-checking.multisig.m-of-3	invalid	0	0	reject	3	2	1	0	54516
up0w2q	core.signing-serialization	invalid	0	1	reject	4	4	0	0	109820
up4e6h	core.data-signatures	standard	1	1	accept	1	1	1	1	26916
uq53xp	core.signature-checking.multisig.m-of-3	invalid	0	0	reject	3	2	0	0	54516
uqay3e	core.data-signatures	standard	1	1	accept	1	1	1	1	26821
uqejkf	core.signing-serialization	standard	1	0	accept	3	1	4	4	29489
uqf6hm	core.signing-serialization	invalid	0	0	reject	7	7	0	0	189151
uqqqe4	core.signature-checking.multisig.m-of-15	invalid	0	0	reject	15	1	1	0	30892
urh02v	core.signature-checking.multisig.m-of-3	invalid	0	0	reject	3	3	0	0	80539
urkzcy	core.signature-checking.multisig.m-of-3	invalid	0	0	reject	3	2	1	0	54517
urtzp3	core.signing-serialization	invalid	0	0	reject	2	1	0	0	29092
uryww0	core.signing-serialization	standard	1	1	accept	6	6	6	6	162687
use5vj	core.signing-serialization	standard	1	1	accept	4	4	4	4	108434
usgxvj	core.signing-serialization	invalid	0	0	reject	3	1	1	0	29489
ut05vr	core.signing-serialization	invalid	0	0	reject	1	1	0	0	28617
ut9psd	core.signing-serialization	invalid	0	0	reject	7	7	7	0	188956
utf4sh	core.signature-checking.multisig.m-of-3	invalid	0	0	reject	3	3	0	0	80024
utrrth	core.data-signatures	standard	1	1	accept	1	1	1	1	26895
utsnpr	core.signing-serialization	standard	1	0	accept	1	1	4	4	28495
uttul2	core.signing-serialization	invalid	0	0	reject	1	1	1	0	28602
uuceal	core.signing-serialization	invalid	0	1	reject	4	4	0	0	108436
uuj7xg	core.signing-serialization	standard	1	1	accept	6	6	6	6	162458
uv23fe	core.signing-serialization	standard	1	1	accept	4	4	4	4	108876
uvndtj	core.signing-serialization	standard	1	0	accept	1	1	4	4	28567
uvpcpl	core.signing-serialization	standard	1	1	accept	8	8	8	8	215326
uvtkuu	core.data-signatures	standard	1	1	accept	1	1	1	1	27623
uvuhwn	core.data-signatures	standard	1	1	accept	1	1	1	1	27608
uvy04u	core.data-signatures	standard	1	1	accept	1	1	1	1	26898
uwj7ka	core.signing-serialization	standard	1	0	accept	1	1	4	4	28567
uwjm9j	core.signing-serialization	invalid	0	0	reject	1	1	0	0	28002
uwrja7	core.signature-checking.multisig.signing-serialization	standard	1	1	accept	3	3	3	3	79783
ux06s7	core.signing-serialization	standard	1	1	accept	6	6	6	6	162687
ux6yre	core.signing-serialization	invalid	0	0	reject	7	7	0	0	189175
uxghcx	core.signing-serialization	invalid	0	1	reject	6	6	0	0	162658
uxpwlq	core.signature-checking.multisig.m-of-3	invalid	0	0	reject	3	3	0	0	80516
uxuzx2	core.data-signatures	standard	1	1	accept	1	1	1	1	27755
uyaag9	core.signing-serialization	standard	1	1	accept	4	4	4	4	108442
uyey3n	core.signing-serialization	invalid	0	0	reject	2	1	0	0	29068
uyngmr	core.signature-checking.multisig.m-of-15	invalid	0	0	reject	15	1	1	0	30892
uyq7dh	core.signing-serialization	invalid	0	0	reject	3	1	1	0	29393
uyqave	core.signing-serialization	invalid	0	0	reject	1	1	1	0	28617
uyuuhw	core.signature-checking.multisig.pubkey-validation	invalid	0	0	reject	2	1	1	0	27824
uyw39a	core.signing-serialization	invalid	0	0	reject	1	1	1	0	27915
uzegw0	core.signing-serialization	invalid	0	0	reject	1	1	1	0	27877
uzez92	core.signing-serialization	invalid	0	0	reject	1	1	1	0	27882
uzy4a8	core.signing-serialization	invalid	0	1	reject	4	4	0	0	107792
v06j4k	core.signing-serialization	standard	1	0	accept	1	1	4	4	28495
v0aj7l	core.signature-checking.multisig.pubkey-validation	standard	1	0	accept	2	1	1	1	27924
v0j4dx	core.signing-serialization	invalid	0	0	reject	2	1	1	0	29092
v0qly9	core.signing-serialization	invalid	0	0	reject	3	1	0	0	29489
v0wltq	core.data-signatures	standard	1	1	accept	1	1	1	1	27395
v2982n	core.signature-checking.multisig.m-of-20	invalid	0	0	reject	20	2	1	0	59094
v2gyf0	core.signature-checking.multisig.m-of-3	invalid	0	0	reject	3	2	0	0	54510
v2mwtv	core.signing-serialization	invalid	0	0	reject	1	1	1	0	27857
v37g88	core.signing-serialization	invalid	0	0	reject	3	1	0	0	29489
v3dtdt	core.signing-serialization	invalid	0	0	reject	5	5	5	0	136522
v3ea5a	core.signing-serialization	invalid	0	0	reject	7	7	0	0	189180
v3fx30	core.data-signatures	standard	1	1	accept	1	1	1	1	27453
v3mwde	core.signing-serialization	invalid	0	0	reject	3	1	1	0	29369
v43mym	core.signing-serialization	invalid	0	0	reject	1	1	1	0	27891
v45av6	core.signing-serialization	invalid	0	0	reject	7	7	0	0	189180
v45luh	core.signature-checking.multisig.m-of-20	invalid	0	0	reject	20	20	20	0	527115
v4cgfh	core.signing-serialization	invalid	0	1	reject	8	8	0	0	214359
v4put9	core.data-signatures	standard	1	1	accept	1	1	1	1	26806
v4sdqz	core.signing-serialization	invalid	0	0	reject	3	1	1	0	29393
v4td6t	core.signing-serialization	standard	1	0	accept	1	1	4	4	28471
v592m5	core.signing-serialization	invalid	0	0	reject	1	1	1	0	27906
v5t47v	core.signing-serialization	standard	1	0	accept	2	1	4	4	28972
v5x22e	core.signing-serialization	standard	1	1	accept	6	6	6	6	162687
v63zja	core.signature-checking.multisig.pubkey-validation	standard	1	0	accept	2	1	1	1	27946
v648e7	core.signing-serialization	standard	1	1	accept	8	8	8	8	214359
v69n7g	core.signature-checking.multisig.pubkey-validation	invalid	0	0	reject	2	1	0	0	27955
v6g568	core.signing-serialization	standard	1	1	accept	4	4	4	4	107790
v6leax	core.signing-serialization	standard	1	0	accept	1	1	4	4	28591
v6ry34	core.signing-serialization	invalid	0	0	reject	2	1	1	0	29068
v78mah	core.signature-checking.multisig.signing-serialization	standard	1	0	accept	3	2	2	2	54510
v7m36k	core.signing-serialization	invalid	0	0	reject	3	1	1	0	29494
v7r6jn	core.data-signatures	standard	1	1	accept	1	1	1	1	27403
v8295l	core.signing-serialization	invalid	0	0	reject	3	1	1	0	29489
v82g2a	core.signature-checking.multisig.m-of-3	invalid	0	0	reject	3	2	0	0	54516
v84g2s	core.signing-serialization	invalid	0	0	reject	1	1	1	0	28506
v8frsu	core.signing-serialization	standard	1	1	accept	4	4	4	4	108415
v8ga3x	core.signing-serialization	standard	1	0	accept	3	1	4	4	29369
v8n6jq	core.signing-serialization	standard	1	1	accept	4	4	4	4	109105
v8w6hz	core.signing-serialization	standard	1	0	accept	3	1	4	4	29393
v8wklw	core.signature-checking.multisig.m-of-3	invalid	0	0	reject	3	2	0	0	54541
v8xvzk	core.signature-checking.multisig.signing-serialization	standard	1	1	accept	3	3	3	3	80523
v98czw	core.data-signatures	standard	1	1	accept	1	1	1	1	27881
v9dn9f	core.signing-serialization	standard	1	1	accept	4	4	4	4	107827
v9ermw	core.signing-serialization	invalid	0	1	reject	4	4	0	0	109820
v9j6tv	core.signature-checking.multisig.m-of-3	invalid	0	0	reject	3	2	0	0	54517
v9kp6e	core.signature-checking.multisig.m-of-3	invalid	0	0	reject	3	2	1	0	54517
va0r0d	core.signing-serialization	standard	1	0	accept	1	1	4	4	28567
va28n9	core.signature-checking.multisig.signing-serialization	standard	1	0	accept	3	2	2	2	54534
va2uj7	core.signing-serialization	standard	1	1	accept	6	6	6	6	161604
vaknhw	core.signing-serialization	invalid	0	0	reject	2	1	0	0	29092
varkmf	core.signing-serialization	standard	1	1	accept	4	4	4	4	109825
vcm2e9	core.signing-serialization	invalid	0	0	reject	3	1	1	0	29369
vcpvar	core.signing-serialization	standard	1	0	accept	1	1	4	4	28495
vd32w0	core.signature-checking.multisig.m-of-20	invalid	0	0	reject	20	2	0	0	56060
vdfdrj	core.signature-checking.multisig.m-of-3	invalid	0	0	reject	3	2	0	0	54523
vdlmzf	core.signing-serialization	standard	1	1	accept	8	8	8	8	214364
vdsmku	core.signature-checking.multisig.signing-serialization	standard	1	0	accept	3	2	2	2	54510
vdw70n	core.signature-checking.multisig.m-of-20	invalid	0	0	reject	20	20	0	0	527101
vdwpup	core.signing-serialization	standard	1	0	accept	3	1	4	4	29489
ve72th	core.data-signatures	standard	1	1	accept	1	1	1	1	29545
ved87x	core.signing-serialization	invalid	0	0	reject	1	1	0	0	28567
vez6c0	core.signature-checking.multisig.m-of-15	invalid	0	0	reject	15	1	1	0	30868
vfpww5	core.signature-checking.multisig.m-of-20	invalid	0	0	reject	20	20	20	0	527091
vfvw7a	core.signature-checking.multisig.signing-serialization	standard	1	0	accept	3	2	2	2	54510
vfxlml	core.signing-serialization	invalid	0	0	reject	1	1	0	0	27877
vfy62g	core.signing-serialization	invalid	0	0	reject	2	1	0	0	29092
vgnapy	core.signing-serialization	standard	1	1	accept	4	4	4	4	108380
vgpd8m	core.signing-serialization	invalid	0	0	reject	7	7	7	0	189180
vgsnqg	core.signing-serialization	standard	1	0	accept	2	1	4	4	29097
vgvznp	core.signature-checking.multisig.signing-serialization	standard	1	1	accept	3	3	3	3	80546
vgyd34	core.signature-checking.multisig.m-of-15	invalid	0	0	reject	15	1	1	0	30892
vhhrlk	core.signing-serialization	standard	1	1	accept	4	4	4	4	108436
vhkref	core.signing-serialization	invalid	0	1	reject	4	4	0	0	108442
vhp0qa	core.signature-checking.multisig.m-of-20	invalid	0	0	reject	20	2	2	0	59080
vhprf6	core.signature-checking.multisig.m-of-20	invalid	0	0	reject	20	8	0	0	221444
vhx75s	core.signing-serialization	standard	1	1	accept	4	4	4	4	108471
vj0zlz	core.signature-checking.multisig.pubkey-validation	standard	1	0	accept	2	1	1	1	27922
vj3r8e	core.signing-serialization	standard	1	0	accept	2	1	4	4	28972
vj7g9a	core.signature-checking.multisig.m-of-3	invalid	0	0	reject	3	3	0	0	80509
vjvpl5	core.signing-serialization	standard	1	1	accept	4	4	4	4	109137
vk64j6	core.signature-checking.multisig.m-of-20	invalid	0	0	reject	20	20	0	0	527101
vk9dev	core.signing-serialization	invalid	0	0	reject	5	5	5	0	136530
vksxxn	core.data-signatures	standard	1	1	accept	1	1	1	1	27488
vkwe83	core.signing-serialization	invalid	0	1	reject	4	4	0	0	108695
vkyx7g	core.signing-serialization	standard	1	1	accept	6	6	6	6	162439
vl4plx	core.data-signatures	standard	1	1	accept	1	1	1	1	27531
vla2d4	core.signing-serialization	standard	1	1	accept	4	4	4	4	109825
vljwvp	core.signing-serialization	invalid	0	0	reject	1	1	0	0	27915
vlnrxe	core.signing-serialization	standard	1	1	accept	6	6	6	6	162663
vlyd05	core.signing-serialization	standard	1	0	accept	3	1	4	4	29526
vmd95s	core.signature-checking.multisig.m-of-3	invalid	0	0	reject	3	2	0	0	54534
vn08l6	core.signing-serialization	standard	1	1	accept	6	6	6	6	161833
vnlcv8	core.signature-checking.multisig.m-of-20	invalid	0	0	reject	20	20	0	0	527101
vnlkur	core.signing-serialization	invalid	0	0	reject	1	1	1	0	28628
vpfk7y	core.signing-serialization	standard	1	1	accept	4	4	4	4	108380
vpgzwr	core.signing-serialization	standard	1	1	accept	6	6	6	6	161833
vpkzev	core.signature-checking.multisig.pubkey-validation	invalid	0	0	reject	2	2	0	0	53921
vpt5qn	core.signature-checking.multisig.m-of-3	invalid	0	0	reject	3	2	1	0	54540
vpy6tc	core.data-signatures	standard	1	1	accept	1	1	1	1	27887
vq8r0x	core.signing-serialization	invalid	0	0	reject	1	1	1	0	28471
vqkwzx	core.signature-checking.multisig.m-of-3	invalid	0	0	reject	3	2	0	0	54541
vqzrmg	core.signing-serialization	standard	1	1	accept	4	4	4	4	109596
vr7wfl	core.signing-serialization	invalid	0	1	reject	4	4	0	0	108436
vra3u7	core.signature-checking.multisig.m-of-3	invalid	0	0	reject	3	2	0	0	54546
vrgey6	core.signing-serialization	invalid	0	0	reject	7	7	7	0	189180
vrhaql	core.signing-serialization	invalid	0	0	reject	1	1	1	0	28572
vrkclp	core.data-signatures	standard	1	1	accept	1	1	1	1	27413
vrlu27	core.signing-serialization	invalid	0	0	reject	5	5	0	0	136522
vs56l6	core.data-signatures	standard	1	1	accept	1	1	1	1	27434
vs6z6p	core.signing-serialization	standard	1	1	accept	4	4	4	4	109825
vscled	core.signing-serialization	standard	1	1	accept	6	6	6	6	161604
vsepfm	core.signing-serialization	invalid	0	0	reject	1	1	1	0	28591
vsmwmz	core.signing-serialization	standard	1	1	accept	6	6	6	6	162724
vsu6ur	core.signature-checking.multisig.m-of-3	invalid	0	0	reject	3	2	0	0	54540
vsytdn	core.signing-serialization	standard	1	1	accept	4	4	4	4	108415
vt6va4	core.signing-serialization	standard	1	1	accept	4	4	4	4	108881
vt8sx2	core.signing-serialization	invalid	0	0	reject	2	1	0	0	29105
vtkjnx	core.signature-checking.multisig.m-of-20	invalid	0	0	reject	20	2	1	0	59104
vu4ja8	core.signing-serialization	standard	1	1	accept	8	8	8	8	215116
vu9vge	core.signing-serialization	standard	1	0	accept	1	1	4	4	28471
vucqf2	core.signing-serialization	invalid	0	0	reject	2	1	0	0	29092
vucqhq	core.data-signatures	standard	1	1	accept	1	1	1	1	27779
vue7yz	core.signature-checking.multisig.m-of-3	invalid	0	0	reject	3	2	1	0	54541
vup4ke	core.signing-serialization	standard	1	1	accept	4	4	4	4	107795
vvcfqr	core.signature-checking.multisig.m-of-3	invalid	0	0	reject	3	2	0	0	54547
vvg850	core.signature-checking.multisig.m-of-20	invalid	0	0	reject	20	2	1	0	59104
vvhl8x	core.signing-serialization	invalid	0	0	reject	7	7	0	0	189180
vvu9t8	core.signing-serialization	invalid	0	0	reject	1	1	1	0	27894
vvxgr7	core.signing-serialization	invalid	0	0	reject	3	1	1	0	29369
vw2n4p	core.signing-serialization	standard	1	1	accept	8	8	8	8	215092
vw4l9f	core.signing-serialization	invalid	0	1	reject	4	4	0	0	109796
vw9j07	core.signature-checking.multisig.pubkey-validation	invalid	0	0	reject	2	2	0	0	53923
vwvmmn	core.signature-checking.multisig.signing-serialization	standard	1	1	accept	3	3	3	3	80522
vwy68l	core.signing-serialization	invalid	0	1	reject	4	4	0	0	109838
vx0mqm	core.signature-checking.multisig.pubkey-validation	standard	1	1	accept	2	2	2	2	53192
vx8cqv	core.benchmarks.signature-checking.p2pkh	standard	1	1	accept	1	1	1	1	27257
vxc387	core.signing-serialization	standard	1	0	accept	3	1	4	4	29470
vxczpx	core.signature-checking.multisig.m-of-3	invalid	0	0	reject	3	2	1	0	54541
vxkcge	core.signature-checking.multisig.m-of-20	invalid	0	0	reject	20	20	0	0	527077
vxpxxj	core.signing-serialization	standard	1	1	accept	4	4	4	4	109572
vxs96q	core.signature-checking.multisig.m-of-3	invalid	0	0	reject	3	2	0	0	54516
vy45tl	core.signing-serialization	standard	1	1	accept	6	6	6	6	162458
vy7mgr	core.signing-serialization	invalid	0	0	reject	5	5	0	0	136517
vyc35n	core.signing-serialization	invalid	0	0	reject	1	1	1	0	27889
vyq0qe	core.signing-serialization	standard	1	0	accept	3	1	4	4	29494
vyr9yl	core.signing-serialization	invalid	0	0	reject	1	1	1	0	28495
vz0f5c	core.signature-checking.multisig.signing-serialization	standard	1	1	accept	3	3	3	3	80546
vz6l99	core.signing-serialization	standard	1	1	accept	4	4	4	4	108436
vzcjun	core.signing-serialization	invalid	0	0	reject	1	1	1	0	27896
vzjp4e	core.signing-serialization	invalid	0	0	reject	2	1	1	0	28996
vzq7gt	core.signature-checking.multisig.signing-serialization	standard	1	0	accept	3	2	2	2	54510
vzqu00	core.signature-checking.multisig.pubkey-validation	invalid	0	0	reject	2	1	0	0	27704
vzrhrm	core.signature-checking.multisig.pubkey-validation	invalid	0	0	reject	2	1	1	0	27929
vzs4lt	core.signature-checking.multisig.m-of-3	invalid	0	0	reject	3	2	0	0	54522
vzvufa	core.benchmarks.signature-checking.bms-ecdsa	standard	1	1	accept	3	3	3	3	79292
vzww45	core.signature-checking.multisig.m-of-20	invalid	0	0	reject	20	2	1	0	59118
vzyeeg	core.signature-checking.multisig.signing-serialization	standard	1	0	accept	3	2	2	2	54510
w07el7	core.signing-serialization	invalid	0	0	reject	7	7	7	0	189185
w09j5w	core.signing-serialization	invalid	0	0	reject	1	1	0	0	28578
w09rcv	core.signing-serialization	invalid	0	0	reject	3	1	1	0	29465
w0x57n	core.signing-serialization	invalid	0	0	reject	2	1	0	0	29068
w0y48a	core.signature-checking.multisig.pubkey-validation	standard	1	0	accept	2	1	1	1	27698
w2d02f	core.signing-serialization	invalid	0	0	reject	1	1	1	0	28471
w2uwj5	core.signing-serialization	standard	1	1	accept	6	6	6	6	161828
w32esg	core.signing-serialization	standard	1	0	accept	2	1	4	4	29092
w34klj	core.signing-serialization	standard	1	0	accept	1	1	4	4	28495
w360k8	core.signing-serialization	standard	1	1	accept	4	4	4	4	108404
w36djv	core.signing-serialization	invalid	0	0	reject	7	7	7	0	188927
w3ckp5	core.data-signatures	standard	1	1	accept	1	1	1	1	27508
w3df0r	core.signing-serialization	invalid	0	0	reject	3	1	1	0	29470
w3hsga	core.signing-serialization	invalid	0	0	reject	3	1	0	0	29526
w3l0md	core.signature-checking.multisig.pubkey-validation	invalid	0	0	reject	2	1	0	0	27955
w47cla	core.signature-checking.multisig.pubkey-validation	invalid	0	0	reject	2	2	0	0	53945
w4clgv	core.signing-serialization	standard	1	1	accept	8	8	8	8	215316
w4cn8u	core.signature-checking.multisig.m-of-3	invalid	0	0	reject	3	2	1	0	54547
w4mpxu	core.signing-serialization	standard	1	1	accept	4	4	4	4	108447
w4w0hc	core.signing-serialization	invalid	0	0	reject	5	5	5	0	136298
w5dqwz	core.signing-serialization	standard	1	1	accept	4	4	4	4	109105
w5w0v2	core.signing-serialization	invalid	0	0	reject	1	1	0	0	28641
w5y6n5	core.signing-serialization	standard	1	1	accept	4	4	4	4	107797
w6n99s	core.signing-serialization	standard	1	1	accept	4	4	4	4	108876
w6x8qs	core.signature-checking.multisig.m-of-3	invalid	0	0	reject	3	2	1	0	54540
w749vn	core.signing-serialization	standard	1	1	accept	4	4	4	4	107790
w75m6m	core.data-signatures	standard	1	1	accept	1	1	1	1	26872
w7c47y	core.signature-checking.multisig.m-of-20	invalid	0	0	reject	20	2	0	0	56036
w7ezgc	core.signature-checking.multisig.signing-serialization	standard	1	1	accept	3	3	3	3	79784
w7ul7y	core.signature-checking.multisig.signing-serialization	standard	1	1	accept	3	3	3	3	79784
w8973a	core.signing-serialization	standard	1	1	accept	6	6	6	6	161609
w89eqt	core.signing-serialization	standard	1	1	accept	4	4	4	4	108452
w8d8wt	core.signature-checking.multisig.m-of-20	invalid	0	0	reject	20	2	1	0	56036
w95slv	core.signature-checking.multisig.m-of-20	invalid	0	0	reject	20	20	20	0	527115
w9afnf	core.signing-serialization	invalid	0	0	reject	1	1	1	0	28014
w9reug	core.signing-serialization	standard	1	0	accept	2	1	4	4	28972
w9vp3p	core.data-signatures	standard	1	1	accept	1	1	1	1	27499
wa07kh	core.signing-serialization	standard	1	1	accept	4	4	4	4	107790
waeyjq	core.signature-checking.multisig.signing-serialization	standard	1	1	accept	3	3	3	3	80523
waxpgq	core.signature-checking.multisig.m-of-20	invalid	0	0	reject	20	2	1	0	59118
wcfsz7	core.signature-checking.multisig.signing-serialization	standard	1	0	accept	3	2	2	2	54510
wck0pj	core.signing-serialization	invalid	0	0	reject	2	1	0	0	29068
wcxl58	core.signing-serialization	invalid	0	0	reject	7	7	7	0	188927
wd3tgd	core.signing-serialization	invalid	0	1	reject	8	8	0	0	214354
wd9gpp	core.signing-serialization	invalid	0	1	reject	4	4	0	0	108412
wdchcf	core.signing-serialization	invalid	0	0	reject	1	1	1	0	27918
wdjw3c	core.signing-serialization	standard	1	1	accept	8	8	8	8	214130
wdsgra	core.signing-serialization	standard	1	0	accept	3	1	4	4	29369
wduaq2	core.signing-serialization	invalid	0	0	reject	1	1	1	0	28471
weexws	core.signature-checking.multisig.m-of-3	invalid	0	0	reject	3	2	0	0	54517
wet3n5	core.signing-serialization	standard	1	1	accept	4	4	4	4	108476
wgaf53	core.signing-serialization	standard	1	0	accept	3	1	4	4	29470
wggtfn	core.signature-checking.multisig.m-of-20	invalid	0	0	reject	20	2	1	0	59118
wgn3d8	core.signing-serialization	invalid	0	0	reject	5	5	5	0	136274
wgne9p	core.signing-serialization	invalid	0	0	reject	1	1	1	0	28591
wgpmyw	core.signing-serialization	invalid	0	0	reject	5	5	5	0	136493
wh23he	core.signature-checking.multisig.m-of-3	invalid	0	0	reject	3	2	0	0	54517
wh9lkf	core.signature-checking.multisig.signing-serialization	standard	1	1	accept	3	3	3	3	80547
whqvhe	core.signing-serialization	standard	1	1	accept	8	8	8	8	214359
whr82n	core.signing-serialization	invalid	0	1	reject	4	4	0	0	108695
whyf7d	core.data-signatures	standard	1	1	accept	1	1	1	1	27392
wj6asp	core.signing-serialization	invalid	0	0	reject	1	1	1	0	27869
wj9lvv	core.signature-checking.multisig.signing-serialization	standard	1	1	accept	3	3	3	3	80522
wjqpz3	core.signing-serialization	invalid	0	1	reject	4	4	0	0	108671
wjxm02	core.signing-serialization	invalid	0	0	reject	1	1	1	0	28484
wk3dfe	core.signing-serialization	invalid	0	0	reject	2	1	1	0	29105
wk6emz	core.signing-serialization	standard	1	1	accept	4	4	4	4	109105
wk6t8m	core.signing-serialization	invalid	0	0	reject	1	1	1	0	28596
wk96f4	core.signing-serialization	invalid	0	0	reject	1	1	0	0	28591
wkklzu	core.signing-serialization	invalid	0	1	reject	4	4	0	0	109820
wkn2vm	core.signing-serialization	invalid	0	1	reject	6	6	0	0	162663
wkpvxf	core.signature-checking.multisig.m-of-20	invalid	0	0	reject	20	20	0	0	524876
wkqvhz	core.data-signatures	standard	1	1	accept	1	1	1	1	27403
wkuqfk	core.signature-checking.multisig.m-of-20	invalid	0	0	reject	20	2	1	0	59104
wl6a8x	core.signing-serialization	standard	1	1	accept	6	6	6	6	162439
wl73dz	core.signing-serialization	standard	1	0	accept	1	1	4	4	28495
wl7nfa	core.signing-serialization	standard	1	1	accept	4	4	4	4	108434
wl9hhh	core.signing-serialization	invalid	0	0	reject	7	7	0	0	189151
wldqkp	core.signing-serialization	standard	1	0	accept	2	1	4	4	29068
wlexfq	core.signature-checking.multisig.m-of-3	invalid	0	0	reject	3	2	1	0	54524
wlgmkz	core.signing-serialization	standard	1	0	accept	2	1	4	4	28972
wm3tmj	core.signing-serialization	standard	1	1	accept	8	8	8	8	214359
wmgkmm	core.signing-serialization	invalid	0	0	reject	3	1	0	0	29465
wmrg8z	core.signature-checking.multisig.m-of-3	invalid	0	0	reject	3	1	1	0	28032
wms554	core.data-signatures	standard	1	1	accept	1	1	1	1	26902
wn74hn	core.signing-serialization	invalid	0	0	reject	7	7	7	0	189217
wn9dc3	core.data-signatures	standard	1	1	accept	1	1	1	1	27430
wnhfp2	core.signature-checking.multisig.m-of-3	invalid	0	0	reject	3	2	0	0	54517
wntdxc	core.signature-checking.multisig.signing-serialization	standard	1	1	accept	3	3	3	3	79783
wnwp7s	core.data-signatures	standard	1	1	accept	1	1	1	1	26824
wp7t8j	core.signing-serialization	invalid	0	0	reject	3	1	1	0	29470
wpey5s	core.signing-serialization	invalid	0	1	reject	6	6	0	0	162663
wq6cje	core.data-signatures	standard	1	1	accept	1	1	1	1	27427
wq6jvg	core.signing-serialization	invalid	0	0	reject	1	1	1	0	28578
wqfxwv	core.signing-serialization	standard	1	0	accept	3	1	4	4	29393
wqtz5a	core.signing-serialization	invalid	0	0	reject	2	1	0	0	29092
wqu5fe	core.signing-serialization	standard	1	1	accept	8	8	8	8	215377
wqy7k5	core.signature-checking.multisig.m-of-15	invalid	0	0	reject	15	1	1	0	30886
wr7euv	core.signature-checking.multisig.m-of-15	standard	1	0	accept	15	1	1	1	30886
wrcqcl	core.signing-serialization	invalid	0	0	reject	1	1	0	0	27913
wrlghv	core.signature-checking.multisig.m-of-15	standard	1	1	accept	15	15	15	15	394890
wrrhfw	core.signing-serialization	standard	1	1	accept	8	8	8	8	214130
ws5lcj	core.signature-checking.multisig.signing-serialization	standard	1	1	accept	3	3	3	3	80545
ws6yvf	core.signing-serialization	invalid	0	0	reject	5	5	5	0	136298
wskj6u	core.signing-serialization	invalid	0	0	reject	5	5	5	0	136535
wstd8l	core.signing-serialization	standard	1	1	accept	4	4	4	4	107790
wt6rd3	core.signature-checking.multisig.signing-serialization	standard	1	1	accept	3	3	3	3	80522
wtka4x	core.signing-serialization	standard	1	0	accept	1	1	4	4	28591
wtl55k	core.signature-checking.multisig.pubkey-validation	standard	1	1	accept	2	2	2	2	53800
wtnma5	core.signing-serialization	invalid	0	0	reject	5	5	5	0	136522
wtsysk	core.signing-serialization	invalid	0	0	reject	1	1	1	0	27857
wttvmu	core.data-signatures	standard	1	1	accept	1	1	1	1	27545
wv6vu5	core.signature-checking.multisig.m-of-20	invalid	0	0	reject	20	2	1	0	59080
wv9xsg	core.signing-serialization	invalid	0	1	reject	8	8	0	0	214354
wvdpfa	core.signing-serialization	invalid	0	0	reject	7	7	7	0	188951
wvphmc	core.signature-checking.multisig.m-of-15	invalid	0	0	reject	15	1	0	0	30868
wvytds	core.signing-serialization	invalid	0	0	reject	7	7	7	0	188956
wwju2y	core.signing-serialization	standard	1	1	accept	4	4	4	4	107832
wwnp3x	core.signature-checking.multisig.signing-serialization	standard	1	0	accept	3	2	2	2	54534
wwvzud	core.signing-serialization	standard	1	1	accept	8	8	8	8	215321
www37t	core.data-signatures	standard	1	1	accept	1	1	1	1	26875
wwwk99	core.signature-checking.multisig.signing-serialization	standard	1	0	accept	3	2	2	2	54510
wx7uyz	core.signing-serialization	invalid	0	0	reject	1	1	1	0	28482
wxd7kp	core.signing-serialization	standard	1	0	accept	3	1	4	4	29369
wxgeul	core.signing-serialization	invalid	0	0	reject	2	1	1	0	29092
wxm8kd	core.signing-serialization	invalid	0	0	reject	5	5	5	0	136527
wxnvnk	core.signing-serialization	standard	1	1	accept	4	4	4	4	107827
wxtpcj	core.signature-checking.multisig.m-of-20	invalid	0	0	reject	20	9	1	0	248566
wy0m4t	core.signing-serialization	standard	1	1	accept	4	4	4	4	109596
wy8tvz	core.signing-serialization	standard	1	1	accept	4	4	4	4	109820
wywgp8	core.signing-serialization	standard	1	0	accept	1	1	4	4	28591
wz6n5u	core.signing-serialization	standard	1	1	accept	4	4	4	4	108466
wzjz3g	core.signing-serialization	invalid	0	0	reject	1	1	1	0	27859
wzq36n	core.signature-checking.multisig.m-of-15	invalid	0	0	reject	15	1	1	0	30868
x0x4sc	core.signing-serialization	standard	1	1	accept	4	4	4	4	109801
x0xhqk	core.signing-serialization	standard	1	0	accept	2	1	4	4	28972
x0zlfw	core.signature-checking.multisig.signing-serialization	standard	1	0	accept	3	2	2	2	54534
x22mr5	core.signing-serialization	standard	1	0	accept	2	1	4	4	28996
x2tv8s	core.signature-checking.multisig.signing-serialization	standard	1	1	accept	3	3	3	3	80547
x2uzh6	core.signing-serialization	standard	1	1	accept	6	6	6	6	162687
x2z0mx	core.signing-serialization	standard	1	1	accept	6	6	6	6	161828
x39ve5	core.signing-serialization	standard	1	1	accept	4	4	4	4	108881
x3wwvt	core.signature-checking.multisig.pubkey-validation	invalid	0	0	reject	2	2	0	0	53930
x425lz	core.signature-checking.multisig.signing-serialization	standard	1	1	accept	3	3	3	3	80545
x4atfj	core.signature-checking.multisig.m-of-3	invalid	0	0	reject	3	2	0	0	54541
x4pdd9	core.signing-serialization	invalid	0	0	reject	3	1	0	0	29465
x4rpcc	core.signing-serialization	invalid	0	0	reject	1	1	1	0	27883
x4rxmm	core.data-signatures	standard	1	1	accept	1	1	1	1	27488
x590rj	core.signing-serialization	invalid	0	0	reject	1	1	0	0	27990
x59kez	core.signing-serialization	invalid	0	0	reject	1	1	1	0	28596
x5hexh	core.signing-serialization	standard	1	0	accept	1	1	4	4	28471
x5p2j8	core.signature-checking.multisig.m-of-3	invalid	0	0	reject	3	2	0	0	54540
x5sj6e	core.signature-checking.multisig.m-of-15	invalid	0	0	reject	15	1	1	0	30862
x5tj25	core.signing-serialization	standard	1	0	accept	2	1	4	4	29073
x5yzjr	core.signature-checking.multisig.signing-serialization	standard	1	0	accept	3	2	2	2	54510
x63h4x	core.signing-serialization	standard	1	1	accept	8	8	8	8	215121
x6kh0e	core.signing-serialization	standard	1	0	accept	1	1	4	4	28591
x6uqs6	core.signature-checking.multisig.signing-serialization	standard	1	0	accept	3	2	2	2	54534
x6x0nd	core.signing-serialization	invalid	0	0	reject	1	1	1	0	27877
x79m6d	core.signature-checking.multisig.signing-serialization	standard	1	1	accept	3	3	3	3	80522
x7s4nw	core.signing-serialization	standard	1	1	accept	4	4	4	4	109825
x7t6ut	core.signing-serialization	invalid	0	1	reject	4	4	0	0	108665
x7tjlf	core.signing-serialization	invalid	0	1	reject	6	6	0	0	161833
x7yltf	core.signing-serialization	standard	1	0	accept	1	1	4	4	28591
x7zyje	core.signature-checking.multisig.m-of-20	invalid	0	0	reject	20	20	0	0	524852
x80g6c	core.signing-serialization	invalid	0	0	reject	2	1	0	0	29092
x8pr46	core.signing-serialization	standard	1	1	accept	8	8	8	8	215092
x8rcc8	core.signature-checking.multisig.m-of-3	invalid	0	0	reject	3	2	0	0	54517
x8vpqq	core.signing-serialization	invalid	0	1	reject	6	6	0	0	161833
x8vuwr	core.signing-serialization	invalid	0	0	reject	7	7	7	0	188956
x98kfk	core.signature-checking.multisig.signing-serialization	standard	1	1	accept	3	3	3	3	79785
x9lp4s	core.signature-checking.multisig.m-of-20	invalid	0	0	reject	20	20	0	0	527077
x9nmjy	core.signing-serialization	standard	1	1	accept	8	8	8	8	214391
x9ys3f	core.signature-checking.multisig.m-of-3	standard	1	1	accept	3	3	3	3	80054
xa6zpa	core.signing-serialization	invalid	0	1	reject	8	8	0	0	215345
xade5w	core.signature-checking.multisig.m-of-3	invalid	0	0	reject	3	2	0	0	54534
xafwts	core.signing-serialization	invalid	0	0	reject	1	1	1	0	28482
xakr7h	core.signature-checking.multisig.m-of-20	standard	1	0	accept	20	2	2	2	59080
xal0fd	core.signature-checking.multisig.m-of-3	invalid	0	0	reject	3	2	0	0	54517
xap4ck	core.signature-checking.multisig.m-of-3	invalid	0	0	reject	3	3	0	0	80540
xaw9xn	core.signature-checking.multisig.m-of-20	invalid	0	0	reject	20	2	1	0	59094
xcfanr	core.signature-checking.multisig.m-of-15	standard	1	0	accept	15	1	1	1	30862
xcm5pa	core.signing-serialization	invalid	0	0	reject	1	1	1	0	27859
xd28hj	core.signing-serialization	standard	1	0	accept	3	1	4	4	29465
xd4sju	core.signature-checking.multisig.signing-serialization	standard	1	0	accept	3	2	2	2	54510
xd684m	core.signature-checking.multisig.signing-serialization	standard	1	0	accept	3	2	2	2	54510
xdet0n	core.data-signatures	standard	1	1	accept	1	1	1	1	26785
xdk49t	core.signature-checking.multisig.m-of-20	invalid	0	0	reject	20	2	1	0	59104
xe35je	core.signature-checking.multisig.signing-serialization	standard	1	1	accept	3	3	3	3	80546
xe5t58	core.signature-checking.multisig.m-of-15	standard	1	0	accept	15	1	1	1	30862
xed8n0	core.signature-checking.multisig.m-of-3	invalid	0	0	reject	3	2	0	0	54540
xeq2hp	core.signature-checking.multisig.m-of-3	invalid	0	0	reject	3	2	1	0	54541
xew3eh	core.signing-serialization	standard	1	1	accept	4	4	4	4	108412
xezld5	core.signing-serialization	invalid	0	0	reject	1	1	0	0	28628
xf0nlg	core.signing-serialization	invalid	0	0	reject	7	7	0	0	189156
xf3ptg	core.signature-checking.multisig.m-of-15	nonstandard	1	1	accept	0	0	0	0	2698
xfgu06	core.signature-checking.multisig.m-of-3	invalid	0	0	reject	3	2	1	0	54516
xfy36k	core.signature-checking.multisig.signing-serialization	standard	1	0	accept	3	2	2	2	54534
xfz5j2	core.data-signatures	standard	1	1	accept	1	1	1	1	27818
xg0zd6	core.data-signatures	standard	1	1	accept	1	1	1	1	27527
xg5700	core.signature-checking.multisig.m-of-3	invalid	0	0	reject	3	3	0	0	80533
xgpge3	core.signature-checking.multisig.m-of-20	invalid	0	0	reject	20	20	0	0	527077
xh3aef	core.signature-checking.multisig.signing-serialization	standard	1	0	accept	3	2	2	2	54534
xhv865	core.signing-serialization	invalid	0	0	reject	1	1	1	0	28591
xj8hkh	core.signing-serialization	standard	1	0	accept	2	1	4	4	28972
xjglx8	core.signature-checking.multisig.m-of-3	invalid	0	0	reject	3	2	0	0	54510
xjl2vg	core.signing-serialization	invalid	0	0	reject	5	5	5	0	136293
xjlevx	core.signature-checking.multisig.m-of-3	invalid	0	0	reject	3	2	1	0	54517
xju8wx	core.signing-serialization	standard	1	0	accept	1	1	4	4	28495
xjz49d	core.signature-checking.multisig.m-of-20	invalid	0	0	reject	20	20	0	0	534504
xk53jz	core.signing-serialization	standard	1	1	accept	6	6	6	6	162434
xk5x92	core.signing-serialization	invalid	0	1	reject	4	4	0	0	107792
xkdvfj	core.signing-serialization	standard	1	1	accept	4	4	4	4	108471
xkuupk	core.signing-serialization	invalid	0	0	reject	3	1	1	0	29489
xl20zu	core.signing-serialization	invalid	0	0	reject	2	1	0	0	29105
xl3qxv	core.data-signatures	standard	1	1	accept	1	1	1	1	27542
xl9guv	core.signature-checking.multisig.signing-serialization	standard	1	1	accept	3	3	3	3	80523
xlleqz	core.signing-serialization	standard	1	1	accept	4	4	4	4	108876
xlzq7d	core.signing-serialization	standard	1	1	accept	4	4	4	4	107792
xm8eka	core.signing-serialization	standard	1	1	accept	4	4	4	4	108412
xmem50	core.signing-serialization	invalid	0	0	reject	2	1	0	0	29092
xmg35s	core.signature-checking.multisig.m-of-3	invalid	0	0	reject	3	2	1	0	54523
xmvka6	core.signing-serialization	invalid	0	1	reject	4	4	0	0	107827
xmvw5s	core.signature-checking.multisig.m-of-3	invalid	0	0	reject	3	2	1	0	54534
xn07g9	core.signing-serialization	invalid	0	0	reject	7	7	0	0	189175
xn3egw	core.signing-serialization	standard	1	1	accept	8	8	8	8	215345
xnaeuj	core.signing-serialization	invalid	0	0	reject	1	1	1	0	27859
xnrl33	core.signature-checking.multisig.m-of-20	invalid	0	0	reject	20	2	1	0	59104
xpcafh	core.signature-checking.multisig.m-of-3	invalid	0	0	reject	3	3	3	0	80515
xpckm0	core.signing-serialization	invalid	0	0	reject	1	1	1	0	28495
xpjepz	core.data-signatures	standard	1	1	accept	1	1	1	1	26909
xpxlyp	core.signing-serialization	standard	1	1	accept	4	4	4	4	108441
xq39ef	core.signing-serialization	standard	1	1	accept	4	4	4	4	107760
xq7ulx	core.signing-serialization	invalid	0	1	reject	4	4	0	0	109142
xq8lnd	core.signing-serialization	standard	1	0	accept	2	1	4	4	29092
xqwkgp	core.signature-checking.multisig.signing-serialization	standard	1	0	accept	3	2	2	2	54534
xr78v3	core.signing-serialization	standard	1	1	accept	4	4	4	4	109596
xrp58x	core.signing-serialization	standard	1	1	accept	4	4	4	4	108412
xrurg7	core.signing-serialization	invalid	0	0	reject	7	7	7	0	188927
xrwq9u	core.signing-serialization	standard	1	0	accept	2	1	4	4	29092
xsemz3	core.signing-serialization	standard	1	1	accept	4	4	4	4	107827
xsglne	core.signature-checking.multisig.m-of-3	invalid	0	0	reject	3	2	2	0	54510
xsl3dy	core.data-signatures	standard	1	1	accept	1	1	1	1	27419
xsml99	core.signing-serialization	invalid	0	0	reject	1	1	1	0	27857
xstxre	core.signing-serialization	standard	1	1	accept	6	6	6	6	162682
xswmqf	core.signature-checking.multisig.signing-serialization	standard	1	1	accept	3	3	3	3	80522
xsxvln	core.signature-checking.multisig.signing-serialization	standard	1	1	accept	3	3	3	3	80547
xtcs6t	core.signature-checking.multisig.pubkey-validation	invalid	0	0	reject	2	1	1	0	27818
xthlna	core.data-signatures	standard	1	1	accept	1	1	1	1	27883
xu07l7	core.signature-checking.multisig.m-of-3	invalid	0	0	reject	3	2	0	0	54548
xu5f52	core.signing-serialization	invalid	0	0	reject	1	1	1	0	28607
xu9exl	core.signing-serialization	invalid	0	1	reject	6	6	0	0	161833
xucym2	core.signing-serialization	standard	1	0	accept	3	1	4	4	29489
xutusd	core.data-signatures	standard	1	1	accept	1	1	1	1	26922
xuxr6e	core.benchmarks.signature-checking.bms-ecdsa	standard	1	1	accept	3	3	3	3	79292
xva7n9	core.signing-serialization	standard	1	1	accept	4	4	4	4	108404
xvm389	core.signature-checking.multisig.m-of-20	invalid	0	0	reject	20	2	1	0	59104
xvqphx	core.signing-serialization	standard	1	0	accept	3	1	4	4	29369
xwgyrq	core.signature-checking.multisig.signing-serialization	standard	1	1	accept	3	3	3	3	79785
xwhesh	core.signing-serialization	invalid	0	0	reject	1	1	1	0	27845
xwu68d	core.signature-checking.multisig.m-of-3	invalid	0	0	reject	3	3	0	0	80516
xxkdlf	core.signing-serialization	invalid	0	0	reject	1	1	1	0	28604
xxpnyz	core.signing-serialization	standard	1	0	accept	3	1	4	4	29502
xy0nzn	core.signing-serialization	invalid	0	0	reject	1	1	1	0	28471
xy6yn2	core.signing-serialization	standard	1	0	accept	2	1	4	4	29068
xygsqx	core.signing-serialization	standard	1	1	accept	4	4	4	4	109596
xymwyk	core.signing-serialization	standard	1	0	accept	1	1	4	4	28596
xyvup4	core.data-signatures	standard	1	1	accept	1	1	1	1	27414
xz07fg	core.signature-checking.multisig.m-of-20	invalid	0	0	reject	20	2	1	0	59080
xz32lv	core.signing-serialization	invalid	0	0	reject	1	1	0	0	28591
xz8jry	core.signature-checking.multisig.signing-serialization	standard	1	0	accept	3	2	2	2	54534
xz9nfq	core.signing-serialization	standard	1	1	accept	4	4	4	4	107790
xzyx2m	core.signing-serialization	invalid	0	0	reject	3	1	1	0	29465
y025j6	core.signature-checking.multisig.m-of-20	invalid	0	0	reject	20	2	2	0	59104
y06spu	core.signing-serialization	invalid	0	0	reject	1	1	1	0	27889
y0ffh3	core.signing-serialization	invalid	0	0	reject	5	5	5	0	136298
y0hy5j	core.signature-checking.multisig.signing-serialization	standard	1	1	accept	3	3	3	3	79784
y0k55z	core.signature-checking.multisig.signing-serialization	standard	1	0	accept	3	2	2	2	54534
y2ahgu	core.signing-serialization	invalid	0	0	reject	1	1	1	0	28495
y2egj8	core.signature-checking.multisig.signing-serialization	standard	1	1	accept	3	3	3	3	80522
y33ljs	core.signature-checking.multisig.signing-serialization	standard	1	1	accept	3	3	3	3	80521
y368d5	core.signing-serialization	invalid	0	0	reject	1	1	0	0	28014
y3arxs	core.data-signatures	standard	1	1	accept	1	1	1	1	27706
y3q6pg	core.signing-serialization	standard	1	0	accept	2	1	4	4	29068
y3uy2n	core.signature-checking.multisig.signing-serialization	standard	1	0	accept	3	2	2	2	54534
y3x3c7	core.signature-checking.multisig.m-of-20	invalid	0	0	reject	20	2	1	0	59094
y42kve	core.data-signatures	standard	1	1	accept	1	1	1	1	26990
y4qzgq	core.data-signatures	standard	1	1	accept	1	1	1	1	27450
y4rd94	core.signing-serialization	standard	1	0	accept	1	1	4	4	28567
y4twql	core.signing-serialization	standard	1	1	accept	6	6	6	6	162439
y54sx8	core.signing-serialization	invalid	0	0	reject	1	1	1	0	28484
y57nxf	core.signing-serialization	invalid	0	1	reject	4	4	0	0	109100
y5964m	core.signature-checking.multisig.m-of-20	invalid	0	0	reject	20	20	20	0	527091
y59y4q	core.signing-serialization	invalid	0	0	reject	1	1	0	0	27901
y5aaql	core.signing-serialization	invalid	0	0	reject	3	1	1	0	29393
y5aplq	core.signature-checking.multisig.m-of-3	invalid	0	0	reject	3	2	1	0	54517
y5kqmq	core.data-signatures	standard	1	1	accept	1	1	1	1	28417
y5kr47	core.signing-serialization	invalid	0	0	reject	7	7	7	0	189175
y6ax9f	core.signature-checking.multisig.m-of-3	invalid	0	0	reject	3	2	1	0	54547
y6s8x8	core.data-signatures	standard	1	1	accept	1	1	1	1	29457
y7x9qc	core.signing-serialization	invalid	0	0	reject	7	7	7	0	189156
y8l7r6	core.signature-checking.multisig.m-of-3	invalid	0	0	reject	3	2	2	0	54534
y987wt	core.signature-checking.multisig.m-of-15	invalid	0	0	reject	15	1	0	0	30886
y9cxcj	core.signing-serialization	invalid	0	0	reject	1	1	1	0	28602
y9u6la	core.signing-serialization	invalid	0	0	reject	1	1	1	0	27869
y9zcpm	core.signature-checking.multisig.signing-serialization	standard	1	0	accept	3	2	2	2	54510
ya3sg7	core.signing-serialization	invalid	0	0	reject	2	1	1	0	28996
ya49hn	core.signing-serialization	invalid	0	0	reject	7	7	7	0	188932
yadhuc	core.signing-serialization	invalid	0	0	reject	3	1	0	0	29489
yaulqp	core.signature-checking.multisig.m-of-3	invalid	0	0	reject	3	2	1	0	54547
yavvvr	core.signing-serialization	standard	1	1	accept	4	4	4	4	109601
yceffa	core.signature-checking.multisig.m-of-3	invalid	0	0	reject	3	3	0	0	80516
ycfmqj	core.data-signatures	standard	1	1	accept	1	1	1	1	27492
ycl2h4	core.signing-serialization	invalid	0	1	reject	4	4	0	0	108412
ycstnl	core.signing-serialization	invalid	0	1	reject	8	8	0	0	215316
ycx8n6	core.signing-serialization	standard	1	1	accept	4	4	4	4	109825
yd8zp6	core.signature-checking.multisig.m-of-3	invalid	0	0	reject	3	2	1	0	54517
ydphxk	core.signature-checking.multisig.m-of-3	invalid	0	0	reject	3	2	1	0	54541
ydqvqt	core.signature-checking.multisig.pubkey-validation	invalid	0	0	reject	2	1	1	0	27928
ydvxlc	core.signing-serialization	invalid	0	0	reject	1	1	1	0	27857
yeawnv	core.signature-checking.multisig.m-of-3	invalid	0	0	reject	3	2	0	0	54517
yekwfn	core.signing-serialization	standard	1	1	accept	8	8	8	8	215092
yeqv20	core.signing-serialization	invalid	0	1	reject	4	4	0	0	107792
yfegw4	core.signature-checking.multisig.m-of-3	invalid	0	0	reject	3	2	0	0	54547
yfpw6t	core.data-signatures	standard	1	1	accept	1	1	1	1	27395
yg0s56	core.signing-serialization	standard	1	1	accept	4	4	4	4	109801
yg5er0	core.signing-serialization	invalid	0	0	reject	5	5	0	0	136498
ygwhv5	core.signature-checking.multisig.m-of-3	invalid	0	0	reject	3	2	0	0	54510
ygxnjm	core.signing-serialization	invalid	0	1	reject	4	4	0	0	107822
yhh7jv	core.signature-checking.multisig.m-of-3	invalid	0	0	reject	3	2	0	0	54510
yj5gun	core.signing-serialization	standard	1	1	accept	8	8	8	8	214135
yjdwgv	core.signing-serialization	invalid	0	0	reject	1	1	1	0	28484
yjhx2n	core.signature-checking.multisig.m-of-20	invalid	0	0	reject	20	2	1	0	59080
yjjah0	core.signature-checking.multisig.signing-serialization	standard	1	1	accept	3	3	3	3	80522
yjm3zl	core.data-signatures	standard	1	1	accept	1	1	1	1	27493
yjq2kx	core.signing-serialization	invalid	0	0	reject	1	1	1	0	27869
yk5eak	core.data-signatures	standard	1	1	accept	1	1	1	1	27538
ykkxm5	core.signing-serialization	invalid	0	0	reject	2	1	0	0	29105
ykly68	core.signature-checking.multisig.m-of-3	invalid	0	0	reject	3	3	0	0	80539
yksmtk	core.signing-serialization	invalid	0	0	reject	3	1	1	0	29489
ykw0p0	core.signature-checking.multisig.m-of-3	invalid	0	0	reject	3	2	1	0	54517
ykxvtt	core.data-signatures	standard	1	1	accept	1	1	1	1	26811
ykykj0	core.signing-serialization	standard	1	0	accept	1	1	4	4	28604
ykzss9	core.signature-checking.multisig.pubkey-validation	invalid	0	0	reject	2	2	0	0	53697
yl3w7j	core.signing-serialization	standard	1	1	accept	4	4	4	4	108881
ylgjer	core.signing-serialization	invalid	0	0	reject	3	1	0	0	29465
ylpmax	core.signing-serialization	standard	1	0	accept	2	1	4	4	29097
ylwj63	core.signing-serialization	invalid	0	0	reject	7	7	7	0	189193
ym9uql	core.signature-checking.multisig.m-of-3	invalid	0	0	reject	3	2	0	0	54541
yma5sa	core.signing-serialization	invalid	0	0	reject	2	1	1	0	29092
ymehsy	core.signing-serialization	invalid	0	0	reject	1	1	1	0	27857
ymgw4a	core.signing-serialization	standard	1	1	accept	4	4	4	4	107792
ymhef8	core.signing-serialization	invalid	0	1	reject	6	6	0	0	162682
ymm6da	core.signature-checking.multisig.signing-serialization	standard	1	1	accept	3	3	3	3	79783
ynlttv	core.signature-checking.multisig.m-of-3	invalid	0	0	reject	3	2	0	0	54517
ynrqvq	core.signing-serialization	standard	1	1	accept	2	2	2	2	54674
ynzwvc	core.data-signatures	standard	1	1	accept	1	1	1	1	29419
ypv828	core.signature-checking.multisig.m-of-20	invalid	0	0	reject	20	2	1	0	59104
ypw4qs	core.data-signatures	standard	1	1	accept	1	1	1	1	26812
ypyslp	core.signing-serialization	invalid	0	0	reject	1	1	1	0	28508
yq0mc3	core.signature-checking.multisig.signing-serialization	standard	1	0	accept	3	2	2	2	54534
yq4232	core.signature-checking.multisig.pubkey-validation	invalid	0	0	reject	2	1	1	0	27953
yqehvw	core.signing-serialization	standard	1	1	accept	4	4	4	4	108380
yqyvcc	core.signing-serialization	invalid	0	0	reject	7	7	7	0	189175
yr63d0	core.signing-serialization	invalid	0	0	reject	7	7	7	0	189185
yrhjma	core.signature-checking.multisig.signing-serialization	standard	1	0	accept	3	2	2	2	54534
yrk98d	core.signing-serialization	invalid	0	0	reject	1	1	1	0	27901
yrruj2	core.signing-serialization	standard	1	1	accept	8	8	8	8	214130
yrzauj	core.signing-serialization	standard	1	1	accept	4	4	4	4	108404
ys65q8	core.signature-checking.multisig.m-of-3	invalid	0	0	reject	3	2	0	0	54517
ysa8sd	core.signing-serialization	standard	1	1	accept	4	4	4	4	108876
ysawg9	core.signing-serialization	standard	1	0	accept	3	1	4	4	29393
yslyax	core.signature-checking.multisig.m-of-15	invalid	0	0	reject	15	1	0	0	30892
ysmrdy	core.signature-checking.multisig.signing-serialization	standard	1	1	accept	3	3	3	3	79783
yst5a4	core.signing-serialization	standard	1	1	accept	6	6	6	6	161604
ysxtk3	core.signing-serialization	invalid	0	0	reject	1	1	1	0	28591
yt49g4	core.data-signatures	standard	1	1	accept	1	1	1	1	27425
yt6kvl	core.signature-checking.multisig.m-of-20	standard	1	0	accept	20	9	9	9	248507
yt866p	core.signing-serialization	standard	1	1	accept	8	8	8	8	214130
yt9qjz	core.signature-checking.multisig.pubkey-validation	standard	1	1	accept	2	2	2	2	53927
ytlpc4	core.signing-serialization	invalid	0	0	reject	7	7	7	0	189180
ytphln	core.signature-checking.multisig.m-of-3	invalid	0	0	reject	3	1	1	0	28055
ytr5a6	core.signature-checking.multisig.m-of-3	invalid	0	0	reject	3	2	0	0	54541
ytv4l8	core.signing-serialization	standard	1	1	accept	8	8	8	8	215326
yu87wy	core.signing-serialization	invalid	0	1	reject	8	8	0	0	214354
yuk7m8	core.data-signatures	standard	1	1	accept	1	1	1	1	27485
yul05y	core.signing-serialization	invalid	0	0	reject	1	1	1	0	28495
yuzakf	core.signature-checking.multisig.m-of-3	invalid	0	0	reject	3	3	0	0	80024
yvefty	core.signature-checking.multisig.m-of-20	invalid	0	0	reject	20	20	0	0	524046
yvza59	core.signing-serialization	standard	1	1	accept	8	8	8	8	214130
yvzq3l	core.signing-serialization	standard	1	1	accept	8	8	8	8	215316
yw03ta	core.signing-serialization	invalid	0	0	reject	1	1	1	0	27891
ywp47q	core.data-signatures	standard	1	1	accept	1	1	1	1	27410
ywp6y2	core.signature-checking.multisig.pubkey-validation	invalid	0	0	reject	2	1	0	0	27698
yx3cw2	core.signing-serialization	invalid	0	0	reject	1	1	0	0	28578
yx466v	core.signature-checking.multisig.m-of-20	invalid	0	0	reject	20	2	1	0	59094
yxe5wd	core.signature-checking.multisig.m-of-3	invalid	0	0	reject	3	3	0	0	80539
yxex54	core.signature-checking.multisig.m-of-3	invalid	0	0	reject	3	2	0	0	54524
yxkq69	core.signing-serialization	standard	1	1	accept	4	4	4	4	108471
yxvux0	core.signature-checking.multisig.m-of-3	invalid	0	0	reject	3	2	0	0	54541
yyn9rp	core.signing-serialization	standard	1	1	accept	8	8	8	8	214130
yynzwh	core.signature-checking.multisig.m-of-3	invalid	0	0	reject	3	2	1	0	54510
yyt29m	core.signing-serialization	invalid	0	1	reject	4	4	0	0	107827
yytvyf	core.signature-checking.multisig.signing-serialization	standard	1	1	accept	3	3	3	3	80546
yz390j	core.signature-checking.multisig.m-of-3	invalid	0	0	reject	3	2	1	0	54517
yzrz3d	core.signing-serialization	standard	1	1	accept	4	4	4	4	108417
yzsxlm	core.signing-serialization	invalid	0	0	reject	3	1	0	0	29465
yzvsd5	core.signing-serialization	standard	1	1	accept	8	8	8	8	215382
z0s0w5	core.signing-serialization	standard	1	1	accept	4	4	4	4	108436
z24uvm	core.signing-serialization	invalid	0	0	reject	3	1	0	0	29489
z2afv6	core.signing-serialization	invalid	0	0	reject	1	1	1	0	27915
z2jxx6	core.signing-serialization	standard	1	1	accept	6	6	6	6	162668
z2ma9g	core.signature-checking.multisig.m-of-15	invalid	0	0	reject	15	1	1	0	30868
z2mpx6	core.signature-checking.multisig.m-of-15	invalid	0	0	reject	15	1	0	0	30862
z3jtap	core.signing-serialization	standard	1	1	accept	4	4	4	4	108441
z3pz5x	core.signature-checking.multisig.m-of-20	invalid	0	0	reject	20	2	1	0	59094
z3sdk0	core.signature-checking.multisig.signing-serialization	standard	1	1	accept	3	3	3	3	80546
z3vfnu	core.signing-serialization	standard	1	1	accept	8	8	8	8	215121
z40ar2	core.signature-checking.multisig.m-of-3	invalid	0	0	reject	3	2	1	0	54517
z425ca	core.signing-serialization	standard	1	1	accept	4	4	4	4	108881
z44x05	core.signing-serialization	standard	1	0	accept	2	1	4	4	28972
z4a47v	core.signing-serialization	standard	1	1	accept	4	4	4	4	109142
z4frfp	core.signature-checking.multisig.m-of-20	standard	1	0	accept	20	2	2	2	56855
z4zuy4	core.signing-serialization	invalid	0	0	reject	7	7	7	0	189151
z5djxr	core.signature-checking.multisig.m-of-3	invalid	0	0	reject	3	2	1	0	54510
z5v25w	core.signature-checking.multisig.signing-serialization	standard	1	0	accept	3	2	2	2	54534
z5xrra	core.signing-serialization	standard	1	1	accept	8	8	8	8	215092
z60nq7	core.signing-serialization	invalid	0	0	reject	1	1	0	0	28591
z6e3lq	core.data-signatures	standard	1	1	accept	1	1	1	1	27521
z78dvs	core.data-signatures	standard	1	1	accept	1	1	1	1	27426
z7eupq	core.signing-serialization	standard	1	1	accept	6	6	6	6	162668
z7uvz9	core.signature-checking.multisig.signing-serialization	standard	1	1	accept	3	3	3	3	80546
z7zn79	core.signature-checking.multisig.m-of-3	standard	1	0	accept	3	2	2	2	54534
z874t4	core.signing-serialization	standard	1	1	accept	4	4	4	4	108441
z8eard	core.signing-serialization	invalid	0	0	reject	1	1	1	0	27915
z8qrlq	core.signing-serialization	standard	1	1	accept	8	8	8	8	214359
z8uy6g	core.signing-serialization	standard	1	0	accept	1	1	4	4	28495
z8vuw9	core.signing-serialization	invalid	0	0	reject	7	7	7	0	188927
z9cst2	core.signing-serialization	invalid	0	0	reject	1	1	1	0	27881
z9etdh	core.signing-serialization	invalid	0	0	reject	7	7	0	0	189151
z9mad6	core.signing-serialization	invalid	0	0	reject	3	1	1	0	29393
zafazs	core.signing-serialization	invalid	0	0	reject	1	1	0	0	27891
zagelr	core.signing-serialization	invalid	0	0	reject	3	1	1	0	29369
zc3g62	core.signing-serialization	standard	1	0	accept	3	1	4	4	29369
zc564c	core.signing-serialization	standard	1	0	accept	1	1	4	4	28471
zc5nr6	core.signing-serialization	standard	1	1	accept	8	8	8	8	215340
zc8sy2	core.signing-serialization	invalid	0	1	reject	4	4	0	0	108665
zc9pqw	core.signing-serialization	standard	1	1	accept	6	6	6	6	161838
zccu5d	core.signing-serialization	invalid	0	1	reject	8	8	0	0	215345
zch3zf	core.signature-checking.multisig.m-of-3	invalid	0	0	reject	3	1	1	0	28025
zd4s4d	core.signing-serialization	invalid	0	1	reject	4	4	0	0	107792
zd9fza	core.signing-serialization	invalid	0	0	reject	3	1	1	0	29489
zd9xvv	core.signature-checking.multisig.m-of-3	invalid	0	0	reject	3	2	2	0	54534
zdg79w	core.signature-checking.multisig.signing-serialization	standard	1	1	accept	3	3	3	3	79784
zdg9wd	core.signing-serialization	standard	1	0	accept	2	1	4	4	28972
zdhjfq	core.signature-checking.multisig.signing-serialization	standard	1	1	accept	3	3	3	3	79784
zdhxl8	core.signature-checking.multisig.signing-serialization	standard	1	0	accept	3	2	2	2	54510
zdrgnu	core.signing-serialization	invalid	0	0	reject	1	1	1	0	28482
zdtvqx	core.signing-serialization	invalid	0	0	reject	1	1	0	0	27877
ze5w0k	core.signing-serialization	standard	1	0	accept	3	1	4	4	29393
ze6nhq	core.signing-serialization	standard	1	0	accept	2	1	4	4	28996
ze7jsp	core.signing-serialization	invalid	0	0	reject	2	1	0	0	29068
zeazmf	core.signing-serialization	standard	1	1	accept	4	4	4	4	108439
zehk00	core.signature-checking.multisig.m-of-3	invalid	0	0	reject	3	2	0	0	54516
zesx7z	core.signature-checking.multisig.m-of-3	invalid	0	0	reject	3	2	1	0	54517
zex39z	core.signing-serialization	standard	1	0	accept	1	1	4	4	28567
zf034z	core.data-signatures	standard	1	1	accept	1	1	1	1	26909
zf4ezh	core.signature-checking.multisig.m-of-3	invalid	0	0	reject	3	2	0	0	54522
zf7cg3	core.signature-checking.multisig.m-of-20	invalid	0	0	reject	20	20	0	0	527077
zf7rh8	core.signing-serialization	invalid	0	0	reject	1	1	1	0	27913
zf7vmu	core.signature-checking.multisig.m-of-15	invalid	0	0	reject	15	1	1	0	30886
zf9d7p	core.signature-checking.multisig.m-of-20	invalid	0	0	reject	20	2	1	0	59118
zffgg3	core.signature-checking.multisig.signing-serialization	standard	1	1	accept	3	3	3	3	80522
zfkaax	core.signing-serialization	invalid	0	0	reject	5	5	5	0	136269
zg42yg	core.signing-serialization	invalid	0	0	reject	1	1	0	0	28602
zg6u3u	core.signature-checking.multisig.m-of-3	invalid	0	0	reject	3	2	0	0	54547
zgfgm0	core.signing-serialization	standard	1	1	accept	4	4	4	4	107760
zgplw5	core.signature-checking.multisig.signing-serialization	standard	1	1	accept	3	3	3	3	80523
zgqgjx	core.signing-serialization	standard	1	1	accept	4	4	4	4	108412
zhc0lk	core.signing-serialization	invalid	0	0	reject	1	1	1	0	28567
zhmnrr	core.signing-serialization	standard	1	1	accept	8	8	8	8	214135
zhu0w6	core.data-signatures	standard	1	1	accept	1	1	1	1	27425
zhzpdl	core.data-signatures	standard	1	1	accept	1	1	1	1	27722
zj0zg4	core.signing-serialization	standard	1	0	accept	2	1	4	4	28972
zj2xd5	core.data-signatures	standard	1	1	accept	1	1	1	1	27545
zjv9dh	core.signature-checking.multisig.m-of-20	standard	1	0	accept	20	2	2	2	56855
zk0ckj	core.signing-serialization	standard	1	1	accept	6	6	6	6	161833
zkw08x	core.signing-serialization	invalid	0	0	reject	1	1	1	0	28482
zl2jdu	core.signature-checking.multisig.signing-serialization	standard	1	1	accept	3	3	3	3	79783
zl9wut	core.signing-serialization	standard	1	1	accept	4	4	4	4	107832
zlgs7t	core.signing-serialization	invalid	0	1	reject	4	4	0	0	109105
zm7kry	core.signing-serialization	invalid	0	1	reject	6	6	0	0	162700
zm7m3t	core.signature-checking.multisig.m-of-3	invalid	0	0	reject	3	2	0	0	54540
zme35x	core.signature-checking.multisig.signing-serialization	standard	1	0	accept	3	2	2	2	54510
zmr0pk	core.signing-serialization	standard	1	1	accept	4	4	4	4	108404
zndfsu	core.signature-checking.multisig.signing-serialization	standard	1	1	accept	3	3	3	3	80522
znjuve	core.signature-checking.multisig.m-of-3	invalid	0	0	reject	3	2	0	0	54541
znsthw	core.signature-checking.multisig.signing-serialization	standard	1	1	accept	3	3	3	3	80547
zny5rw	core.signature-checking.multisig.m-of-3	invalid	0	0	reject	3	2	0	0	54524
zp9avf	core.signing-serialization	standard	1	0	accept	1	1	4	4	28495
zpj7ex	core.signature-checking.multisig.signing-serialization	standard	1	0	accept	3	2	2	2	54510
zpj8nf	core.signing-serialization	invalid	0	0	reject	1	1	1	0	28495
zq0mcw	core.signature-checking.multisig.signing-serialization	standard	1	1	accept	3	3	3	3	79784
zq8xpq	core.signing-serialization	standard	1	1	accept	8	8	8	8	215121
zrlwk3	core.signing-serialization	standard	1	0	accept	2	1	4	4	29068
zs0dxl	core.signing-serialization	invalid	0	0	reject	1	1	1	0	28471
zs960a	core.signing-serialization	invalid	0	0	reject	1	1	0	0	28615
zscl2r	core.data-signatures	standard	1	1	accept	1	1	1	1	27407
zsrar7	core.signing-serialization	invalid	0	0	reject	1	1	1	0	27869
ztahkv	core.signing-serialization	standard	1	1	accept	4	4	4	4	108380
ztma0v	core.signing-serialization	invalid	0	0	reject	3	1	1	0	29489
ztuq9t	core.signature-checking.multisig.pubkey-validation	invalid	0	0	reject	2	1	0	0	27698
ztxpmv	core.data-signatures	standard	1	1	accept	1	1	1	1	27406
zu3aj2	core.signing-serialization	standard	1	0	accept	2	1	4	4	28996
zu9w49	core.signing-serialization	standard	1	1	accept	4	4	4	4	109577
zuuz69	core.signing-serialization	invalid	0	0	reject	1	1	1	0	27889
zuwqf6	core.signature-checking.multisig.signing-serialization	standard	1	1	accept	3	3	3	3	80522
zv2jdp	core.signature-checking.multisig.m-of-3	invalid	0	0	reject	3	2	0	0	54540
zv5rqx	core.signing-serialization	standard	1	1	accept	4	4	4	4	108380
zvkpdt	core.signing-serialization	standard	1	1	accept	4	4	4	4	108881
zwcu2k	core.signature-checking.multisig.signing-serialization	standard	1	0	accept	3	2	2	2	54534
zwcz7d	core.signature-checking.multisig.m-of-20	invalid	0	0	reject	20	2	1	0	59118
zwhfa3	core.signing-serialization	invalid	0	0	reject	3	1	1	0	29526
zx07wc	core.signing-serialization	standard	1	1	accept	8	8	8	8	214130
zx67vu	core.signature-checking.multisig.signing-serialization	standard	1	0	accept	3	2	2	2	54510
zxagdp	core.signing-serialization	standard	1	1	accept	8	8	8	8	214354
zxd4dl	core.signing-serialization	invalid	0	0	reject	1	1	0	0	28002
zxmgeq	core.signing-serialization	standard	1	0	accept	2	1	4	4	28996
zxnjr6	core.data-signatures	standard	1	1	accept	1	1	1	1	28433
zxyr0l	core.signing-serialization	standard	1	0	accept	2	1	4	4	29092
zy33pk	core.signature-checking.multisig.m-of-3	invalid	0	0	reject	3	2	0	0	54517
zy4eu7	core.signing-serialization	invalid	0	0	reject	3	1	1	0	29393
zy5pua	core.signature-checking.multisig.m-of-3	invalid	0	0	reject	3	2	0	0	54540
zyewcx	core.signing-serialization	standard	1	1	accept	8	8	8	8	214364
zyqzdl	core.signing-serialization	invalid	0	0	reject	1	1	0	0	27915
zz8z9z	core.signing-serialization	standard	1	1	accept	4	4	4	4	108380
zzxxpt	core.signing-serialization	standard	1	0	accept	3	1	4	4	29465
